feature_id,scope,module,category,feature_name,source_section,status,uat_status,ui_evidence,service_evidence,database_evidence,permission_evidence,test_evidence,primary_gap,secondary_gap,blocker_type,recommended_prompt_cluster,notes
NOTE-000,meta,META,SUPERSEDED,"SUPERSEDED FOR EXACT FEATURE COUNTING BY PROMPT 15",Prompt 15,UNVERIFIED,BLOCKED,,,,,,"This 288-row functional-area matrix is retained as forensic/research evidence only","The exact, individually-numbered 1,039-feature historical register was recovered externally after this file was written and is now canonical — see docs/implementation/ERP_EXACT_FEATURE_MATRIX_015.csv and docs/product/VERCENTLABS_ERP_EXACT_1039_MASTER_REGISTER.md",PRODUCT_DECISION,n/a,"Do not confuse this file's 288 functional-area rows with the 1,039 exact requirements. This file remains valid as repository research (real file paths, real evidence) and its historical conclusions are NOT rewritten — see ERP_EXACT_FEATURE_RECONCILIATION_015.md Section 27 for what changed and why once exact classification became possible."
NOTE-001,meta,META,METHODOLOGY,"Exact 1039-row historical feature register NOT found in repository",Part 42,UNVERIFIED,BLOCKED,,,,,,"No row-level named feature catalogue exists anywhere in the repo","The only candidate (docs/VERCENTLABS_ERP_12_MODULE_FEATURE_REGISTER.md) is a disqualified 236-item auto-generated scan with non-matching counts",PRODUCT_DECISION,n/a,"This CSV therefore contains the REAL functional-area inventory found via evidence-based code inspection (approx. 280 rows), not 1039 fabricated named rows. Each row carries catalogue_weight in notes where an estimate was given by the research pass. See ERP_FEATURE_RECONCILIATION_011.md Section 2-4 for full methodology and the CRITICAL SOURCE CHECK fallback this follows."
CRM-001,module,CRM,Accounts,Account and customer management,Part 10,COMPLETE,READY,"apps/web/src/app/(app)/crm/accounts/[id]/page.tsx",crm.js account CRUD + account-intelligence.js,crm_accounts,crm.accounts.*,crm-core.test.mjs,,,,23-24,
CRM-002,module,CRM,Accounts,"Account hierarchy, merge, 360 view, duplicates",Part 10,COMPLETE,READY,"api/crm/accounts/[id]/{hierarchy,merge,customer-360}",crm/account-intelligence.js (1450 lines),crm_accounts,crm.accounts.*,,,,,23-24,
CRM-003,module,CRM,Contacts,Contact management,Part 10,COMPLETE,READY,"crm/contacts",crm.js resource CRUD,crm_contacts,crm.contacts.*,,,,,23-24,"Prior auto-scan flagged this as Not found; confirmed real via direct code read"
CRM-004,module,CRM,Leads,"Lead capture, master, convert, merge, duplicates",Part 10,COMPLETE,READY,crm/leads,crm.js CRUD,crm_leads,crm.leads.*,field-visibility.test.mjs,,,,23-24,
CRM-005,module,CRM,Leads,Lead scoring and qualification,Part 10,COMPLETE,READY,,crm/lead-intelligence.js (deterministic weighted rules),crm_lead_intelligence,,,,"Rule-based, not real ML/AI despite UI 'AI' labelling",PRODUCT_DECISION,23-24,Do not overclaim as AI in any copy
CRM-006,module,CRM,Opportunities,Opportunity and pipeline management,Part 10,COMPLETE,READY,crm/opportunities,crm.js stage-history + playbook gating,crm_opportunity_stage_history,,,,,,23-24,
CRM-007,module,CRM,Forecasting,Sales forecasting,Part 10,COMPLETE,READY,,getCrmReport forecast,,,,,,,23-24,
CRM-008,module,CRM,Activities,"Activities, calls, meetings, tasks",Part 10,COMPLETE,READY,,crm_activities ownership scoping,crm_activities,,,,,,23-24,
CRM-009,module,CRM,Communications,Email/omnichannel communications,Part 10,COMPLETE,LIMITED,,crm/communications.js (1820 lines),,,,"Real providers need live credentials",,EXTERNAL_PROVIDER,23-24,Mock provider explicitly labelled non-production
CRM-010,module,CRM,Communications,Telephony and conversation intelligence,Part 10,COMPLETE,BLOCKED,crm/conversation-intelligence,crm/conversation-intelligence.js (949 lines),,,,,"Delivery worker (crm:provider-jobs) does not exist",SCHEDULER,13-16,
CRM-011,module,CRM,Campaigns,"Campaigns, target lists, segments, journeys, nurture",Part 10,COMPLETE,READY,,crm/marketing-execution.js (1490 lines),,,,,,,23-24,
CRM-012,module,CRM,Automation,CRM rule-based automation engine,Part 10,PARTIAL,LIMITED,/automation,crm.js runCrmAutomation,crm_automation_rules/runs,automation.view,,"Only 3 of 7 defined event types ever fire",,WORKFLOW,13-16,lead.updated/qualified/activity.overdue/campaign.member_responded never invoked anywhere
CRM-013,module,CRM,Customer success,Customer success dashboards,Part 10,COMPLETE,READY,,crm/customer-success.js (885 lines),,,,,,,23-24,
CRM-014,module,CRM,Partner,Partner/reseller engagement,Part 10,COMPLETE,READY,,crm/partner-engagement.js (507 lines),,,,,,,23-24,
CRM-015,module,CRM,Privacy,"Privacy, consent, retention",Part 10,COMPLETE,READY,/compliance/retention,crm/account-intelligence.js privacy tables,,,,,,,23-24,
CRM-016,module,CRM,Capture,Public lead capture forms,Part 10,COMPLETE,LIMITED,api/crm/public/capture/[key],HMAC-signed + honeypot,,,crm-public-capture.test.mjs,No rate limiting on public endpoint (confirmed still true from Prompt 1),,AUTHORIZATION,23-24,Security gap flagged in Prompt 1 Section 12
CRM-017,module,CRM,Access control,Per-record ownership scoping (leads/opportunities/activities),Part 10,COMPLETE,LIMITED,,crm.js recordScope()/canViewAllCrmRecords(),,crm.records.view_all,crm-record-scope.test.mjs (290 lines),"crm.records.view_all permission is referenced by 7 role templates but NEVER inserted into the permissions table by any migration - CONFIRMED LIVE: 0 rows in permissions table, 0 rows in role_permissions","This breaks org onboarding transaction (FK violation, no try/catch) for any org that seeds one of those 7 roles",AUTHORIZATION,12,"P0 CONFIRMED LIVE BUG - see Section 23/32 of reconciliation report. Must be fixed in Prompt 12 before anything else."
CRM-018,module,CRM,AI,AI-intelligence (deal risk/next-best-action/relationship),Part 10,COMPLETE,READY,,crm/ai-intelligence.js (deterministic formulas + template drafting),,,,"No real ML/AI - confirms Prompt 1 finding",,PRODUCT_DECISION,23-24,Not a gap; a documentation-accuracy note only
CRM-019,module,CRM,Mobile,Offline sync (mobile),Part 10,COMPLETE,READY,,crm/offline-sync.js (463 lines),,,,,,,23-24,
CRM-020,module,CRM,Reports,CRM dashboards and 14 report types,Part 10,COMPLETE,READY,/crm/reports,getCrmDashboard/getCrmReport,,crm.reports.view,,,,,23-24,
SALES-001,module,Sales,Catalogue,Product/service catalogue and pricing rules,Part 11,COMPLETE,READY,,sales/index.js previewSalesDocument pricing engine,sales_pricing_rules,,,,,,25-28,
SALES-002,module,Sales,Quotations,"Quotation creation, revision, approval, versions",Part 11,COMPLETE,READY,,createQuotation/reviseQuotation/approveQuotation,sales_quotation_versions,,,,,,25-28,
SALES-003,module,Sales,Quotations,Public customer acceptance/rejection,Part 11,COMPLETE,READY,,resolvePublicQuoteToken/recordPublicQuoteDecision,sales_quote_decisions,,,,,,25-28,
SALES-004,module,Sales,Orders,Sales order creation and 9-action lifecycle,Part 11,COMPLETE,READY,,confirmSalesOrder + lockOrder,,,,,,,25-28,
SALES-005,module,Sales,Orders,Credit limit and credit hold enforcement,Part 11,COMPLETE,READY,,real exposure calc vs business_parties.credit_limit,,sales.credit.override,,,,,25-28,"Deeper than prior audit suggested - genuinely real"
SALES-006,module,Sales,Orders,Generic order hold placement,Part 11,COMPLETE,LIMITED,,placeOrderHold,,,,,,,25-28,
SALES-007,module,Sales,Orders,Order hold RELEASE,Part 11,UI_ONLY,NOT_READY,"sales-document-actions.tsx:7 button has literal disabled attribute, no onClick",releaseOrderHold fully implemented and routed,,,,"Button is permanently disabled/decorative - user cannot release a hold via UI",,UI,25-28,"Backend complete, UI is a confirmed dead control"
SALES-008,module,Sales,Orders,Amendment/revision workflow,Part 11,COMPLETE,READY,,amendSalesOrder/approveSalesOrderAmendment,,,,,,,25-28,
SALES-009,module,Sales,Fulfillment,Inventory reservation,Part 11,FOUNDATION_ONLY,NOT_READY,,reserveSalesOrderLines (Sales-local bookkeeping only),sales_order_line_progress.reserved_quantity,,,"Never touches tenant.stock_reservations - confirmed zero Stock-module references",no UI trigger,INTEGRATION,25-28,"Sales 'reservation' has zero effect on real inventory availability"
SALES-010,module,Sales,Fulfillment,"Pick, pack, ship fulfilment",Part 11,PARTIAL,LIMITED,,createFulfillmentRequest/completeFulfillmentRequest,sales_order_line_progress.fulfilled_quantity,,,"Never creates stock_movements row - Sales-local only",,INTEGRATION,25-28,
SALES-011,module,Sales,Fulfillment,Backorders,Part 11,MISSING,NOT_READY,,,,,,"No backorder concept anywhere in Sales code",,PRODUCT_DECISION,25-28,
SALES-012,module,Sales,Fulfillment,Make-to-order / drop ship,Part 11,MISSING,NOT_READY,,,,,,Not modeled,,PRODUCT_DECISION,25-28,
SALES-013,module,Sales,Fulfillment,Recurring orders / subscriptions,Part 11,MISSING,NOT_READY,,,,,,"Not modeled (platform's own Razorpay billing is unrelated)",,PRODUCT_DECISION,25-28,
SALES-014,module,Sales,Returns,"Returns, RMA, exchange, refund",Part 11,FOUNDATION_ONLY,NOT_READY,,"createSalesReturnRequest (validated, real)",sales_return_requests,,,"No consumer anywhere - no Accounting credit note, no Stock receipt; also no UI control",,INTEGRATION,25-28,"Fully unreachable by a normal user, produces no downstream business effect even via API"
SALES-015,module,Sales,Returns,Credit/debit notes,Part 11,PARTIAL,LIMITED,,accounting generic credit_note type exists,,,,"Nothing bridges a Sales return to an actual credit note",,INTEGRATION,25-28,
SALES-016,module,Sales,Billing,Invoice handoff to Accounting,Part 11,COMPLETE,READY,api/accounting/receivables/sales-requests/[id]/import,createInvoiceFromSalesRequest (real consumer),sales_invoice_requests,,,"Manual pull (two-step request+import), not automatic same-transaction",,WORKFLOW,25-28,"Genuine validated handoff, not just a link - stronger than assumed"
SALES-017,module,Sales,Analytics,"Sales dashboards, targets, profitability/margin",Part 11,COMPLETE,READY,/sales/reports,getSalesDashboard/getSalesReport,,sales.margin.view,,,,,25-28,
SALES-018,module,Sales,CPQ,CPQ / advanced pricing / contracts,Part 11,PARTIAL,LIMITED,,rules-based pricing engine only,,,,"No product configurator, no contract-pricing entity, no subscription pricing",,PRODUCT_DECISION,25-28,
SALES-019,module,Sales,Omnichannel,Marketplace / omnichannel,Part 11,MISSING,NOT_READY,,,,,,Not modeled,,PRODUCT_DECISION,25-28,
SALES-020,module,Sales,Cross-module,CRM opportunity to Sales quotation,Part 11,COMPLETE,READY,,getSalesOptions prefills quotation lines from opportunity,,,,,,,25-28,"Positive finding - real and strong"
PROC-001,module,Procurement,Suppliers,"Supplier master, identity, banking",Part 12,COMPLETE,READY,procurement-workspace.tsx,index.js field-sensitivity gating,procurement_suppliers,procurement.suppliers.sensitive,,,,,29-32,
PROC-002,module,Procurement,Suppliers,Supplier lifecycle state machine,Part 12,COMPLETE,READY,,version-locked transitions,,,,,,,29-32,
PROC-003,module,Procurement,Suppliers,"Onboarding sites, qualifications, certifications",Part 12,PARTIAL,LIMITED,,child dispatcher (CHILDREN.suppliers),,,,No dedicated UI - only generic child API,,UI,29-32,
PROC-004,module,Procurement,Suppliers,Supplier risk and performance scorecards,Part 12,PARTIAL,LIMITED,,evaluateSupplierScore() weighted calc,,,,No UI to enter scorecards,,UI,29-32,
PROC-005,module,Procurement,Suppliers,Supplier portal,Part 12,FOUNDATION_ONLY,NOT_READY,,,procurement_portal_users,procurement.supplier_portal.manage,,No supplier-facing auth surface/UI exists anywhere,,UI,29-32,
PROC-006,module,Procurement,Requisitions,Requisitions create/lines/approve,Part 12,COMPLETE,READY,procurement-workspace.tsx,normalizeDocument requisitions case,,,,,,,29-32,
PROC-007,module,Procurement,Budget,Budget checks,Part 12,MISSING,NOT_READY,,,,,,"No budget table, no ceiling check anywhere",,DATABASE,29-32,
PROC-008,module,Procurement,Catalogue,Catalogue / catalog requests,Part 12,FOUNDATION_ONLY,NOT_READY,,,procurement_catalogs/catalog_items,,,"Zero UI - not in DEFINITIONS, no route folder",,UI,29-32,
PROC-009,module,Procurement,Sourcing,RFQ / sourcing event creation,Part 12,COMPLETE,READY,sourcing/ route,normalizeDocument sourcing-events,,,,,,,29-32,
PROC-010,module,Procurement,Sourcing,"Bids, invitations, evaluations",Part 12,FOUNDATION_ONLY,NOT_READY,,CHILDREN[sourcing-events] real CRUD,,,,No UI at all - cleanRecord() explicitly filters out arrays hiding these,,UI,29-32,
PROC-011,module,Procurement,Sourcing,Negotiations,Part 12,MISSING,NOT_READY,,,,,,No negotiation-round concept anywhere,,PRODUCT_DECISION,29-32,
PROC-012,module,Procurement,Sourcing,Award / selection,Part 12,UI_ONLY,NOT_READY,"window.prompt('Selected bid ID')",awardSourcingEvent() genuinely sophisticated backend,,,,UI trigger is a raw browser prompt requiring a UUID nobody can see,,UI,29-32,"Backend real, UI is a joke-grade placeholder"
PROC-013,module,Procurement,Orders,Purchase order create/approve/dispatch/acknowledge,Part 12,COMPLETE,READY,orders/ route,full state machine,,,,,,,29-32,
PROC-014,module,Procurement,Orders,"Service PO, blanket/contract/scheduled PO",Part 12,PARTIAL,LIMITED,,agreements resource covers generically,purchase_order_schedules,,,No differentiation of agreement subtype; schedules have no UI,,UI,29-32,
PROC-015,module,Procurement,Orders,Drop ship,Part 12,MISSING,NOT_READY,,,,,,Not modeled,,PRODUCT_DECISION,29-32,
PROC-016,module,Procurement,Orders,PO amendments,Part 12,COMPLETE,READY,,amendPurchaseOrder + rollback on rejection,,,,,,,29-32,
PROC-017,module,Procurement,Orders,Delivery schedule,Part 12,PARTIAL,LIMITED,,,purchase_order_schedules,,,No UI to create/view schedules,,UI,29-32,
PROC-018,module,Procurement,Receiving,Receiving / GRN with over-receipt prevention,Part 12,COMPLETE,READY,receipts/ route,applyReceiptToOrder(),,,,,,,29-32,
PROC-019,module,Procurement,Receiving,Receiving updates Stock,Part 12,MISSING,NOT_READY,,,,,,"Confirmed: zero references to stock_movements/stock_balances in procurement code - receiving has no effect on physical inventory",,INTEGRATION,29-32,Major cross-module gap
PROC-020,module,Procurement,Quality,Quality inspection linkage,Part 12,MISSING,NOT_READY,,,,,,"inspectionAccepted checked in matching but never set anywhere - dead logic branch",,INTEGRATION,29-32,Four-way matching mode will always flag exception
PROC-021,module,Procurement,Returns,Returns (RTV),Part 12,PARTIAL,LIMITED,,full resource config + transitions,,,,No UI - backend only,,UI,29-32,
PROC-022,module,Procurement,Matching,"Invoice matching (2/3/4-way)",Part 12,COMPLETE,READY,matching/page.tsx,runProcurementMatch() sophisticated,,,,4-way mode broken due to PROC-020,,,29-32,
PROC-023,module,Procurement,Matching,Matched invoice to Accounting vendor bill,Part 12,COMPLETE,READY,,importProcurementMatchAsVendorBill() real+idempotent,,,,Manual trigger only,,,29-32,
PROC-024,module,Procurement,Analytics,Reporting (12 real SQL reports),Part 12,COMPLETE,READY,reports/page.tsx,REPORT_SQL,,,,,,,29-32,
PROC-025,module,Procurement,Sourcing,Advanced sourcing (multi-round/auction),Part 12,MISSING,NOT_READY,,,,,,eventType accepts auction as a label only,,PRODUCT_DECISION,29-32,
PROC-026,module,Procurement,Governance,Governance/control-tower dashboard,Part 12,COMPLETE,READY,governance/page.tsx,governance.js (942 lines),,,,,,,29-32,
PROC-027,module,Procurement,Settings,Settings page,Part 12,UI_ONLY,NOT_READY,"procurement/settings/page.tsx renders 6 hardcoded 'Governed' badges",,,,,Not backed by any query - cosmetic,,UI,29-32,
STOCK-001,module,Stock,Item master,"Item master, HSN/SAC, valuation method",Part 13,COMPLETE,READY,master-data-catalogue.tsx,,items,,,,,,33-38,
STOCK-002,module,Stock,Item master,Variants,Part 13,MISSING,NOT_READY,,,,,,No variant/attribute table found,,DATABASE,33-38,
STOCK-003,module,Stock,Item master,UOM and conversions,Part 13,COMPLETE,READY,,,units_of_measure/item_uom_conversions,,,,,,33-38,
STOCK-004,module,Stock,Item master,Barcode / QR,Part 13,PARTIAL,LIMITED,,,items.barcode unique index,,,No QR-specific field/scan flow; no scanning UI,,MOBILE_WEB,33-38,
STOCK-005,module,Stock,Traceability,Lots/batches,Part 13,FOUNDATION_ONLY,NOT_READY,,,stock_batches,,,Zero code anywhere inserts into stock_batches - table permanently empty,,DATABASE,33-38,
STOCK-006,module,Stock,Traceability,Serials,Part 13,FOUNDATION_ONLY,NOT_READY,,,stock_serials,,,Same as batches - no INSERT anywhere,,DATABASE,33-38,
STOCK-007,module,Stock,Traceability,Expiry tracking,Part 13,MISSING,NOT_READY,,,stock_batches.expires_on,,,Never read/queried; no FEFO logic; batches cannot be created anyway,,DATABASE,33-38,
STOCK-008,module,Stock,Warehouses,Warehouses (7 real types),Part 13,COMPLETE,READY,master-data-catalogue.tsx,,warehouses,,,,,,33-38,
STOCK-009,module,Stock,Warehouses,"Zones, aisles, racks, bins",Part 13,PARTIAL,LIMITED,master-data-catalogue.tsx,,warehouse_locations hierarchy,,,"Real CRUD exists, but movement/balance flows only use a flat location_id - no real put-away/slotting algorithm",,SERVICE,33-38,
STOCK-010,module,Stock,Movements,"Inventory movements (receipt/issue/adjustment)",Part 13,COMPLETE,LIMITED,,postStockMovement() row-locked+moving-average,,,,No UI exists to invoke it - API-only,,UI,33-38,
STOCK-011,module,Stock,Movements,Reservations,Part 13,FOUNDATION_ONLY,NOT_READY,,,stock_reservations,,,"No service function in Stock module creates/releases a reservation",,SERVICE,33-38,
STOCK-012,module,Stock,Movements,Adjustments,Part 13,PARTIAL,LIMITED,,generic movementType=adjustment,,stock.adjust,,No dedicated UI form,,UI,33-38,
STOCK-013,module,Stock,Movements,Opening stock,Part 13,PARTIAL,LIMITED,,generic receipt movement,,,,No dedicated opening-balance flow/UI,,UI,33-38,
STOCK-014,module,Stock,Movements,Transfers create/complete,Part 13,COMPLETE,LIMITED,,createStockTransfer/completeStockTransfer atomic,,,,No UI form,,UI,33-38,
STOCK-015,module,Stock,WMS,"Receiving, put-away, picking, packing, dispatch, cross-dock, kitting",Part 13,MISSING,NOT_READY,,,,,,Not modeled beyond raw movement/transfer primitives,,SERVICE,33-38,
STOCK-016,module,Stock,Planning,"Reorder, safety stock, EOQ, demand",Part 13,PARTIAL,LIMITED,,low-stock count on dashboard,stock_reorder_rules,,,No EOQ calc/demand forecasting/auto-PO trigger; rule table has no UI,,SERVICE,33-38,
STOCK-017,module,Stock,Planning,ATP/CTP,Part 13,MISSING,NOT_READY,,ad hoc quantity-reserved subtraction only inside POS,,,,No cross-order/cross-time CTP logic; not a Stock service function,,SERVICE,33-38,
STOCK-018,module,Stock,Planning,Cycle count / physical stock,Part 13,MISSING,NOT_READY,,,stock_movements movement_type allows 'count',,,No function ever creates a count-type movement; no count-sheet workflow,,SERVICE,33-38,
STOCK-019,module,Stock,Planning,ABC/XYZ classification,Part 13,MISSING,NOT_READY,,,,,,Not modeled,,DATABASE,33-38,
STOCK-020,module,Stock,Valuation,"Valuation (moving average / FIFO)",Part 13,PARTIAL,LIMITED,,postStockMovement only implements moving-average math,stock_settings.costing_method allows fifo,,,Selecting FIFO silently still uses moving-average logic,,SERVICE,33-38,Correctness risk
STOCK-021,module,Stock,Valuation,Landed cost,Part 13,MISSING,NOT_READY,,,,,,No landed-cost allocation table/logic,,DATABASE,33-38,
STOCK-022,module,Stock,Valuation,Stock ledger / valuation layers,Part 13,PARTIAL,LIMITED,,written on every movement,stock_valuation_layers,,,"Written but never read/queried anywhere - no FIFO consumption, no report uses it",,REPORTING,33-38,
STOCK-023,module,Stock,Analytics,Dashboard (4 metrics),Part 13,PARTIAL,LIMITED,stock-dashboard.tsx,,,,,Only 4 metrics; no trend/valuation breakdown/turnover,,REPORTING,33-38,
STOCK-024,module,Stock,Advanced,Advanced WMS/RFID/IoT,Part 13,MISSING,NOT_READY,,,,,,Not modeled - expected at this maturity stage,,PRODUCT_DECISION,33-38,
STOCK-025,module,Stock,Cross-module,Manufacturing writes to Stock balances,Part 13,PARTIAL,NOT_READY,,manufacturing/index.js forks own postStockMovement,,,,"Never updates stock_balances - only 3 stock_balances hits, all SELECTs",,INTEGRATION,12,"P0-adjacent data-integrity bug - fix alongside crm.records.view_all in Prompt 12"
STOCK-026,module,Stock,Cross-module,POS writes to Stock balances,Part 13,PARTIAL,NOT_READY,,point-of-sale/index.js forks own postStockMovement,,,,"Same bug - inserts stock_movements, never writes stock_balances",,INTEGRATION,12,"POS sales never actually decrement on-hand stock - P0-adjacent, fix in Prompt 12"
STOCK-027,module,Stock,UX,No UI to invoke movement/transfer routes,Part 13,UI_ONLY,NOT_READY,,"routes exist (/api/stock/movements,/transfers)",,,,Zero client code calls these routes anywhere in apps/web,,UI,33-38,
MFG-001,module,Manufacturing,Engineering,Product engineering / item link,Part 20,FOUNDATION_ONLY,NOT_READY,,,manufacturing_boms.item_id FK,,,No product-engineering UI/logic beyond FK reference,,UI,39-46,
MFG-002,module,Manufacturing,BOM,BOM create/activate (single-level),Part 20,PARTIAL,LIMITED,,createBillOfMaterial/activateBillOfMaterial,,manufacturing.routing.manage,,No UI form - API-only,,UI,39-46,
MFG-003,module,Manufacturing,BOM,Multi-level BOM explosion,Part 20,MISSING,NOT_READY,,,,,,No self-reference to another BOM; no explosion logic,,SERVICE,39-46,
MFG-004,module,Manufacturing,Routing,"Routings, work centers",Part 20,MISSING,NOT_READY,,,manufacturing_routings/routing_operations/work_centers (full schema),manufacturing.routing.manage,,"Zero application code creates/updates a routing or work center - permission exists, implementation does not",,SERVICE,39-46,
MFG-005,module,Manufacturing,Capacity,Work center capacity planning,Part 20,MISSING,NOT_READY,,,capacity_per_day/efficiency_percent/calendar columns exist,,,No code ever reads/aggregates these,,SERVICE,39-46,
MFG-006,module,Manufacturing,Planning,MRP,Part 20,FOUNDATION_ONLY,NOT_READY,,,manufacturing_planning_runs/material_requirements,manufacturing.planning.run,,Zero application code writes to either table - no MRP run ever executes,,SERVICE,39-46,Pure dead schema
MFG-007,module,Manufacturing,Production,Production orders (work orders) create/release/start,Part 20,PARTIAL,LIMITED,,createWorkOrder/releaseWorkOrder/startWorkOrder real+transactional,,,,No UI - API-only,,UI,39-46,
MFG-008,module,Manufacturing,Shop floor,Job cards / shop-floor execution,Part 20,PARTIAL,NOT_READY,,work_order_operations generated at WO creation,,,,"Nothing ever transitions an operation to completed - this makes the production-posting completion gate PERMANENTLY BLOCKING once a routing is attached",,SERVICE,39-46,Real bug worth immediate attention within cluster
MFG-009,module,Manufacturing,Materials,Materials issue / backflush,Part 20,PARTIAL,LIMITED,,postProduction real shortage validation+stock postings,manufacturing_settings.backflush_materials flag,,,backflush_materials setting is read nowhere - dead toggle,,SERVICE,39-46,
MFG-010,module,Manufacturing,Materials,Scrap,Part 20,MISSING,NOT_READY,,,quantity_scrapped column + scrap posting_type,manufacturing.scrap.post,,No code ever writes quantity_scrapped or posts a scrap-type posting,,SERVICE,39-46,
MFG-011,module,Manufacturing,Traceability,Lots/serials traceability,Part 20,PARTIAL,LIMITED,,batch_id/serial_id flow through movements,,,,No lot/serial genealogy report or query,,REPORTING,39-46,
MFG-012,module,Manufacturing,Quality,Quality linkage,Part 20,MISSING,NOT_READY,,,,,,No FK/reference from manufacturing tables to any quality_* table,,INTEGRATION,39-46,
MFG-013,module,Manufacturing,Maintenance,Maintenance linkage (equipment),Part 20,MISSING,NOT_READY,,,,,,No FK from work_centers to asset_maintenance_orders/assets,,INTEGRATION,39-46,
MFG-014,module,Manufacturing,Costing,Costing engine,Part 20,FOUNDATION_ONLY,NOT_READY,,,manufacturing_cost_snapshots (full schema),manufacturing.costing.view,,Zero code writes to this table - no costing computation exists anywhere,,SERVICE,39-46,Pure dead schema
MFG-015,module,Manufacturing,Costing,Variance analysis,Part 20,MISSING,NOT_READY,,,,,,No variance query/report found,,REPORTING,39-46,
MFG-016,module,Manufacturing,Analytics,Dashboard (WO counts + shortage join),Part 20,PARTIAL,LIMITED,manufacturing-dashboard.tsx,getManufacturingDashboard real SQL,,,,"Limited to 4 KPI tiles, no drill-down",,REPORTING,39-46,
MFG-017,module,Manufacturing,Subcontracting,Subcontracting,Part 20,FOUNDATION_ONLY,NOT_READY,,,routing_operations.subcontracted flag exists,,,"Flag set nowhere, read nowhere - no subcontract PO/receipt flow",,SERVICE,39-46,
MFG-018,module,Manufacturing,Advanced,APS / Industry 4.0 / IoT,Part 20,MISSING,NOT_READY,,,,,,No evidence anywhere,,PRODUCT_DECISION,39-46,
MFG-019,module,Manufacturing,Cross-module,Manufacturing to Stock (production posting),Part 20,COMPLETE,LIMITED,,postProduction real+idempotent+atomic stock movement,,,,Strongest cross-module path of the three modules,,,39-46,"Positive finding, but see STOCK-025 (balance not updated)"
PROJ-001,module,Projects,Projects,Project CRUD/lifecycle state machine,Part 19,PARTIAL,LIMITED,,createProject/transitionProject real,,,,No UI to create a project or trigger a transition - API-only,,UI,47-51,
PROJ-002,module,Projects,Milestones,Milestones create,Part 19,MISSING,NOT_READY,,,project_milestones (full schema),projects.milestones.manage,,No createMilestone/update function exists in the service at all,,SERVICE,47-51,Dashboard claims capability that does not exist
PROJ-003,module,Projects,Tasks,Task creation,Part 19,PARTIAL,LIMITED,,createProjectTask real,,,,No UI,,UI,47-51,
PROJ-004,module,Projects,Tasks,Task dependencies,Part 19,FOUNDATION_ONLY,NOT_READY,,,project_task_dependencies (4 dependency types),,,No code ever creates a dependency row - dead table,,SERVICE,47-51,
PROJ-005,module,Projects,Resourcing,Resource allocation,Part 19,FOUNDATION_ONLY,NOT_READY,,,project_members allocation_percent/cost_rate/bill_rate,,,Only written implicitly as PM auto-assignment side effect,,SERVICE,47-51,
PROJ-006,module,Projects,Time,Time tracking entry,Part 19,COMPLETE,READY,,createTimeEntry real,,,,,,,47-51,
PROJ-007,module,Projects,Time,Time entry approval,Part 19,COMPLETE,BLOCKED,,approveTimeEntry real+self-approval-blocked,,,,"Implemented in service, zero routes wired to it anywhere in apps/web",,UI,47-51,Orphaned at route layer not service layer
PROJ-008,module,Projects,Expenses,Expense entry,Part 19,MISSING,NOT_READY,,,project_expenses (full schema),projects.expense.enter/approve,,No createExpense function exists in the service at all,,SERVICE,47-51,
PROJ-009,module,Projects,Billing,Billing/financial integration (milestones to Accounting),Part 19,FOUNDATION_ONLY,NOT_READY,,,project_billing_milestones w/ accounting_customer_invoice_id FK,projects.billing.manage,,"No function creates/transitions/posts a billing milestone - UI-copy promise with zero backing implementation",,SERVICE,47-51,
PROJ-010,module,Projects,Budgets,Budget create/approve,Part 19,MISSING,NOT_READY,,,"project_budgets (full schema, versioned)",projects.budget.manage,,No create/approve function in the service,,SERVICE,47-51,
PROJ-011,module,Projects,Collaboration,Collaboration (comments/mentions/attachments),Part 19,MISSING,NOT_READY,,,,,,No table or code found under this module,,DATABASE,47-51,
PROJ-012,module,Projects,Governance,Self-approval blocks and audit trail,Part 19,COMPLETE,READY,,project_events append-only,,,,,,,47-51,
PROJ-013,module,Projects,Analytics,Profitability calculation,Part 19,COMPLETE,LIMITED,/profitability route,getProjectProfitability real aggregation,project_profitability_snapshots,,,"Math correct but expense/billed-revenue inputs structurally unreachable since PROJ-008/PROJ-009 have no write path",,SERVICE,47-51,
PROJ-014,module,Projects,Analytics,Portfolio dashboard,Part 19,PARTIAL,LIMITED,,getProjectsDashboard real SQL,,,,"Single dashboard view, no cross-project resource/capacity rollup",,REPORTING,47-51,
PROJ-015,module,Projects,Cross-module,Procurement links to profitability,Part 19,FOUNDATION_ONLY,NOT_READY,,,project_procurement_links,,,"Table exists, read by profitability calc, but no code populates it",,INTEGRATION,47-51,
ASSET-001,module,Assets,Register,Asset register / categories create,Part 18,PARTIAL,LIMITED,,createManagedAssetCategory/createManagedAsset real,,,,No UI create form - API-only,,UI,52-56,
ASSET-002,module,Assets,Acquisition,Acquisition linkage (PO/receipt/vendor bill),Part 18,PARTIAL,LIMITED,,accepted as free-form input,,,,Not validated against real Procurement/Accounting records,,INTEGRATION,52-56,
ASSET-003,module,Assets,Capitalization,Capitalization with self-approval block,Part 18,COMPLETE,LIMITED,,capitalizeManagedAsset real+governed,,,,"API-only, no UI",,UI,52-56,
ASSET-004,module,Assets,Assignment,Assignment / custody,Part 18,COMPLETE,LIMITED,,assignAsset auto-returns prior assignment,,,,"API-only, no UI",,UI,52-56,
ASSET-005,module,Assets,Transfers,Transfers,Part 18,MISSING,NOT_READY,,,asset_transfers (full schema),assets.transfer,,No createTransfer/approveTransfer function exists at all,,SERVICE,52-56,Worse than prior audit's read-only characterization
ASSET-006,module,Assets,Depreciation,Depreciation (operational Assets module),Part 18,MISSING,NOT_READY,,,asset_depreciation_schedules/runs (full schema),assets.depreciate/accounting.handoff,,Zero code anywhere writes to either depreciation table,,SERVICE,52-56,"Distinct from Accounting's real fixed-asset engine - see ACC matrix"
ASSET-007,module,Assets,Maintenance,Maintenance order create/complete,Part 18,PARTIAL,LIMITED,,createMaintenanceOrder real; completeMaintenanceOrder real but,,,,completeMaintenanceOrder has no route wired anywhere in apps/web,,UI,52-56,Order can be opened but never closed through the product
ASSET-008,module,Assets,Maintenance,Maintenance parts consumption,Part 18,MISSING,NOT_READY,,,asset_maintenance_parts.stock_movement_id FK,,,"Completely orphaned - zero references anywhere in services/api/src, contradicts prior audit's characterization",,INTEGRATION,52-56,Most orphaned single table found across all 3 modules
ASSET-009,module,Assets,Maintenance,Preventive maintenance scheduling,Part 18,FOUNDATION_ONLY,NOT_READY,,,"asset_maintenance_plans (real, dashboard queries it)",,,No function creates or updates a maintenance plan,,SERVICE,52-56,Dashboard can display a due-count that can never be populated
ASSET-010,module,Assets,Inspections,Inspections,Part 18,MISSING,NOT_READY,,,asset_inspections (full schema),assets.inspect,,"No create function exists - no way to seed a single inspection record",,SERVICE,52-56,
ASSET-011,module,Assets,Inspections,Calibration,Part 18,MISSING,NOT_READY,,,inspection_type enum includes calibration,,,Same gap as inspections generally,,SERVICE,52-56,
ASSET-012,module,Assets,Allocation,Department/cost-center allocation,Part 18,PARTIAL,LIMITED,,side effect of assignAsset only,,,,No standalone allocation/reallocation workflow,,SERVICE,52-56,
ASSET-013,module,Assets,Disposal,Disposal with gain/loss + self-approval block,Part 18,COMPLETE,LIMITED,,disposeManagedAsset real,,,,"API-only, no UI; also no GL posting",,UI,52-56,
ASSET-014,module,Assets,Analytics,Dashboard,Part 18,PARTIAL,LIMITED,assets-dashboard.tsx,getAssetsDashboard real aggregation,,,,"Single dashboard, no drill-down/trend",,REPORTING,52-56,
ASSET-015,module,Assets,Cross-module,Assets to Accounting GL handoff,Part 18,MISSING,BLOCKED,,,disposals.accounting_journal_id / depreciation_runs.accounting_batch_id never populated,assets.accounting.handoff,,disposeManagedAsset never posts a GL entry despite dedicated permission and FK columns,,INTEGRATION,77-79,
POS-001,module,Point of Sale,Checkout,Sell/checkout backend,Part 17,COMPLETE,LIMITED,,completePointOfSale real+atomic+idempotent,,,,No UI form exists,,UI,57-61,
POS-002,module,Point of Sale,Checkout,Sell/checkout UI,Part 17,UI_ONLY,NOT_READY,"[resource]/page.tsx checkout renders only static text",,,,,"Cashier cannot ring up a sale through the app at all",,UI,57-61,POS's own page literally tells the user to use the API directly
POS-003,module,Point of Sale,Products,Products/catalog,Part 17,MISSING,NOT_READY,,,,,,No POS-specific product/catalog layer or barcode field,,DATABASE,57-61,
POS-004,module,Point of Sale,Payments,Payments (multi-method),Part 17,COMPLETE,LIMITED,,pos_payments atomic capture,,,,Same UI gap as checkout,,UI,57-61,
POS-005,module,Point of Sale,Receipts,Receipt generation,Part 17,PARTIAL,LIMITED,,receipt_number generated/unique,,,,No PDF/print rendering or receipt-view route,,UI,57-61,
POS-006,module,Point of Sale,Cash,Cash management (open/close/reconcile),Part 17,COMPLETE,LIMITED,,openShift/closeShift FOR UPDATE locking,,,,paid_in/paid_out has no creation function despite type existing,,SERVICE,57-61,
POS-007,module,Point of Sale,Shifts,Shifts,Part 17,COMPLETE,LIMITED,,openShift/closeShift real,,,,UI gap only,,UI,57-61,
POS-008,module,Point of Sale,Registers,Registers/terminals,Part 17,COMPLETE,LIMITED,,createTerminal real,terminal_key_hash column,,,No hardware-pairing flow despite hash column existing,,SERVICE,57-61,
POS-009,module,Point of Sale,Returns,Returns,Part 17,PARTIAL,LIMITED,,createPointOfSaleReturn real+approval-gated,,,,"Self-approval flag stored but not enforced; restock does not actually post a stock movement - inventory not truly reversed",,SERVICE,57-61,Correctness risk
POS-010,module,Point of Sale,Discounts,Discounts,Part 17,FOUNDATION_ONLY,LIMITED,,raw discountAmount per line,,pos.price.override,,"No governed discount engine, just a free-text amount",,SERVICE,57-61,
POS-011,module,Point of Sale,Promotions,Promotions,Part 17,MISSING,NOT_READY,,,,,,Zero references to promotion/coupon anywhere,,DATABASE,57-61,
POS-012,module,Point of Sale,Loyalty,Loyalty,Part 17,MISSING,NOT_READY,,,,,,No loyalty tables/columns/code anywhere,,DATABASE,57-61,
POS-013,module,Point of Sale,Hardware,Hardware/barcode/printer,Part 17,MISSING,NOT_READY,,,,,,Zero hits for barcode/printer/scanner/hardware,,MOBILE_WEB,57-61,
POS-014,module,Point of Sale,Offline,Offline behavior,Part 17,MISSING,NOT_READY,,,,,,"No service worker, IndexedDB, or offline-queue code found",,MOBILE_WEB,57-61,
POS-015,module,Point of Sale,Analytics,Dashboard (4 real metrics),Part 17,FOUNDATION_ONLY,LIMITED,,real live-computed counts,,pos.reports.view,,"pos.reports.view permission defined, no dedicated reports resource",,REPORTING,57-61,
POS-016,module,Point of Sale,Advanced,Multi-store/omnichannel,Part 17,PARTIAL,LIMITED,,multiple pos_stores per company genuinely supported,pos_sales.sales_order_id/accounting_invoice_id never set,,,Omnichannel linkage columns are dead schema,,DATABASE,57-61,
POS-017,module,Point of Sale,Cross-module,POS to Accounting,Part 17,MISSING,BLOCKED,,,,,,No journal entry/invoice/GL posting created anywhere when a sale completes,,INTEGRATION,77-79,Contradicts dashboard-component copy claiming Accounting stays aligned
POS-018,module,Point of Sale,Cross-module,POS to Stock (sale),Part 17,COMPLETE,LIMITED,,atomic stock_movements insert in same transaction as sale,,,,Strongest part of the module,,,57-61,"Positive finding, but see STOCK-026 (balance not updated)"
POS-019,module,Point of Sale,Cross-module,POS to Stock (return/restock),Part 17,PARTIAL,NOT_READY,,restock boolean recorded,pos_return_lines.stock_movement_id never populated,,,"Return-side restock is intent-only, inventory never actually put back",,INTEGRATION,57-61,
QUAL-001,module,Quality,Setup,Quality settings/parameters,Part 16,PARTIAL,LIMITED,,read by completeInspection,quality_settings,quality.settings.manage,,No function ever updates quality_settings - policy is read-only in practice,,SERVICE,62-65,
QUAL-002,module,Quality,Inspections,"Inspections (incoming/in-process/final) create/complete",Part 16,COMPLETE,LIMITED,,createInspection/completeInspection real,,,,No UI form - read-only table only,,UI,62-65,
QUAL-003,module,Quality,NCR,Non-conformance (NCR) create,Part 16,COMPLETE,LIMITED,,createNonconformance real full field set,,,,No status-transition function - status stays open forever via API,,SERVICE,62-65,
QUAL-004,module,Quality,CAPA,CAPA,Part 16,FOUNDATION_ONLY,NOT_READY,,createCapa exists in service and .d.ts,,,,Never called from any route - unreachable dead code from the app's perspective,,UI,62-65,Real function, zero callers - distinct failure mode
QUAL-005,module,Quality,CAPA,Root-cause analysis,Part 16,FOUNDATION_ONLY,NOT_READY,,,root_cause_method/root_cause columns exist,,,Inherits same unreachability as CAPA,,UI,62-65,
QUAL-006,module,Quality,Supplier,Supplier quality scorecards,Part 16,FOUNDATION_ONLY,NOT_READY,,,"quality_supplier_records (listable, dashboard-linked)",,,No service function ever inserts/updates a row - table will always be empty,,SERVICE,62-65,Pure orphaned schema exposed as a UI link
QUAL-007,module,Quality,Customer,Customer quality/complaints,Part 16,PARTIAL,LIMITED,,reuses generic inspection engine,quality_plans.plan_type customer_return,,,No distinct complaint-intake workflow,,SERVICE,62-65,
QUAL-008,module,Quality,Audits,Compliance audits,Part 16,UI_ONLY,NOT_READY,"audits linked from dashboard nav",,quality_audits/audit_findings (well-modeled),,,No createAudit function exists anywhere in the service,,SERVICE,62-65,Nav link leads to a permanently-empty list
QUAL-009,module,Quality,Holds,Quality holds gate Stock/Procurement/Manufacturing,Part 16,FOUNDATION_ONLY,NOT_READY,,auto-inserted on failed inspection,quality_holds,quality.hold (unused),,"Confirmed advisory only - zero references to quality_hold in stock/procurement/manufacturing modules; no release function exists either",,INTEGRATION,62-65,P0-adjacent: held batches can still ship/receive/be consumed
QUAL-010,module,Quality,Calibration,Calibration linkage,Part 16,MISSING,NOT_READY,,,,,,No calibration table/column/reference anywhere,,DATABASE,62-65,
QUAL-011,module,Quality,Analytics,Dashboard (real counts),Part 16,FOUNDATION_ONLY,LIMITED,quality-dashboard.tsx,real computed counts,,quality.reports.view,,No dedicated report route exists,,REPORTING,62-65,
SUP-001,module,Support,Tickets,Ticket create/view backend,Part 15,COMPLETE,LIMITED,,createSupportTicket real+SLA-derived due dates,,,,No UI to create a ticket,,UI,66-69,
SUP-002,module,Support,Queues,Queues,Part 15,COMPLETE,LIMITED,,createSupportQueue real,support_queues/queue_members,,,,,,66-69,
SUP-003,module,Support,Assignment,Assignment (manual only),Part 15,COMPLETE,LIMITED,,assignSupportTicket real+audit row,,,,3 of 4 assignment_strategy enum values have no executing logic,,SERVICE,66-69,
SUP-004,module,Support,Channels,"Channels (email/chat/portal)",Part 15,FOUNDATION_ONLY,NOT_READY,,addSupportCommunication just inserts a row,channel enum stored,,,No actual email/chat integration; nothing sends anything externally,,INTEGRATION,66-69,
SUP-005,module,Support,Workflow,Status transition workflow,Part 15,COMPLETE,LIMITED,,transitionSupportTicket 9-action state machine,,,,UI gap only,,UI,66-69,
SUP-006,module,Support,SLA,SLA due-date computation,Part 15,COMPLETE,LIMITED,,real breach counts from now() comparisons,,,,pause_on_pending_customer/business_hours_only flags stored but never applied,,SERVICE,66-69,
SUP-007,module,Support,Escalation,Escalation,Part 15,MISSING,NOT_READY,,,support_escalations/escalation_policies (full schema),support.escalation.manage,,"CONFIRMED: no function anywhere - manual or automatic - creates an escalation; worse than 'auto-trigger not wired'",,SCHEDULER,66-69,Nav link and dashboard counter point at a table nothing ever writes to
SUP-008,module,Support,Portal,Customer service portal,Part 15,MISSING,NOT_READY,,,,,,No customer-facing route found anywhere,,UI,66-69,
SUP-009,module,Support,Knowledge,Knowledge base,Part 15,PARTIAL,LIMITED,,createKnowledgeArticle real+versioned,"support_ticket_knowledge_links (never written)",,,"No linking, no feedback capture (helpful_count never incremented)",,SERVICE,66-69,
SUP-010,module,Support,Canned,Canned responses,Part 15,MISSING,NOT_READY,,,,,,Zero references anywhere,,DATABASE,66-69,
SUP-011,module,Support,CSAT,CSAT,Part 15,MISSING,NOT_READY,,,"satisfaction_score column (CHECK 1-5)",,,"Column exists, never read or written by any code",,SERVICE,66-69,
SUP-012,module,Support,Automation,Automation,Part 15,MISSING,NOT_READY,,,,,,"No rule engine, no auto-close, no auto-assignment execution",,SCHEDULER,66-69,
SUP-013,module,Support,Notes,Internal/private notes,Part 15,COMPLETE,READY,,visibility correctly gated server-side (not just hidden client-side),,support.sensitive.view,,,,,66-69,Genuinely solid security-conscious implementation
SUP-014,module,Support,Advanced,Omnichannel / AI triage,Part 15,MISSING,NOT_READY,,,,,,"No AI/ML code, no omnichannel unification",,PRODUCT_DECISION,66-69,
HR-001,module,HR & Payroll,Employees,Employee master record create,Part 14,PARTIAL,LIMITED,,createEmployee real,,,,No update path exists anywhere - employee can be created but never edited,,SERVICE,70-76,
HR-002,module,HR & Payroll,Org structure,"Departments, designations",Part 14,FOUNDATION_ONLY,NOT_READY,,,hr_departments/designations,,,No create/update function for either resource anywhere,,SERVICE,70-76,
HR-003,module,HR & Payroll,Recruitment,Recruitment / candidates,Part 14,MISSING,BLOCKED,,,,,,"No schema, no service code, no route, no UI reference anywhere",,PRODUCT_DECISION,70-76,
HR-004,module,HR & Payroll,Onboarding,Formal onboarding workflow,Part 14,MISSING,BLOCKED,,,joining_date/probation_end_date columns exist,,,Columns exist but nothing reads/transitions them,,SERVICE,70-76,
HR-005,module,HR & Payroll,Attendance,Attendance capture,Part 14,FOUNDATION_ONLY,BLOCKED,,consumed by calculatePayrollRun,hr_attendance (rich table),,,"Zero capture mechanism - no create/import function, no INSERT anywhere",,SERVICE,70-76,Payroll calculator reads a table nothing can ever populate
HR-006,module,HR & Payroll,Shifts,Shifts,Part 14,FOUNDATION_ONLY,BLOCKED,,,hr_shifts/employee_shift_assignments,,,No create function; zero INSERT sites found,,SERVICE,70-76,
HR-007,module,HR & Payroll,Leave,"Leave types, balances",Part 14,FOUNDATION_ONLY,LIMITED,,updated as side-effect of reviewLeaveRequest only,hr_leave_types/leave_balances,,,No way to create a leave type or seed opening balance,,SERVICE,70-76,
HR-008,module,HR & Payroll,Leave,Leave request and approval,Part 14,COMPLETE,READY,,createLeaveRequest/reviewLeaveRequest real self-approval block,,,,None material - the one genuinely end-to-end workflow,,,70-76,
HR-009,module,HR & Payroll,Compensation,Salary structures/components,Part 14,FOUNDATION_ONLY,BLOCKED,,,hr_salary_components/structures/structure_lines,,,No create function anywhere - formula calculation-type infra entirely unused,,SERVICE,70-76,
HR-010,module,HR & Payroll,Compensation,Employee compensation assignment,Part 14,MISSING,BLOCKED,,joined via LEFT JOIN LATERAL in calculatePayrollRun,hr_employee_compensation,,,ZERO create path exists anywhere - gross resolves to null/0 for every employee every run,,SERVICE,70-76,P0 - the entire payroll engine's input is unobtainable
HR-011,module,HR & Payroll,Payroll,Payroll run lifecycle (state machine),Part 14,PARTIAL,LIMITED,,createPayrollRun/transitionPayrollRun real+dual maker-checker,,,,State machine solid but produces an unusable number (see HR-012),,SERVICE,70-76,
HR-012,module,HR & Payroll,Payroll,Payroll calculation engine,Part 14,FOUNDATION_ONLY,NOT_READY,,calculatePayrollRun,,,,"P0 correctness: deductions/employer hardcoded to 0; no salary-component application; no overtime pay; gross itself unobtainable (HR-010)",,SERVICE,70-76,"P0 - every payslip line is a single hardcoded BASIC_GROSS row"
HR-013,module,HR & Payroll,Payslips,Payslip generation,Part 14,PARTIAL,NOT_READY,,generated automatically inside calculatePayrollRun,hr_payslips/payslip_lines,,,Content limited to one gross-earnings line - no deduction/statutory/employer lines ever produced,,SERVICE,70-76,
HR-014,module,HR & Payroll,Statutory,"PF/ESI/PT/TDS calculation",Part 14,MISSING,BLOCKED,,,"hr_statutory_components (well-designed rates/slabs table)",,,"No rate lookup, no slab logic, no rounding, no ceiling application anywhere",,SERVICE,70-76,P0 - line-item placeholder table with zero calculation logic
HR-015,module,HR & Payroll,ESS/MSS,Employee self-service,Part 14,MISSING,BLOCKED,,,,,,No my-profile/my-payslip/my-leave-balance scoped view or permission,,UI,70-76,
HR-016,module,HR & Payroll,ESS/MSS,Manager self-service,Part 14,PARTIAL,LIMITED,,hr_payroll.leave.approve gate only,,,,No team-scoped view; no delegated/hierarchical approval routing,,AUTHORIZATION,70-76,
HR-017,module,HR & Payroll,Talent,"Performance, goals, appraisal, learning, talent",Part 14,MISSING,BLOCKED,,,,,,"No schema, no code, anywhere",,PRODUCT_DECISION,70-76,
HR-018,module,HR & Payroll,Separation,Separation/offboarding,Part 14,MISSING,BLOCKED,,,separation_date/status=separated columns exist; dashboard counts them,,,No function ever sets separation_date or transitions status; no access-revocation linkage,,SERVICE,70-76,Dashboard KPI counts a field nothing can write
HR-019,module,HR & Payroll,Expenses,Employee expenses,Part 14,FOUNDATION_ONLY,BLOCKED,,,hr_employee_expenses (full-featured table),expense.manage/approve,,No create/approve function anywhere - 2 permissions unreachable,,SERVICE,70-76,
HR-020,module,HR & Payroll,Sensitive fields,Sensitive-field masking,Part 14,COMPLETE,READY,,canViewSensitiveEmployeeFields real+applied,,hr_payroll.sensitive.view,field-visibility.test.mjs,None - real tested fix,,,70-76,"Prior Prompt-1 dead-permission finding is STALE; fixed in Prompt 3 security hardening"
HR-021,module,HR & Payroll,Cross-module,Payroll to Accounting GL posting,Part 14,MISSING,BLOCKED,,transitionPayrollRun post action only stores opaque accountingBatchId,,,,Confirmed still missing - no real journal entry ever created,,INTEGRATION,77-79,
ACC-META,scope-note,Accounting,META,"Accounting reconciled separately - NOT part of the 1039 denominator",Part 22/36,COMPLETE,READY,,,,,,,,,n/a,"See ERP_ACCOUNTING_MATRIX_011.csv for the full 43-row Accounting reconciliation. Accounting rows are intentionally excluded from this file's module set."
SHARED-001,shared,SaaS Platform,Tenant lifecycle,"Tenant/org provisioning and onboarding",Part 21A,COMPLETE,READY,onboarding-form.tsx,,organizations/organization_memberships,,,,,,n/a,"Onboarding transaction itself is currently BROKEN by CRM-017's missing permission - see Section 23"
SHARED-002,shared,SaaS Platform,Context,Company/branch context,Part 21A,COMPLETE,READY,api/context,,membership_company_access,,,,,,n/a,
SHARED-003,shared,SaaS Platform,Billing,Subscriptions/plans (Razorpay),Part 21A,COMPLETE,READY,,billing.ts real,,,,,,,n/a,
SHARED-004,shared,SaaS Platform,Billing,Trial/upgrade/downgrade,Part 21A,COMPLETE,READY,,billing.ts real trial/grace columns,,,,,,,n/a,
SHARED-005,shared,SaaS Platform,Entitlement,Module entitlement (4-stage pipeline),Part 21A,COMPLETE,READY,,module-access.ts documented pipeline,billing_entitlement_overrides,,,,,,n/a,
SHARED-006,shared,SaaS Platform,Usage,Usage tracking,Part 21A,COMPLETE,READY,,incrementBillingUsage,billing_usage_monthly,,,,,,n/a,
SHARED-007,shared,SaaS Platform,Admin,User administration,Part 21A,COMPLETE,READY,user-administration.tsx,,,,,,,,n/a,
SHARED-008,shared,SaaS Platform,Numbering,Numbering series,Part 21A,COMPLETE,READY,/settings/numbering-series,,,,,,,,n/a,Org-scoped only, not company-scoped
SHARED-009,shared,SaaS Platform,Org settings,Org settings (non-branding),Part 21A,COMPLETE,READY,/settings/company,,,,,,,,n/a,
SHARED-010,shared,SaaS Platform,Branding,Org branding/white-label,Part 21A,MISSING,NOT_READY,,,,,,No logo_url/brand_color/custom-domain fields anywhere,,DATABASE,80-82,
SHARED-011,shared,SaaS Platform,Health,Platform health/status endpoints,Part 21A,COMPLETE,READY,/api/health,,,,,,,,n/a,
SHARED-012,shared,SaaS Platform,Roles,Role/permission catalogue administration,Part 21A,COMPLETE,READY,/settings/roles,,,,,,,,n/a,
SHARED-013,shared,SaaS Platform,Password,Password policy,Part 21A,COMPLETE,READY,,password-policy.ts,,,,,,,n/a,
SHARED-014,shared,SaaS Platform,Infra,Worker/deployment infrastructure,Part 21A,FOUNDATION_ONLY,NOT_READY,,,Dockerfile.worker/workers.yaml CronJob,,,References scripts/process-crm-jobs.mjs which does not exist on disk,,SCHEDULER,13-16,
SHARED-015,shared,Security & Governance,Auth,Authentication (password-based),Part 21B,COMPLETE,READY,,auth.ts,,,,,,,n/a,
SHARED-016,shared,Security & Governance,Sessions,Session management,Part 21B,COMPLETE,READY,/security,,sessions,,,,,,n/a,
SHARED-017,shared,Security & Governance,MFA,MFA enrollment,Part 21B,FOUNDATION_ONLY,NOT_READY,/security,,mfa policy flag+enrolment timestamp columns,,,No authenticator-enrolment or verification flow exists yet,,AUTHORIZATION,80-82,Confirmed unchanged since Prompt 1
SHARED-018,shared,Security & Governance,RBAC,RBAC/roles/permissions,Part 21B,COMPLETE,READY,,access-control.ts/authorization.ts,,,,,,,n/a,
SHARED-019,shared,Security & Governance,RBAC,Time-bound/scoped role assignments,Part 21B,COMPLETE,READY,,,,,,,,,n/a,
SHARED-020,shared,Security & Governance,Record access,Record-level access (CRM ownership),Part 21B,PARTIAL,LIMITED,,recordScope()/canViewAllCrmRecords(),,crm.records.view_all,crm-record-scope.test.mjs,"Only CRM has real ownership scoping; every other module is company/branch-scope only. Also see CRM-017 P0 bug",,AUTHORIZATION,12,
SHARED-021,shared,Security & Governance,Field access,Field-level access (3 sensitive permissions),Part 21B,COMPLETE,LIMITED,,field-visibility.js,,hr_payroll.sensitive.view/support.sensitive.view/procurement.suppliers.sensitive,field-visibility.test.mjs,No assignable HR/Support role yet exercises the restricted branch in real traffic,,AUTHORIZATION,n/a,"Fixed in Prompt 3 - reverses the stale Prompt-1 finding"
SHARED-022,shared,Security & Governance,Isolation,Company/branch data isolation (RLS),Part 21B,COMPLETE,READY,,,45 tenant migrations FORCE ROW LEVEL SECURITY,,tests/security/tenant-isolation-rls.test.mjs,,,,n/a,
SHARED-023,shared,Security & Governance,Approvals,Maker-checker/SoD,Part 21B,COMPLETE,READY,/approvals,packages/workflows assertSeparationOfDuties,,,,,,,n/a,
SHARED-024,shared,Security & Governance,Audit,Audit trail immutability,Part 21B,COMPLETE,READY,/audit-logs,,DB-trigger prevent_audit_event_mutation,,,,,,n/a,
SHARED-025,shared,Security & Governance,Console,Security console/workspace,Part 21B,COMPLETE,READY,/security,,,,,,,,n/a,
SHARED-026,shared,Security & Governance,Rate limit,Rate limiting,Part 21B,COMPLETE,READY,,enforceRateLimit(),,,,General business CRUD still mostly unlimited (8/279 route files),,AUTHORIZATION,n/a,
SHARED-027,shared,Security & Governance,Escalation,Grant-ceiling/privilege-escalation guard,Part 21B,COMPLETE,READY,,permissionsOutsideGrantCeiling(),,,,,,,n/a,
SHARED-028,shared,Security & Governance,Compliance,Compliance/data-governance workspace,Part 21B,COMPLETE,READY,/compliance,,,,,,,,n/a,
SHARED-029,shared,Security & Governance,Delegation,Approval delegation,Part 21B,MISSING,NOT_READY,,,,,,No delegat* hits anywhere in apps/web/src,,WORKFLOW,80-82,Newly confirmed gap
SHARED-030,shared,Workflow & Automation,Approvals,Approval workflow engine,Part 21C,COMPLETE,READY,/approvals,packages/workflows,,,,,,,n/a,
SHARED-031,shared,Workflow & Automation,Automation,CRM automation rule engine,Part 21C,PARTIAL,LIMITED,/automation,,,,,Only 3 of 7 trigger types fire,,WORKFLOW,13-16,
SHARED-032,shared,Workflow & Automation,Scheduler,Scheduler,Part 21C,MISSING,NOT_READY,,,,,,No scheduler deployed anywhere - confirmed via /automation page copy itself,,SCHEDULER,13-16,
SHARED-033,shared,Workflow & Automation,Cross-module,Cross-module automation,Part 21C,MISSING,NOT_READY,,,,,,"Explicit page copy: 'no automation for any other module yet'",,WORKFLOW,99,
SHARED-034,shared,Workflow & Automation,Execution,Execution history/logging,Part 21C,COMPLETE,READY,/automation,,,,,Only covers the one CRM engine that exists,,,n/a,
SHARED-035,shared,Workflow & Automation,Dead schema,workflow_definitions schema,Part 21C,MISSING,NOT_READY,,,workflow_definitions,,,"Confirmed still dead - never read or written by any application code",,DATABASE,91,
SHARED-036,shared,Reporting & Analytics,Catalogue,Unified report catalogue,Part 21D,COMPLETE,READY,/reports,,,,,Only as broad as underlying 4/12 module reports,,,n/a,
SHARED-037,shared,Reporting & Analytics,Coverage,Per-module reports (4 of 12 modules),Part 21D,PARTIAL,LIMITED,,reports/catalogue.ts,,xxxReportsView permissions defined for all 12,,8 modules have permission defined but zero report implementation,,REPORTING,98,
SHARED-038,shared,Reporting & Analytics,Builder,Report builder,Part 21D,MISSING,NOT_READY,,,,,,Confirmed absent,,REPORTING,20,
SHARED-039,shared,Reporting & Analytics,Scheduling,Scheduled/emailed reports,Part 21D,MISSING,NOT_READY,,,,,,Confirmed absent,,SCHEDULER,20,
SHARED-040,shared,Reporting & Analytics,BI,Cross-module analytics/BI,Part 21D,MISSING,NOT_READY,,,,,,Confirmed absent,,REPORTING,97,
SHARED-041,shared,Reporting & Analytics,Charts,Charts/visualization,Part 21D,MISSING,NOT_READY,,,,,,No chart library in package.json anywhere,,REPORTING,20,
SHARED-042,shared,Reporting & Analytics,KPI,KPI framework,Part 21D,MISSING,NOT_READY,,,,,,Every dashboard hardcodes its own metric queries,,REPORTING,97,
SHARED-043,shared,Integration,Payments,Payments (Razorpay),Part 21E,COMPLETE,READY,/billing,,,,,,,,n/a,
SHARED-044,shared,Integration,Webhooks,Webhook subscription management,Part 21E,COMPLETE,READY,/integrations,,crm_webhook_subscriptions,,,,,,n/a,
SHARED-045,shared,Integration,Webhooks,Webhook delivery worker,Part 21E,MISSING,NOT_READY,,,scripts/deliver-crm-outbox.mjs does not exist,,,Subscriptions can be created but nothing ever POSTs,,SCHEDULER,13-16,
SHARED-046,shared,Integration,OAuth,OAuth state/PKCE,Part 21E,PARTIAL,LIMITED,,createProviderOAuthState/consumeProviderOAuthState real,,,,Token exchange step missing,,INTEGRATION,21,
SHARED-047,shared,Integration,API keys,Tenant-issued API keys,Part 21E,MISSING,NOT_READY,,,,,,Confirmed absent,,DATABASE,21,
SHARED-048,shared,Integration,Email,System email transport,Part 21E,COMPLETE,READY,,isSystemEmailConfigured(),,,,,,,n/a,
SHARED-049,shared,Integration,SMS,SMS/WhatsApp,Part 21E,MISSING,NOT_READY,,,,,,Consent tracking exists; no provider wired,,EXTERNAL_PROVIDER,83,
SHARED-050,shared,Integration,Commerce,E-commerce/marketplace connectors,Part 21E,MISSING,NOT_READY,,,,,,Confirmed absent,,EXTERNAL_PROVIDER,100,
SHARED-051,shared,Integration,SSO,SSO,Part 21E,MISSING,NOT_READY,,,,,,Confirmed absent,,EXTERNAL_PROVIDER,83,
SHARED-052,shared,Integration,Telephony,Telephony/conversation intelligence,Part 21E,FOUNDATION_ONLY,NOT_READY,,,,,,"Real management surface, no crm:provider-jobs worker exists",,SCHEDULER,13-16,
SHARED-053,shared,Integration,Outbox,Outbox/event delivery infrastructure,Part 21E,FOUNDATION_ONLY,NOT_READY,,,crm_outbox_events written, zero consumers,,,Table and write path real, nothing reads/claims/delivers,,SCHEDULER,13-16,
SHARED-054,shared,UX,Shell,App shell/sidebar/top bar,Part 21F,COMPLETE,READY,app-shell.tsx,,,,,,,,n/a,
SHARED-055,shared,UX,Palette,Command palette,Part 21F,COMPLETE,READY,command-palette.tsx,,,,,,,,n/a,
SHARED-056,shared,UX,Quick Create,Quick Create,Part 21F,COMPLETE,READY,quick-create-button.tsx,,,,,,,,n/a,
SHARED-057,shared,UX,Search,Global search,Part 21F,COMPLETE,READY,/search,,,,,,,,n/a,
SHARED-058,shared,UX,Notifications,Notifications,Part 21F,COMPLETE,READY,/notifications,,,,,"Event-driven only, no scheduled digests",,SCHEDULER,96,
SHARED-059,shared,UX,Favourites,Favourites,Part 21F,COMPLETE,READY,/favourites,,,,,,,,n/a,
SHARED-060,shared,UX,Recent,Recent records,Part 21F,COMPLETE,READY,/recent,,,,,,,,n/a,
SHARED-061,shared,UX,My Work,"My Work (tasks/follow-ups/exceptions)",Part 21F,COMPLETE,READY,/my-work,,,,,Stock exceptions explicitly documented as not included,,,n/a,
SHARED-062,shared,UX,Responsive,Responsive/mobile-web layout,Part 21F,PARTIAL,LIMITED,,,,,,No dedicated mobile-web audit found,,MOBILE_WEB,84,
SHARED-063,shared,UX,Accessibility,Accessibility posture,Part 21F,PARTIAL,LIMITED,,eslint-plugin-jsx-a11y active,,,,"Lint-level guardrail only, no verified contrast/a11y audit",,MOBILE_WEB,84,
SHARED-064,shared,UX,States,Empty/loading/error states,Part 21F,COMPLETE,READY,,,,,,,,,n/a,
SHARED-065,shared,UX,Breadcrumbs,Breadcrumbs,Part 21F,COMPLETE,READY,breadcrumb-labels.ts,,,,,,,,n/a,
SHARED-066,shared,UX,Theme,Dark mode,Part 21F,MISSING,NOT_READY,,,,,,"Still light-only, confirmed unchanged",,MOBILE_WEB,84,
SHARED-067,shared,Data Governance,Master data,Master data discovery/catalogue,Part 21G,COMPLETE,READY,/master-data,,,,,,,,n/a,
SHARED-068,shared,Data Governance,Import,Import (CRM + 6 master-data resources),Part 21G,PARTIAL,LIMITED,/data-management,,,,,No import for 11 of 12 modules,,DATABASE,85,
SHARED-069,shared,Data Governance,Export,Export (CRM + master data + audit logs),Part 21G,PARTIAL,LIMITED,/data-management,,,,,Same 11-module gap as import,,REPORTING,85,
SHARED-070,shared,Data Governance,Bulk update,Bulk update (CRM + Sales only),Part 21G,PARTIAL,LIMITED,/data-management,,,,,10 modules have no bulk update,,DATABASE,85,
SHARED-071,shared,Data Governance,Duplicates,Duplicate management (CRM only),Part 21G,PARTIAL,LIMITED,,findCrmDuplicates() company-scoped,,,,Confirmed absent for every other module,,DATABASE,85,
SHARED-072,shared,Data Governance,Retention,Data retention/archiving,Part 21G,PARTIAL,LIMITED,/compliance/retention,,,,,CRM-only; other modules have no retention config,,DATABASE,86,
SHARED-073,shared,Data Governance,Soft delete,Soft delete,Part 21G,MISSING,READY,/compliance/data-governance,,no deleted_at columns anywhere,,,Deliberate status-based-lifecycle design choice - not an oversight,,PRODUCT_DECISION,n/a,Reframed, not penalized
SHARED-074,shared,Data Governance,Audit,Audit logs (immutable),Part 21G,COMPLETE,READY,/audit-logs,,,,,,,,n/a,
SHARED-075,shared,Data Governance,Compliance,Compliance inventory workspace,Part 21G,COMPLETE,READY,/compliance,,,,,,,,n/a,
SHARED-076,shared,Data Governance,Classification,Data classification/sensitivity,Part 21G,COMPLETE,LIMITED,,field-visibility.js,,,,Only 3 specific field sets across 3 modules,,,n/a,
SHARED-077,shared,Data Governance,DR,Backup/restore/DR posture,Part 21G,UNVERIFIED,NOT_READY,,,,,,"Not evidenced in application code - likely infra-layer only, cannot confirm from repo alone",,PRODUCT_DECISION,93,
SHARED-078,shared,Data Governance,Migrations,Schema/migration governance,Part 21G,COMPLETE,READY,,,45+ RLS-enabled sequential migrations,,,One pre-existing duplicate-migration-prefix warning (039_*),,DATABASE,91,
