route,label,declared_status,page_exists,e2e_specs,finding
/crm,Home,AVAILABLE,yes,apps/web/e2e/accessibility.spec.ts;apps/web/e2e/auth-lifecycle.spec.ts;apps/web/e2e/billing-expired-subscription.spec.ts;apps/web/e2e/crm-authorization.spec.ts;apps/web/e2e/crm-public-booking.spec.ts;apps/web/e2e/crm-regression.spec.ts;apps/web/e2e/crm-uiux.spec.ts;apps/web/e2e/opportunity-stage-transition.spec.ts;apps/web/e2e/platform-security.spec.ts;apps/web/e2e/restricted-role-authorization.spec.ts;apps/web/e2e/_ui-audit2.spec.ts,
/crm/leads,Leads,AVAILABLE,yes,apps/web/e2e/accessibility.spec.ts;apps/web/e2e/billing-expired-subscription.spec.ts;apps/web/e2e/crm-authorization.spec.ts;apps/web/e2e/crm-regression.spec.ts;apps/web/e2e/crm-uiux.spec.ts,
/crm/accounts,Accounts,AVAILABLE,yes,apps/web/e2e/accessibility.spec.ts;apps/web/e2e/crm-regression.spec.ts;apps/web/e2e/crm-uiux.spec.ts,
/crm/contacts,Contacts,AVAILABLE,yes,apps/web/e2e/accessibility.spec.ts;apps/web/e2e/crm-regression.spec.ts;apps/web/e2e/crm-uiux.spec.ts,
/crm/opportunities,Opportunities,AVAILABLE,yes,apps/web/e2e/accessibility.spec.ts;apps/web/e2e/crm-regression.spec.ts;apps/web/e2e/crm-uiux.spec.ts;apps/web/e2e/opportunity-stage-transition.spec.ts,
/crm/pipeline,Pipeline,AVAILABLE,yes,apps/web/e2e/accessibility.spec.ts;apps/web/e2e/crm-regression.spec.ts,
/crm/forecast,Forecast,AVAILABLE,yes,,
/crm/tasks,Tasks,AVAILABLE,yes,apps/web/e2e/_ui-audit2.spec.ts,
/crm/calls,Calls,AVAILABLE,yes,apps/web/e2e/crm-uiux.spec.ts;apps/web/e2e/_ui-audit2.spec.ts,
/crm/meetings,Meetings,AVAILABLE,yes,apps/web/e2e/crm-uiux.spec.ts;apps/web/e2e/_ui-audit2.spec.ts,
/crm/follow-ups,Follow-ups,AVAILABLE,yes,apps/web/e2e/crm-uiux.spec.ts;apps/web/e2e/_ui-audit2.spec.ts,
/crm/communications,Communications,AVAILABLE,yes,,
/crm/dashboard,Dashboard,AVAILABLE,yes,apps/web/e2e/accessibility.spec.ts;apps/web/e2e/_ui-audit2.spec.ts,
/crm/reports,Reports,AVAILABLE,yes,,
/crm/data/import-export,Imports & Exports,AVAILABLE,yes,,
/crm/data/duplicates,Duplicate Management,AVAILABLE,yes,,
/crm/settings/territories,Territories & Sales Teams,AVAILABLE,yes,apps/web/e2e/_ui-audit2.spec.ts,
/crm/settings/custom-fields-and-tags,Custom Fields & Tags,AVAILABLE,yes,,
/crm/settings/record-fields,Custom Record Fields,AVAILABLE,yes,,
/crm/settings/lead-sources,Lead Sources,AVAILABLE,yes,,
/crm/settings/assignment,Assignment Rules,AVAILABLE,yes,,
/crm/settings/lead-lifecycle,Lead Lifecycle Stages,AVAILABLE,yes,,
/crm/settings/lead-scoring,Lead Scoring,AVAILABLE,yes,,
/crm/settings/pipeline-stages,Pipeline Stages,AVAILABLE,yes,,
/crm/settings/lost-reasons,Won / Lost Reasons,AVAILABLE,yes,,
/crm/settings/playbooks,Qualification / Playbooks,AVAILABLE,yes,,
/crm/settings/meeting-links,Meeting Links,AVAILABLE,yes,,
/crm/settings/privacy,Privacy Administration,AVAILABLE,yes,,
/sales,Home,AVAILABLE,yes,apps/web/e2e/accounting-journal.spec.ts;apps/web/e2e/assets-lifecycle.spec.ts;apps/web/e2e/billing-plans.spec.ts;apps/web/e2e/hr-payroll.spec.ts;apps/web/e2e/hr-performance.spec.ts;apps/web/e2e/hr-recruitment.spec.ts;apps/web/e2e/hr-time-leave.spec.ts;apps/web/e2e/hr-workforce.spec.ts;apps/web/e2e/inventory-counts.spec.ts;apps/web/e2e/inventory-foundation.spec.ts;apps/web/e2e/inventory-outbound.spec.ts;apps/web/e2e/inventory-valuation.spec.ts;apps/web/e2e/manufacturing-engineering.spec.ts;apps/web/e2e/manufacturing-execution.spec.ts;apps/web/e2e/manufacturing-insights.spec.ts;apps/web/e2e/manufacturing-planning.spec.ts;apps/web/e2e/manufacturing-process.spec.ts;apps/web/e2e/manufacturing-production.spec.ts;apps/web/e2e/pos-transactions.spec.ts;apps/web/e2e/procurement-planning-analytics.spec.ts;apps/web/e2e/procurement-receiving.spec.ts;apps/web/e2e/procurement-requests.spec.ts;apps/web/e2e/procurement-settings.spec.ts;apps/web/e2e/procurement-sourcing-orders.spec.ts;apps/web/e2e/projects-delivery.spec.ts;apps/web/e2e/sales-customers.spec.ts;apps/web/e2e/sales-deliveries.spec.ts;apps/web/e2e/sales-insights.spec.ts;apps/web/e2e/sales-orders.spec.ts;apps/web/e2e/sales-quotations.spec.ts;apps/web/e2e/sales-registers.spec.ts;apps/web/e2e/sales-settings.spec.ts,
/sales/settings,Settings,AVAILABLE,yes,apps/web/e2e/sales-settings.spec.ts,
/sales/customers,Customers,AVAILABLE,yes,apps/web/e2e/sales-customers.spec.ts,
/sales/products,Products,AVAILABLE,yes,apps/web/e2e/sales-customers.spec.ts,
/sales/quotations,Quotations,AVAILABLE,yes,apps/web/e2e/sales-quotations.spec.ts,
/sales/orders,Sales Orders,AVAILABLE,yes,apps/web/e2e/sales-deliveries.spec.ts;apps/web/e2e/sales-orders.spec.ts,
/sales/availability,Availability,PLANNED,no,,
/sales/deliveries,Deliveries,AVAILABLE,yes,apps/web/e2e/sales-deliveries.spec.ts;apps/web/e2e/sales-registers.spec.ts,
/sales/drop-ships,Drop shipments,AVAILABLE,yes,,
/sales/backorders,Backorders,AVAILABLE,yes,apps/web/e2e/sales-deliveries.spec.ts,
/sales/invoices,Invoices,AVAILABLE,yes,apps/web/e2e/sales-registers.spec.ts,
/sales/advances,Advances,AVAILABLE,yes,apps/web/e2e/sales-registers.spec.ts,
/sales/credit-adjustments,Credit / Adjustments,AVAILABLE,yes,apps/web/e2e/sales-registers.spec.ts,
/sales/returns,Returns,AVAILABLE,yes,apps/web/e2e/sales-registers.spec.ts,
/sales/price-lists,Price Lists,AVAILABLE,yes,,
/sales/commissions,Commissions,AVAILABLE,yes,,
/sales/discounts,Discounts,AVAILABLE,yes,,
/sales/terms,Terms,AVAILABLE,yes,,
/sales/analytics,Sales Analytics,AVAILABLE,yes,apps/web/e2e/sales-insights.spec.ts,
/sales/order-status,Order Status,AVAILABLE,yes,apps/web/e2e/sales-insights.spec.ts,
/sales/profitability,Profitability,AVAILABLE,yes,apps/web/e2e/sales-insights.spec.ts,
/sales/reports,Reports,AVAILABLE,yes,,
/procurement,Home,AVAILABLE,yes,apps/web/e2e/procurement-planning-analytics.spec.ts;apps/web/e2e/procurement-receiving.spec.ts;apps/web/e2e/procurement-requests.spec.ts;apps/web/e2e/procurement-settings.spec.ts;apps/web/e2e/procurement-sourcing-orders.spec.ts,
/procurement/settings,Settings,AVAILABLE,yes,apps/web/e2e/procurement-settings.spec.ts,
/procurement/requisitions,Purchase Requisitions,AVAILABLE,yes,apps/web/e2e/procurement-requests.spec.ts,
/procurement/approval-queue,Approval Queue,AVAILABLE,yes,apps/web/e2e/procurement-requests.spec.ts,
/procurement/rfqs,RFQs,AVAILABLE,yes,apps/web/e2e/procurement-sourcing-orders.spec.ts,
/procurement/supplier-quotations,Supplier Quotations,AVAILABLE,yes,,
/procurement/awards,Awards,AVAILABLE,yes,,
/procurement/orders,Purchase Orders,AVAILABLE,yes,apps/web/e2e/procurement-receiving.spec.ts,
/procurement/agreements,Agreements,AVAILABLE,yes,apps/web/e2e/procurement-sourcing-orders.spec.ts,
/procurement/receipts,Goods Receipts,AVAILABLE,yes,,
/procurement/rejections,Rejections,AVAILABLE,yes,apps/web/e2e/procurement-receiving.spec.ts,
/procurement/returns,Returns,AVAILABLE,yes,,
/procurement/invoices,Supplier Invoices,AVAILABLE,yes,apps/web/e2e/procurement-receiving.spec.ts,
/procurement/three-way-match,Three-Way Match,AVAILABLE,yes,,
/procurement/landed-cost,Landed Cost,AVAILABLE,yes,apps/web/e2e/procurement-planning-analytics.spec.ts,
/procurement/suppliers,Supplier Master,AVAILABLE,yes,apps/web/e2e/procurement-requests.spec.ts,
/procurement/categories,Categories,AVAILABLE,yes,,
/procurement/supplier-prices,Price Lists,AVAILABLE,yes,apps/web/e2e/procurement-planning-analytics.spec.ts,
/procurement/lead-times,Lead Times,AVAILABLE,yes,,
/procurement/supplier-performance,Supplier Performance,AVAILABLE,yes,apps/web/e2e/procurement-planning-analytics.spec.ts,
/procurement/planning,Procurement Planning,AVAILABLE,yes,apps/web/e2e/procurement-planning-analytics.spec.ts,
/procurement/subcontract,Subcontracting,AVAILABLE,yes,,
/procurement/spend-analytics,Spend Analytics,AVAILABLE,yes,apps/web/e2e/procurement-planning-analytics.spec.ts,
/procurement/purchase-history,Purchase History,AVAILABLE,yes,apps/web/e2e/procurement-planning-analytics.spec.ts,
/procurement/reports,Reports,AVAILABLE,yes,,
/inventory,Home,AVAILABLE,yes,apps/web/e2e/inventory-counts.spec.ts;apps/web/e2e/inventory-foundation.spec.ts;apps/web/e2e/inventory-outbound.spec.ts;apps/web/e2e/inventory-valuation.spec.ts,
/inventory/items,Items,AVAILABLE,yes,apps/web/e2e/inventory-foundation.spec.ts,
/inventory/variants,Variants,AVAILABLE,yes,,
/inventory/categories,Categories,AVAILABLE,yes,,
/inventory/units-of-measure,Units of Measure,AVAILABLE,yes,,
/inventory/conversions,Unit Conversions,AVAILABLE,yes,,
/inventory/availability,Availability,AVAILABLE,yes,apps/web/e2e/inventory-foundation.spec.ts,
/inventory/ledger,Stock Ledger,AVAILABLE,yes,apps/web/e2e/inventory-foundation.spec.ts,
/inventory/reservations,Reservations,AVAILABLE,yes,apps/web/e2e/inventory-foundation.spec.ts,
/inventory/warehouses,Warehouses,AVAILABLE,yes,apps/web/e2e/inventory-foundation.spec.ts,
/inventory/locations,Locations / Bins,AVAILABLE,yes,,
/inventory/receipts,Receipts,AVAILABLE,yes,apps/web/e2e/inventory-foundation.spec.ts,
/inventory/issues,Issues,AVAILABLE,yes,apps/web/e2e/inventory-foundation.spec.ts,
/inventory/transfers,Transfers,AVAILABLE,yes,apps/web/e2e/inventory-foundation.spec.ts,
/inventory/adjustments,Adjustments,AVAILABLE,yes,apps/web/e2e/inventory-foundation.spec.ts,
/inventory/damaged-stock,Damaged Stock,AVAILABLE,yes,apps/web/e2e/inventory-outbound.spec.ts,
/inventory/returns,Returns,AVAILABLE,yes,apps/web/e2e/inventory-outbound.spec.ts,
/inventory/pick-lists,Pick Lists,AVAILABLE,yes,apps/web/e2e/inventory-outbound.spec.ts,
/inventory/lots,Lots / Batches,AVAILABLE,yes,apps/web/e2e/inventory-foundation.spec.ts,
/inventory/serial-numbers,Serial Numbers,AVAILABLE,yes,,
/inventory/expiry,Expiry,AVAILABLE,yes,apps/web/e2e/inventory-foundation.spec.ts,
/inventory/genealogy,Genealogy,AVAILABLE,yes,apps/web/e2e/inventory-outbound.spec.ts,
/inventory/quarantine,Quarantine,AVAILABLE,yes,apps/web/e2e/inventory-outbound.spec.ts,
/inventory/cycle-counts,Cycle Counts,AVAILABLE,yes,,
/inventory/physical-inventory,Physical Inventory,AVAILABLE,yes,apps/web/e2e/inventory-counts.spec.ts,
/inventory/replenishment,Replenishment,AVAILABLE,yes,apps/web/e2e/inventory-foundation.spec.ts,
/inventory/reorder-rules,Reorder Rules,AVAILABLE,yes,apps/web/e2e/inventory-foundation.spec.ts,
/inventory/costing,Costing,AVAILABLE,yes,apps/web/e2e/inventory-foundation.spec.ts,
/inventory/valuation,Inventory Valuation,AVAILABLE,yes,apps/web/e2e/inventory-valuation.spec.ts,
/inventory/movement,Movement,AVAILABLE,yes,apps/web/e2e/inventory-valuation.spec.ts,
/inventory/aging,Aging,AVAILABLE,yes,apps/web/e2e/inventory-valuation.spec.ts,
/inventory/landed-cost,Landed Cost,AVAILABLE,yes,apps/web/e2e/inventory-valuation.spec.ts,
/inventory/reports,Reports,AVAILABLE,yes,apps/web/e2e/inventory-valuation.spec.ts,
/manufacturing,Home,AVAILABLE,yes,apps/web/e2e/manufacturing-engineering.spec.ts;apps/web/e2e/manufacturing-execution.spec.ts;apps/web/e2e/manufacturing-insights.spec.ts;apps/web/e2e/manufacturing-planning.spec.ts;apps/web/e2e/manufacturing-process.spec.ts;apps/web/e2e/manufacturing-production.spec.ts,
/manufacturing/boms,BOMs,AVAILABLE,yes,apps/web/e2e/manufacturing-engineering.spec.ts,
/manufacturing/bom-versions,BOM Versions,AVAILABLE,yes,,
/manufacturing/routings,Routings,AVAILABLE,yes,apps/web/e2e/manufacturing-process.spec.ts,
/manufacturing/where-used,Where Used,AVAILABLE,yes,apps/web/e2e/manufacturing-engineering.spec.ts,
/manufacturing/engineering-changes,Engineering Changes,AVAILABLE,yes,apps/web/e2e/manufacturing-engineering.spec.ts,
/manufacturing/mrp,MRP,AVAILABLE,yes,apps/web/e2e/manufacturing-planning.spec.ts,
/manufacturing/material-planning,Material Planning,AVAILABLE,yes,apps/web/e2e/manufacturing-planning.spec.ts,
/manufacturing/capacity,Capacity,AVAILABLE,yes,apps/web/e2e/manufacturing-process.spec.ts,
/manufacturing/scheduling,Scheduling,AVAILABLE,yes,apps/web/e2e/manufacturing-planning.spec.ts,
/manufacturing/production-orders,Production Orders,AVAILABLE,yes,apps/web/e2e/manufacturing-planning.spec.ts;apps/web/e2e/manufacturing-production.spec.ts,
/manufacturing/shop-floor,Shop Floor,AVAILABLE,yes,apps/web/e2e/manufacturing-production.spec.ts,
/manufacturing/operations,Operations,AVAILABLE,yes,,
/manufacturing/reservations,Reservations,AVAILABLE,yes,,
/manufacturing/consumption,Consumption,AVAILABLE,yes,apps/web/e2e/manufacturing-production.spec.ts,
/manufacturing/wip,WIP,AVAILABLE,yes,,
/manufacturing/finished-output,Finished Output,AVAILABLE,yes,apps/web/e2e/manufacturing-production.spec.ts,
/manufacturing/by-products,By-Products,AVAILABLE,yes,,
/manufacturing/scrap-rework,Scrap / Rework,AVAILABLE,yes,apps/web/e2e/manufacturing-production.spec.ts,
/manufacturing/inspections,Inspections,AVAILABLE,yes,apps/web/e2e/manufacturing-execution.spec.ts,
/manufacturing/time-tracking,Time Tracking,AVAILABLE,yes,apps/web/e2e/manufacturing-execution.spec.ts,
/manufacturing/subcontracting,Subcontracting,AVAILABLE,yes,apps/web/e2e/manufacturing-execution.spec.ts,
/manufacturing/work-centers,Work Centers,AVAILABLE,yes,apps/web/e2e/manufacturing-process.spec.ts,
/manufacturing/resources,Resources,PLANNED,no,,
/manufacturing/calendars,Calendars,AVAILABLE,yes,apps/web/e2e/manufacturing-process.spec.ts,
/manufacturing/shifts,Shifts,AVAILABLE,yes,apps/web/e2e/manufacturing-process.spec.ts,
/manufacturing/calendar-exceptions,Holidays,AVAILABLE,yes,,
/manufacturing/settings,Settings,AVAILABLE,yes,apps/web/e2e/manufacturing-production.spec.ts,
/manufacturing/standard-cost,Standard Cost,AVAILABLE,yes,apps/web/e2e/manufacturing-insights.spec.ts,
/manufacturing/production-cost,Production Cost,AVAILABLE,yes,apps/web/e2e/manufacturing-insights.spec.ts,
/manufacturing/variance,Variance,AVAILABLE,yes,apps/web/e2e/manufacturing-insights.spec.ts,
/manufacturing/performance,Performance,AVAILABLE,yes,apps/web/e2e/manufacturing-insights.spec.ts,
/manufacturing/downtime,Downtime,AVAILABLE,yes,apps/web/e2e/manufacturing-execution.spec.ts,
/manufacturing/yield,Yield,AVAILABLE,yes,apps/web/e2e/manufacturing-insights.spec.ts,
/manufacturing/production-summary,Production Summary,AVAILABLE,yes,,
/manufacturing/reports,Reports,AVAILABLE,yes,apps/web/e2e/manufacturing-insights.spec.ts,
/projects,Home,AVAILABLE,yes,apps/web/e2e/projects-delivery.spec.ts,
/projects/all,All Projects,AVAILABLE,yes,apps/web/e2e/projects-delivery.spec.ts,
/projects/templates,Templates,AVAILABLE,yes,,
/projects/tasks,Tasks,AVAILABLE,yes,apps/web/e2e/projects-delivery.spec.ts,
/projects/milestones,Milestones,AVAILABLE,yes,,
/projects/workspace,"Workspace (WBS, Gantt, Board)",AVAILABLE,yes,apps/web/e2e/projects-delivery.spec.ts,
/projects/resource-allocation,Resource Allocation,AVAILABLE,yes,,
/projects/capacity,Capacity,AVAILABLE,yes,,
/projects/time,Time Entries,AVAILABLE,yes,apps/web/e2e/projects-delivery.spec.ts,
/projects/timesheets,Timesheets,AVAILABLE,yes,apps/web/e2e/projects-delivery.spec.ts,
/projects/expenses,Expenses,AVAILABLE,yes,,
/projects/materials,Materials,AVAILABLE,yes,,
/projects/budgets,Budgets,AVAILABLE,yes,,
/projects/procurement,Project Procurement,AVAILABLE,yes,,
/projects/billing,Billing,AVAILABLE,yes,,
/projects/invoices,Project Invoices,AVAILABLE,yes,,
/projects/risks,Risks,AVAILABLE,yes,,
/projects/issues,Issues,AVAILABLE,yes,,
/projects/documents,Documents,AVAILABLE,yes,,
/projects/reports,Reports,AVAILABLE,yes,apps/web/e2e/projects-delivery.spec.ts,
/projects/settings,Settings,AVAILABLE,yes,,
/assets,Home,AVAILABLE,yes,apps/web/e2e/assets-lifecycle.spec.ts,
/assets/register,Asset Register,AVAILABLE,yes,apps/web/e2e/assets-lifecycle.spec.ts,
/assets/categories,Asset Categories,AVAILABLE,yes,,
/assets/acquisition,Acquisition,AVAILABLE,yes,,
/assets/capitalization,Capitalization,AVAILABLE,yes,apps/web/e2e/assets-lifecycle.spec.ts,
/assets/assignments,Assignments,AVAILABLE,yes,,
/assets/transfers,Transfers,AVAILABLE,yes,,
/assets/locations,Locations,AVAILABLE,yes,,
/assets/depreciation,Depreciation,AVAILABLE,yes,apps/web/e2e/assets-lifecycle.spec.ts,
/assets/revaluation,Revaluation,AVAILABLE,yes,,
/assets/impairment,Impairment,AVAILABLE,yes,,
/assets/maintenance-plans,Maintenance Plans,AVAILABLE,yes,,
/assets/work-orders,Work Orders,AVAILABLE,yes,,
/assets/downtime,Downtime,AVAILABLE,yes,,
/assets/warranties,Warranties,AVAILABLE,yes,,
/assets/inspections,Inspections,AVAILABLE,yes,,
/assets/calibration,Calibration,AVAILABLE,yes,,
/assets/physical-verification,Physical Verification,AVAILABLE,yes,,
/assets/retirement,Retirement,AVAILABLE,yes,,
/assets/disposal,Disposal / Sale,AVAILABLE,yes,,
/assets/analytics,Asset Analytics,AVAILABLE,yes,,
/assets/reports,Reports,AVAILABLE,yes,apps/web/e2e/assets-lifecycle.spec.ts,
/assets/settings,Asset Settings,ADMIN_ONLY,yes,,
/pos,Home,AVAILABLE,yes,apps/web/e2e/billing-plans.spec.ts;apps/web/e2e/crm-public-booking.spec.ts;apps/web/e2e/manufacturing-execution.spec.ts;apps/web/e2e/manufacturing-insights.spec.ts;apps/web/e2e/manufacturing-planning.spec.ts;apps/web/e2e/manufacturing-production.spec.ts;apps/web/e2e/pos-accessibility.spec.ts;apps/web/e2e/pos-authorization.spec.ts;apps/web/e2e/pos-checkout-safety.spec.ts;apps/web/e2e/pos-checkout.spec.ts;apps/web/e2e/pos-discount-approval.spec.ts;apps/web/e2e/pos-hold-resume.spec.ts;apps/web/e2e/pos-offline-sync.spec.ts;apps/web/e2e/pos-returns.spec.ts;apps/web/e2e/pos-shifts-cash-and-safety.spec.ts;apps/web/e2e/pos-transactions.spec.ts;apps/web/e2e/pos-visual-qa.spec.ts;apps/web/e2e/procurement-planning-analytics.spec.ts;apps/web/e2e/procurement-receiving.spec.ts,
/pos/checkout,Open POS,AVAILABLE,yes,apps/web/e2e/pos-accessibility.spec.ts;apps/web/e2e/pos-authorization.spec.ts;apps/web/e2e/pos-checkout-safety.spec.ts;apps/web/e2e/pos-checkout.spec.ts;apps/web/e2e/pos-discount-approval.spec.ts;apps/web/e2e/pos-hold-resume.spec.ts;apps/web/e2e/pos-offline-sync.spec.ts;apps/web/e2e/pos-returns.spec.ts;apps/web/e2e/pos-transactions.spec.ts;apps/web/e2e/pos-visual-qa.spec.ts,
/pos/transactions,Transactions,AVAILABLE,yes,apps/web/e2e/pos-transactions.spec.ts,
/pos/stores,Stores,AVAILABLE,yes,apps/web/e2e/pos-accessibility.spec.ts;apps/web/e2e/pos-shifts-cash-and-safety.spec.ts;apps/web/e2e/pos-visual-qa.spec.ts,
/pos/terminals,Terminals,AVAILABLE,yes,apps/web/e2e/pos-accessibility.spec.ts;apps/web/e2e/pos-visual-qa.spec.ts,
/pos/cashiers,Cashiers,AVAILABLE,yes,apps/web/e2e/pos-accessibility.spec.ts;apps/web/e2e/pos-visual-qa.spec.ts,
/pos/settings,Settings,AVAILABLE,yes,,
/pos/promotions,Promotions,AVAILABLE,yes,apps/web/e2e/pos-accessibility.spec.ts;apps/web/e2e/pos-visual-qa.spec.ts,
/pos/coupons,Coupons,AVAILABLE,yes,apps/web/e2e/pos-accessibility.spec.ts;apps/web/e2e/pos-visual-qa.spec.ts,
/pos/discount-approvals,Discount Approvals,AVAILABLE,yes,,
/pos/shifts,Shifts,AVAILABLE,yes,apps/web/e2e/pos-authorization.spec.ts;apps/web/e2e/pos-shifts-cash-and-safety.spec.ts,
/pos/cash-movement,Cash Movement,AVAILABLE,yes,apps/web/e2e/pos-shifts-cash-and-safety.spec.ts,
/pos/returns,Returns,AVAILABLE,yes,apps/web/e2e/pos-accessibility.spec.ts;apps/web/e2e/pos-returns.spec.ts;apps/web/e2e/pos-visual-qa.spec.ts,
/pos/customers,Customers,AVAILABLE,yes,,
/pos/loyalty,Loyalty,AVAILABLE,yes,apps/web/e2e/pos-accessibility.spec.ts;apps/web/e2e/pos-visual-qa.spec.ts,
/pos/invoices,Invoices,AVAILABLE,yes,apps/web/e2e/pos-accessibility.spec.ts;apps/web/e2e/pos-visual-qa.spec.ts,
/pos/inventory,POS Inventory,AVAILABLE,yes,,
/pos/offline-sync-conflicts,Offline Sync Conflicts,AVAILABLE,yes,apps/web/e2e/pos-accessibility.spec.ts;apps/web/e2e/pos-visual-qa.spec.ts,
/pos/reports/day-end,Day-end (Z) Reports,AVAILABLE,yes,apps/web/e2e/pos-accessibility.spec.ts;apps/web/e2e/pos-visual-qa.spec.ts,
/pos/reconciliation,Reconciliation,AVAILABLE,yes,apps/web/e2e/pos-accessibility.spec.ts;apps/web/e2e/pos-visual-qa.spec.ts,
/pos/accounting,Accounting Posting,AVAILABLE,yes,apps/web/e2e/pos-accessibility.spec.ts;apps/web/e2e/pos-visual-qa.spec.ts,
/pos/analytics,Analytics,AVAILABLE,yes,apps/web/e2e/pos-accessibility.spec.ts;apps/web/e2e/pos-visual-qa.spec.ts,
/pos/reports,Reports,AVAILABLE,yes,apps/web/e2e/pos-accessibility.spec.ts;apps/web/e2e/pos-visual-qa.spec.ts,
/quality,Home,AVAILABLE,yes,,
/quality/plans,Quality Plans,AVAILABLE,yes,,
/quality/sampling-plans,Sampling Plans,AVAILABLE,yes,,
/quality/inspections,Inspections,AVAILABLE,yes,,
/quality/open-inspections,Open Inspections,AVAILABLE,yes,,
/quality/nonconformances,Non-Conformances,AVAILABLE,yes,,
/quality/holds,Quality Holds,AVAILABLE,yes,,
/quality/capa,CAPA,AVAILABLE,yes,,
/quality/supplier-records,Supplier Quality,AVAILABLE,yes,,
/quality/complaints,Customer Complaints,AVAILABLE,yes,,
/quality/audits,Audits,AVAILABLE,yes,,
/quality/calibration,Calibration,AVAILABLE,yes,,
/quality/certificates,Certificates,AVAILABLE,yes,,
/quality/documents,Documents,AVAILABLE,yes,,
/support,Home,AVAILABLE,yes,,
/support/my-tickets,My Tickets,AVAILABLE,yes,,
/support/tickets,All Tickets,AVAILABLE,yes,,
/support/unassigned,Unassigned,AVAILABLE,yes,,
/support/escalated,Escalated,AVAILABLE,yes,,
/support/categories,Categories,AVAILABLE,yes,,
/support/queues,Team Queues,AVAILABLE,yes,,
/support/routing-rules,Routing,AVAILABLE,yes,,
/support/sla-policies,SLA Policies,AVAILABLE,yes,,
/support/breaches,Breaches,AVAILABLE,yes,,
/support/escalation-policies,Escalations,AVAILABLE,yes,,
/support/escalations-admin,Escalation Log,AVAILABLE,yes,,
/support/knowledge-articles,Articles,AVAILABLE,yes,,
/support/canned-responses,Canned Responses,AVAILABLE,yes,,
/support/entitlements,Entitlements,AVAILABLE,yes,,
/support/portal-users,Portal Administration,AVAILABLE,yes,,
/support/portal-tickets,My Tickets,AVAILABLE,yes,,
/support/portal-articles,Help Articles,AVAILABLE,yes,,
/support/csat,CSAT,AVAILABLE,yes,,
/support/agent-performance,Agent Performance,AVAILABLE,yes,,
/support/sla-reports,SLA Reports,AVAILABLE,yes,,
/hr,Home,AVAILABLE,yes,apps/web/e2e/accounting-journal.spec.ts;apps/web/e2e/assets-lifecycle.spec.ts;apps/web/e2e/hr-payroll.spec.ts;apps/web/e2e/hr-performance.spec.ts;apps/web/e2e/hr-recruitment.spec.ts;apps/web/e2e/hr-time-leave.spec.ts;apps/web/e2e/hr-workforce.spec.ts;apps/web/e2e/projects-delivery.spec.ts,
/hr/me,My Profile,AVAILABLE,yes,apps/web/e2e/hr-workforce.spec.ts,
/hr/settings,Settings,AVAILABLE,yes,,
/hr/employees,Employees,AVAILABLE,yes,apps/web/e2e/hr-recruitment.spec.ts;apps/web/e2e/hr-workforce.spec.ts,
/hr/organization,Organization,AVAILABLE,yes,apps/web/e2e/hr-workforce.spec.ts,
/hr/departments,Departments,AVAILABLE,yes,,
/hr/positions,Positions,AVAILABLE,yes,,
/hr/documents,Documents,AVAILABLE,yes,apps/web/e2e/hr-workforce.spec.ts,
/hr/document-types,Document Types,AVAILABLE,yes,,
/hr/profile-requests,Profile Requests,AVAILABLE,yes,apps/web/e2e/hr-workforce.spec.ts,
/hr/onboarding,Onboarding,AVAILABLE,yes,,
/hr/probation,Probation,AVAILABLE,yes,,
/hr/confirmations,Confirmations,AVAILABLE,yes,,
/hr/probation-extensions,Probation Extensions,AVAILABLE,yes,,
/hr/transfers,Transfers,AVAILABLE,yes,apps/web/e2e/hr-workforce.spec.ts,
/hr/promotions,Promotions,AVAILABLE,yes,,
/hr/offboarding,Offboarding,AVAILABLE,yes,apps/web/e2e/hr-workforce.spec.ts,
/hr/separations,Separations,AVAILABLE,yes,apps/web/e2e/hr-workforce.spec.ts,
/hr/openings,Job Openings,AVAILABLE,yes,apps/web/e2e/hr-recruitment.spec.ts,
/hr/candidates,Candidates,AVAILABLE,yes,apps/web/e2e/hr-recruitment.spec.ts,
/hr/applications,Pipeline,AVAILABLE,yes,apps/web/e2e/hr-recruitment.spec.ts,
/hr/interviews,Interviews,AVAILABLE,yes,apps/web/e2e/hr-recruitment.spec.ts,
/hr/my-interviews,My Interviews,AVAILABLE,yes,apps/web/e2e/hr-recruitment.spec.ts,
/hr/offers,Offers,AVAILABLE,yes,apps/web/e2e/hr-recruitment.spec.ts,
/hr/attendance,Attendance,AVAILABLE,yes,apps/web/e2e/hr-time-leave.spec.ts,
/hr/my-attendance,My Attendance,AVAILABLE,yes,apps/web/e2e/hr-time-leave.spec.ts,
/hr/regularizations,Corrections,AVAILABLE,yes,,
/hr/team-corrections,Team Corrections,AVAILABLE,yes,apps/web/e2e/hr-time-leave.spec.ts,
/hr/late-early,Late & Early,AVAILABLE,yes,,
/hr/shifts,Shifts,AVAILABLE,yes,,
/hr/shift-assignments,Shift Assignments,AVAILABLE,yes,,
/hr/holiday-calendars,Holiday Calendars,AVAILABLE,yes,,
/hr/holidays,Holidays,AVAILABLE,yes,,
/hr/overtime,Overtime,AVAILABLE,yes,,
/hr/team-overtime,Team Overtime,AVAILABLE,yes,,
/hr/leave-requests,Leave Requests,AVAILABLE,yes,apps/web/e2e/hr-time-leave.spec.ts,
/hr/my-leave,My Leave,AVAILABLE,yes,apps/web/e2e/hr-time-leave.spec.ts,
/hr/team-leave,Team Leave,AVAILABLE,yes,apps/web/e2e/hr-time-leave.spec.ts,
/hr/leave-balances,Balances,AVAILABLE,yes,,
/hr/my-leave-balances,My Balances,AVAILABLE,yes,apps/web/e2e/hr-time-leave.spec.ts,
/hr/leave-policies,Policies,AVAILABLE,yes,,
/hr/leave-types,Leave Types,AVAILABLE,yes,,
/hr/leave-admin,Leave Administration,AVAILABLE,yes,,
/hr/salary-structures,Salary Structures,AVAILABLE,yes,,
/hr/compensation,Compensation,AVAILABLE,yes,apps/web/e2e/hr-payroll.spec.ts,
/hr/pay-components,Pay Components,AVAILABLE,yes,,
/hr/payroll,Payroll,AVAILABLE,yes,apps/web/e2e/hr-payroll.spec.ts,
/hr/payroll-runs,Payroll Runs,AVAILABLE,yes,apps/web/e2e/hr-payroll.spec.ts,
/hr/payroll-periods,Payroll Periods,AVAILABLE,yes,,
/hr/payroll-exceptions,Exceptions,AVAILABLE,yes,,
/hr/payroll-inputs,Adjustments,AVAILABLE,yes,,
/hr/expenses,Expenses,AVAILABLE,yes,,
/hr/my-expenses,My Expenses,AVAILABLE,yes,,
/hr/team-expenses,Team Expenses,AVAILABLE,yes,,
/hr/loans,Loans,AVAILABLE,yes,,
/hr/my-loans,My Loans,AVAILABLE,yes,,
/hr/expense-categories,Expense Categories,AVAILABLE,yes,,
/hr/payslips,Payslips,AVAILABLE,yes,,
/hr/my-payslips,My Payslips,AVAILABLE,yes,apps/web/e2e/hr-payroll.spec.ts,
/hr/final-settlements,Settlements,AVAILABLE,yes,,
/hr/bank-files,Bank Files,AVAILABLE,yes,,
/hr/statutory-components,Statutory Components,AVAILABLE,yes,,
/hr/gratuity-records,Gratuity,AVAILABLE,yes,,
/hr/compliance-report,Compliance Report,AVAILABLE,yes,,
/hr/goals,Goals,AVAILABLE,yes,,
/hr/my-goals,My Goals,AVAILABLE,yes,apps/web/e2e/hr-performance.spec.ts,
/hr/team-goals,Team Goals,AVAILABLE,yes,apps/web/e2e/hr-performance.spec.ts,
/hr/review-cycles,Review Cycles,AVAILABLE,yes,apps/web/e2e/hr-performance.spec.ts,
/hr/appraisals,Appraisals,AVAILABLE,yes,apps/web/e2e/hr-performance.spec.ts,
/hr/my-appraisals,My Appraisals,AVAILABLE,yes,apps/web/e2e/hr-performance.spec.ts,
/hr/appraisals-to-review,Appraisals to Review,AVAILABLE,yes,apps/web/e2e/hr-performance.spec.ts,
/hr/skills,Skills,AVAILABLE,yes,,
/hr/employee-skills,Skills Matrix,AVAILABLE,yes,,
/hr/my-skills,My Skills,AVAILABLE,yes,apps/web/e2e/hr-performance.spec.ts,
/hr/courses,Courses,AVAILABLE,yes,,
/hr/training-sessions,Training Sessions,AVAILABLE,yes,,
/hr/training-enrolments,Training Enrolments,AVAILABLE,yes,apps/web/e2e/hr-performance.spec.ts,
/hr/my-training,My Training,AVAILABLE,yes,apps/web/e2e/hr-performance.spec.ts,
/hr/reports,Reports,PLANNED,no,,
/accounting,Home,AVAILABLE,yes,apps/web/e2e/accounting-journal.spec.ts;apps/web/e2e/assets-lifecycle.spec.ts;apps/web/e2e/billing-plans.spec.ts;apps/web/e2e/pos-accessibility.spec.ts;apps/web/e2e/pos-visual-qa.spec.ts;apps/web/e2e/projects-delivery.spec.ts,
/accounting/chart-of-accounts,Chart of Accounts,AVAILABLE,yes,,
/accounting/journals,Journals,AVAILABLE,yes,apps/web/e2e/accounting-journal.spec.ts,
/accounting/general-ledger,General Ledger,AVAILABLE,yes,,
/accounting/fiscal-periods,Fiscal Periods,AVAILABLE,yes,,
/accounting/customer-invoices,Customer Invoices,AVAILABLE,yes,,
/accounting/receipts,Receipts,AVAILABLE,yes,,
/accounting/credit,Credit,PLANNED,no,,
/accounting/ar-aging,AR Aging,AVAILABLE,yes,,
/accounting/supplier-invoices,Supplier Invoices,AVAILABLE,yes,,
/accounting/payments,Payments,AVAILABLE,yes,,
/accounting/ap-aging,AP Aging,AVAILABLE,yes,,
/accounting/bank-accounts,Bank Accounts,AVAILABLE,yes,,
/accounting/bank-transactions,Bank Statements,AVAILABLE,yes,,
/accounting/reconciliation,Reconciliation,PLANNED,no,,
/accounting/gst,GST,AVAILABLE,yes,,
/accounting/tds-tcs,TDS / TCS,PLANNED,no,,
/accounting/tax-reports,Tax Reports,AVAILABLE,yes,,
/accounting/budgets,Budgets,AVAILABLE,yes,,
/accounting/accruals,Accruals,AVAILABLE,yes,,
/accounting/prepayments,Prepayments,PLANNED,no,,
/accounting/revenue-schedules,Revenue Schedules,PLANNED,no,,
/accounting/budget-actual,Budget vs Actual,AVAILABLE,yes,,
/accounting/assets,Fixed Assets,AVAILABLE,yes,,
/accounting/fx,Foreign Exchange,AVAILABLE,yes,,
/accounting/intercompany,Intercompany,AVAILABLE,yes,,
/accounting/consolidation,Consolidation,AVAILABLE,yes,,
/accounting/close-checklist,Close Checklist,AVAILABLE,yes,,
/accounting/period-close,Period Close,AVAILABLE,yes,,
/accounting/trial-balance,Trial Balance,AVAILABLE,yes,apps/web/e2e/accounting-journal.spec.ts,
/accounting/profit-loss,Profit & Loss,AVAILABLE,yes,,
/accounting/balance-sheet,Balance Sheet,AVAILABLE,yes,,
/accounting/cash-flow,Cash Flow,AVAILABLE,yes,,
/accounting/statutory-reports,Audit/Statutory Reports,AVAILABLE,yes,,
/accounting/settings,Accounting Settings,ADMIN_ONLY,no,,
