uat_id,sp_id,persona,scenario,expected_outcome,status
SP001-UAT-01,SP001,Authorized operator/admin,"Human UAT validates primary operator/admin workflow, visible states and evidence for Organization and tenant lifecycle.","Visible outcome, authoritative state, audit/security and recovery behavior match the approved shared-platform specification.",PLANNED
SP001-UAT-02,SP001,Authorized operator/admin,Human UAT validates at least one failure/recovery/permission scenario and confirms documentation matches actual operator expectations for Organization and tenant lifecycle.,"Visible outcome, authoritative state, audit/security and recovery behavior match the approved shared-platform specification.",PLANNED
SP002-UAT-01,SP002,Authorized operator/admin,"Human UAT validates primary operator/admin workflow, visible states and evidence for Company and legal-entity structure.","Visible outcome, authoritative state, audit/security and recovery behavior match the approved shared-platform specification.",PLANNED
SP002-UAT-02,SP002,Authorized operator/admin,Human UAT validates at least one failure/recovery/permission scenario and confirms documentation matches actual operator expectations for Company and legal-entity structure.,"Visible outcome, authoritative state, audit/security and recovery behavior match the approved shared-platform specification.",PLANNED
SP003-UAT-01,SP003,Authorized operator/admin,"Human UAT validates primary operator/admin workflow, visible states and evidence for Branch, site and operating-unit context.","Visible outcome, authoritative state, audit/security and recovery behavior match the approved shared-platform specification.",PLANNED
SP003-UAT-02,SP003,Authorized operator/admin,"Human UAT validates at least one failure/recovery/permission scenario and confirms documentation matches actual operator expectations for Branch, site and operating-unit context.","Visible outcome, authoritative state, audit/security and recovery behavior match the approved shared-platform specification.",PLANNED
SP004-UAT-01,SP004,Authorized operator/admin,"Human UAT validates primary operator/admin workflow, visible states and evidence for Identity and user lifecycle.","Visible outcome, authoritative state, audit/security and recovery behavior match the approved shared-platform specification.",PLANNED
SP004-UAT-02,SP004,Authorized operator/admin,Human UAT validates at least one failure/recovery/permission scenario and confirms documentation matches actual operator expectations for Identity and user lifecycle.,"Visible outcome, authoritative state, audit/security and recovery behavior match the approved shared-platform specification.",PLANNED
SP005-UAT-01,SP005,Authorized operator/admin,"Human UAT validates primary operator/admin workflow, visible states and evidence for Authentication and credential security.","Visible outcome, authoritative state, audit/security and recovery behavior match the approved shared-platform specification.",PLANNED
SP005-UAT-02,SP005,Authorized operator/admin,Human UAT validates at least one failure/recovery/permission scenario and confirms documentation matches actual operator expectations for Authentication and credential security.,"Visible outcome, authoritative state, audit/security and recovery behavior match the approved shared-platform specification.",PLANNED
SP006-UAT-01,SP006,Authorized operator/admin,"Human UAT validates primary operator/admin workflow, visible states and evidence for Session and device security.","Visible outcome, authoritative state, audit/security and recovery behavior match the approved shared-platform specification.",PLANNED
SP006-UAT-02,SP006,Authorized operator/admin,Human UAT validates at least one failure/recovery/permission scenario and confirms documentation matches actual operator expectations for Session and device security.,"Visible outcome, authoritative state, audit/security and recovery behavior match the approved shared-platform specification.",PLANNED
SP007-UAT-01,SP007,Authorized operator/admin,"Human UAT validates primary operator/admin workflow, visible states and evidence for MFA, account recovery and step-up authentication.","Visible outcome, authoritative state, audit/security and recovery behavior match the approved shared-platform specification.",PLANNED
SP007-UAT-02,SP007,Authorized operator/admin,"Human UAT validates at least one failure/recovery/permission scenario and confirms documentation matches actual operator expectations for MFA, account recovery and step-up authentication.","Visible outcome, authoritative state, audit/security and recovery behavior match the approved shared-platform specification.",PLANNED
SP008-UAT-01,SP008,Authorized operator/admin,"Human UAT validates primary operator/admin workflow, visible states and evidence for Roles and permission model.","Visible outcome, authoritative state, audit/security and recovery behavior match the approved shared-platform specification.",PLANNED
SP008-UAT-02,SP008,Authorized operator/admin,Human UAT validates at least one failure/recovery/permission scenario and confirms documentation matches actual operator expectations for Roles and permission model.,"Visible outcome, authoritative state, audit/security and recovery behavior match the approved shared-platform specification.",PLANNED
SP009-UAT-01,SP009,Authorized operator/admin,"Human UAT validates primary operator/admin workflow, visible states and evidence for Record, field and contextual access control.","Visible outcome, authoritative state, audit/security and recovery behavior match the approved shared-platform specification.",PLANNED
SP009-UAT-02,SP009,Authorized operator/admin,"Human UAT validates at least one failure/recovery/permission scenario and confirms documentation matches actual operator expectations for Record, field and contextual access control.","Visible outcome, authoritative state, audit/security and recovery behavior match the approved shared-platform specification.",PLANNED
SP010-UAT-01,SP010,Authorized operator/admin,"Human UAT validates primary operator/admin workflow, visible states and evidence for Module entitlements and feature access.","Visible outcome, authoritative state, audit/security and recovery behavior match the approved shared-platform specification.",PLANNED
SP010-UAT-02,SP010,Authorized operator/admin,Human UAT validates at least one failure/recovery/permission scenario and confirms documentation matches actual operator expectations for Module entitlements and feature access.,"Visible outcome, authoritative state, audit/security and recovery behavior match the approved shared-platform specification.",PLANNED
SP011-UAT-01,SP011,Authorized operator/admin,"Human UAT validates primary operator/admin workflow, visible states and evidence for Subscription, billing and usage metering.","Visible outcome, authoritative state, audit/security and recovery behavior match the approved shared-platform specification.",PLANNED
SP011-UAT-02,SP011,Authorized operator/admin,"Human UAT validates at least one failure/recovery/permission scenario and confirms documentation matches actual operator expectations for Subscription, billing and usage metering.","Visible outcome, authoritative state, audit/security and recovery behavior match the approved shared-platform specification.",PLANNED
SP012-UAT-01,SP012,Authorized operator/admin,"Human UAT validates primary operator/admin workflow, visible states and evidence for Approval framework and segregation of duties.","Visible outcome, authoritative state, audit/security and recovery behavior match the approved shared-platform specification.",PLANNED
SP012-UAT-02,SP012,Authorized operator/admin,Human UAT validates at least one failure/recovery/permission scenario and confirms documentation matches actual operator expectations for Approval framework and segregation of duties.,"Visible outcome, authoritative state, audit/security and recovery behavior match the approved shared-platform specification.",PLANNED
SP013-UAT-01,SP013,Authorized operator/admin,"Human UAT validates primary operator/admin workflow, visible states and evidence for Workflow and automation engine.","Visible outcome, authoritative state, audit/security and recovery behavior match the approved shared-platform specification.",PLANNED
SP013-UAT-02,SP013,Authorized operator/admin,Human UAT validates at least one failure/recovery/permission scenario and confirms documentation matches actual operator expectations for Workflow and automation engine.,"Visible outcome, authoritative state, audit/security and recovery behavior match the approved shared-platform specification.",PLANNED
SP014-UAT-01,SP014,Authorized operator/admin,"Human UAT validates primary operator/admin workflow, visible states and evidence for Audit trail and change history.","Visible outcome, authoritative state, audit/security and recovery behavior match the approved shared-platform specification.",PLANNED
SP014-UAT-02,SP014,Authorized operator/admin,Human UAT validates at least one failure/recovery/permission scenario and confirms documentation matches actual operator expectations for Audit trail and change history.,"Visible outcome, authoritative state, audit/security and recovery behavior match the approved shared-platform specification.",PLANNED
SP015-UAT-01,SP015,Authorized operator/admin,"Human UAT validates primary operator/admin workflow, visible states and evidence for Domain events, transactional outbox and event delivery.","Visible outcome, authoritative state, audit/security and recovery behavior match the approved shared-platform specification.",PLANNED
SP015-UAT-02,SP015,Authorized operator/admin,"Human UAT validates at least one failure/recovery/permission scenario and confirms documentation matches actual operator expectations for Domain events, transactional outbox and event delivery.","Visible outcome, authoritative state, audit/security and recovery behavior match the approved shared-platform specification.",PLANNED
SP016-UAT-01,SP016,Authorized operator/admin,"Human UAT validates primary operator/admin workflow, visible states and evidence for Background jobs, scheduling, retries and dead letters.","Visible outcome, authoritative state, audit/security and recovery behavior match the approved shared-platform specification.",PLANNED
SP016-UAT-02,SP016,Authorized operator/admin,"Human UAT validates at least one failure/recovery/permission scenario and confirms documentation matches actual operator expectations for Background jobs, scheduling, retries and dead letters.","Visible outcome, authoritative state, audit/security and recovery behavior match the approved shared-platform specification.",PLANNED
SP017-UAT-01,SP017,Authorized operator/admin,"Human UAT validates primary operator/admin workflow, visible states and evidence for Notifications and preference center.","Visible outcome, authoritative state, audit/security and recovery behavior match the approved shared-platform specification.",PLANNED
SP017-UAT-02,SP017,Authorized operator/admin,Human UAT validates at least one failure/recovery/permission scenario and confirms documentation matches actual operator expectations for Notifications and preference center.,"Visible outcome, authoritative state, audit/security and recovery behavior match the approved shared-platform specification.",PLANNED
SP018-UAT-01,SP018,Authorized operator/admin,"Human UAT validates primary operator/admin workflow, visible states and evidence for Email delivery and inbound-mail platform.","Visible outcome, authoritative state, audit/security and recovery behavior match the approved shared-platform specification.",PLANNED
SP018-UAT-02,SP018,Authorized operator/admin,Human UAT validates at least one failure/recovery/permission scenario and confirms documentation matches actual operator expectations for Email delivery and inbound-mail platform.,"Visible outcome, authoritative state, audit/security and recovery behavior match the approved shared-platform specification.",PLANNED
SP019-UAT-01,SP019,Authorized operator/admin,"Human UAT validates primary operator/admin workflow, visible states and evidence for Files, attachments and document security.","Visible outcome, authoritative state, audit/security and recovery behavior match the approved shared-platform specification.",PLANNED
SP019-UAT-02,SP019,Authorized operator/admin,"Human UAT validates at least one failure/recovery/permission scenario and confirms documentation matches actual operator expectations for Files, attachments and document security.","Visible outcome, authoritative state, audit/security and recovery behavior match the approved shared-platform specification.",PLANNED
SP020-UAT-01,SP020,Authorized operator/admin,"Human UAT validates primary operator/admin workflow, visible states and evidence for Search and indexing.","Visible outcome, authoritative state, audit/security and recovery behavior match the approved shared-platform specification.",PLANNED
SP020-UAT-02,SP020,Authorized operator/admin,Human UAT validates at least one failure/recovery/permission scenario and confirms documentation matches actual operator expectations for Search and indexing.,"Visible outcome, authoritative state, audit/security and recovery behavior match the approved shared-platform specification.",PLANNED
SP021-UAT-01,SP021,Authorized operator/admin,"Human UAT validates primary operator/admin workflow, visible states and evidence for Custom fields, tags and controlled extensibility.","Visible outcome, authoritative state, audit/security and recovery behavior match the approved shared-platform specification.",PLANNED
SP021-UAT-02,SP021,Authorized operator/admin,"Human UAT validates at least one failure/recovery/permission scenario and confirms documentation matches actual operator expectations for Custom fields, tags and controlled extensibility.","Visible outcome, authoritative state, audit/security and recovery behavior match the approved shared-platform specification.",PLANNED
SP022-UAT-01,SP022,Authorized operator/admin,"Human UAT validates primary operator/admin workflow, visible states and evidence for Numbering, sequences and reference generation.","Visible outcome, authoritative state, audit/security and recovery behavior match the approved shared-platform specification.",PLANNED
SP022-UAT-02,SP022,Authorized operator/admin,"Human UAT validates at least one failure/recovery/permission scenario and confirms documentation matches actual operator expectations for Numbering, sequences and reference generation.","Visible outcome, authoritative state, audit/security and recovery behavior match the approved shared-platform specification.",PLANNED
SP023-UAT-01,SP023,Authorized operator/admin,"Human UAT validates primary operator/admin workflow, visible states and evidence for Import, export and bulk data operations.","Visible outcome, authoritative state, audit/security and recovery behavior match the approved shared-platform specification.",PLANNED
SP023-UAT-02,SP023,Authorized operator/admin,"Human UAT validates at least one failure/recovery/permission scenario and confirms documentation matches actual operator expectations for Import, export and bulk data operations.","Visible outcome, authoritative state, audit/security and recovery behavior match the approved shared-platform specification.",PLANNED
SP024-UAT-01,SP024,Authorized operator/admin,"Human UAT validates primary operator/admin workflow, visible states and evidence for API platform, versioning and error contracts.","Visible outcome, authoritative state, audit/security and recovery behavior match the approved shared-platform specification.",PLANNED
SP024-UAT-02,SP024,Authorized operator/admin,"Human UAT validates at least one failure/recovery/permission scenario and confirms documentation matches actual operator expectations for API platform, versioning and error contracts.","Visible outcome, authoritative state, audit/security and recovery behavior match the approved shared-platform specification.",PLANNED
SP025-UAT-01,SP025,Authorized operator/admin,"Human UAT validates primary operator/admin workflow, visible states and evidence for Webhooks and external integration runtime.","Visible outcome, authoritative state, audit/security and recovery behavior match the approved shared-platform specification.",PLANNED
SP025-UAT-02,SP025,Authorized operator/admin,Human UAT validates at least one failure/recovery/permission scenario and confirms documentation matches actual operator expectations for Webhooks and external integration runtime.,"Visible outcome, authoritative state, audit/security and recovery behavior match the approved shared-platform specification.",PLANNED
SP026-UAT-01,SP026,Authorized operator/admin,"Human UAT validates primary operator/admin workflow, visible states and evidence for Configuration, effective dating and feature flags.","Visible outcome, authoritative state, audit/security and recovery behavior match the approved shared-platform specification.",PLANNED
SP026-UAT-02,SP026,Authorized operator/admin,"Human UAT validates at least one failure/recovery/permission scenario and confirms documentation matches actual operator expectations for Configuration, effective dating and feature flags.","Visible outcome, authoritative state, audit/security and recovery behavior match the approved shared-platform specification.",PLANNED
SP027-UAT-01,SP027,Authorized operator/admin,"Human UAT validates primary operator/admin workflow, visible states and evidence for Localization, timezone, currency and UOM platform.","Visible outcome, authoritative state, audit/security and recovery behavior match the approved shared-platform specification.",PLANNED
SP027-UAT-02,SP027,Authorized operator/admin,"Human UAT validates at least one failure/recovery/permission scenario and confirms documentation matches actual operator expectations for Localization, timezone, currency and UOM platform.","Visible outcome, authoritative state, audit/security and recovery behavior match the approved shared-platform specification.",PLANNED
SP028-UAT-01,SP028,Authorized operator/admin,"Human UAT validates primary operator/admin workflow, visible states and evidence for Privacy, consent, retention and data-subject controls.","Visible outcome, authoritative state, audit/security and recovery behavior match the approved shared-platform specification.",PLANNED
SP028-UAT-02,SP028,Authorized operator/admin,"Human UAT validates at least one failure/recovery/permission scenario and confirms documentation matches actual operator expectations for Privacy, consent, retention and data-subject controls.","Visible outcome, authoritative state, audit/security and recovery behavior match the approved shared-platform specification.",PLANNED
SP029-UAT-01,SP029,Authorized operator/admin,"Human UAT validates primary operator/admin workflow, visible states and evidence for Security governance, secrets, keys and secure delivery.","Visible outcome, authoritative state, audit/security and recovery behavior match the approved shared-platform specification.",PLANNED
SP029-UAT-02,SP029,Authorized operator/admin,"Human UAT validates at least one failure/recovery/permission scenario and confirms documentation matches actual operator expectations for Security governance, secrets, keys and secure delivery.","Visible outcome, authoritative state, audit/security and recovery behavior match the approved shared-platform specification.",PLANNED
SP030-UAT-01,SP030,Authorized operator/admin,"Human UAT validates primary operator/admin workflow, visible states and evidence for Observability, diagnostics and supportability.","Visible outcome, authoritative state, audit/security and recovery behavior match the approved shared-platform specification.",PLANNED
SP030-UAT-02,SP030,Authorized operator/admin,"Human UAT validates at least one failure/recovery/permission scenario and confirms documentation matches actual operator expectations for Observability, diagnostics and supportability.","Visible outcome, authoritative state, audit/security and recovery behavior match the approved shared-platform specification.",PLANNED
SP031-UAT-01,SP031,Authorized operator/admin,"Human UAT validates primary operator/admin workflow, visible states and evidence for Reporting, analytics and read-model platform.","Visible outcome, authoritative state, audit/security and recovery behavior match the approved shared-platform specification.",PLANNED
SP031-UAT-02,SP031,Authorized operator/admin,"Human UAT validates at least one failure/recovery/permission scenario and confirms documentation matches actual operator expectations for Reporting, analytics and read-model platform.","Visible outcome, authoritative state, audit/security and recovery behavior match the approved shared-platform specification.",PLANNED
SP032-UAT-01,SP032,Authorized operator/admin,"Human UAT validates primary operator/admin workflow, visible states and evidence for Accessibility and inclusive interaction.","Visible outcome, authoritative state, audit/security and recovery behavior match the approved shared-platform specification.",PLANNED
SP032-UAT-02,SP032,Authorized operator/admin,Human UAT validates at least one failure/recovery/permission scenario and confirms documentation matches actual operator expectations for Accessibility and inclusive interaction.,"Visible outcome, authoritative state, audit/security and recovery behavior match the approved shared-platform specification.",PLANNED
SP033-UAT-01,SP033,Authorized operator/admin,"Human UAT validates primary operator/admin workflow, visible states and evidence for Experience Kernel, responsive web and cross-device UX.","Visible outcome, authoritative state, audit/security and recovery behavior match the approved shared-platform specification.",PLANNED
SP033-UAT-02,SP033,Authorized operator/admin,"Human UAT validates at least one failure/recovery/permission scenario and confirms documentation matches actual operator expectations for Experience Kernel, responsive web and cross-device UX.","Visible outcome, authoritative state, audit/security and recovery behavior match the approved shared-platform specification.",PLANNED
SP034-UAT-01,SP034,Authorized operator/admin,"Human UAT validates primary operator/admin workflow, visible states and evidence for Mobile platform, offline sync and device capabilities.","Visible outcome, authoritative state, audit/security and recovery behavior match the approved shared-platform specification.",PLANNED
SP034-UAT-02,SP034,Authorized operator/admin,"Human UAT validates at least one failure/recovery/permission scenario and confirms documentation matches actual operator expectations for Mobile platform, offline sync and device capabilities.","Visible outcome, authoritative state, audit/security and recovery behavior match the approved shared-platform specification.",PLANNED
SP035-UAT-01,SP035,Authorized operator/admin,"Human UAT validates primary operator/admin workflow, visible states and evidence for Reliability, backup, restore, disaster recovery and release safety.","Visible outcome, authoritative state, audit/security and recovery behavior match the approved shared-platform specification.",PLANNED
SP035-UAT-02,SP035,Authorized operator/admin,"Human UAT validates at least one failure/recovery/permission scenario and confirms documentation matches actual operator expectations for Reliability, backup, restore, disaster recovery and release safety.","Visible outcome, authoritative state, audit/security and recovery behavior match the approved shared-platform specification.",PLANNED
SP036-UAT-01,SP036,Authorized operator/admin,"Human UAT validates primary operator/admin workflow, visible states and evidence for AI governance, Copilot runtime and evaluation.","Visible outcome, authoritative state, audit/security and recovery behavior match the approved shared-platform specification.",PLANNED
SP036-UAT-02,SP036,Authorized operator/admin,"Human UAT validates at least one failure/recovery/permission scenario and confirms documentation matches actual operator expectations for AI governance, Copilot runtime and evaluation.","Visible outcome, authoritative state, audit/security and recovery behavior match the approved shared-platform specification.",PLANNED
