sp_id,requirement_name,category,owner,priority,specification_status,implementation_status,product_status,spec_path,source_ids,dependencies,canonical_business_count_impact
SP001,Organization and tenant lifecycle,Identity & tenancy,Platform,P0,SPECIFICATION_READY,NOT_STARTED,NOT_READY,04-shared-platform/requirements/SP001-organization-and-tenant-lifecycle.md,SRC-SP-NIST-63-4;SRC-SP-PG-RLS;SRC-SP-OWASP-API,,NONE
SP002,Company and legal-entity structure,Identity & tenancy,Platform,P0,SPECIFICATION_READY,NOT_STARTED,NOT_READY,04-shared-platform/requirements/SP002-company-and-legal-entity-structure.md,SRC-SP-PG-RLS;SRC-SP-OWASP-API;SRC-SP-CLDR-48,SP001,NONE
SP003,"Branch, site and operating-unit context",Identity & tenancy,Platform,P0,SPECIFICATION_READY,NOT_STARTED,NOT_READY,04-shared-platform/requirements/SP003-branch-site-and-operating-unit-context.md,SRC-SP-PG-RLS;SRC-SP-OWASP-API,"SP001,SP002",NONE
SP004,Identity and user lifecycle,Identity & access,Platform,P0,SPECIFICATION_READY,NOT_STARTED,NOT_READY,04-shared-platform/requirements/SP004-identity-and-user-lifecycle.md,SRC-SP-NIST-63-4;SRC-SP-OWASP-API,SP001,NONE
SP005,Authentication and credential security,Identity & access,Security,P0,SPECIFICATION_READY,NOT_STARTED,NOT_READY,04-shared-platform/requirements/SP005-authentication-and-credential-security.md,SRC-SP-NIST-63B-4;SRC-SP-OWASP-API,SP004,NONE
SP006,Session and device security,Identity & access,Security,P0,SPECIFICATION_READY,NOT_STARTED,NOT_READY,04-shared-platform/requirements/SP006-session-and-device-security.md,SRC-SP-NIST-63B-4;SRC-SP-OWASP-API,SP005,NONE
SP007,"MFA, account recovery and step-up authentication",Identity & access,Security,P0,SPECIFICATION_READY,NOT_STARTED,NOT_READY,04-shared-platform/requirements/SP007-mfa-account-recovery-and-step-up-authentication.md,SRC-SP-NIST-63B-4;SRC-SP-NIST-63-4,"SP005,SP006",NONE
SP008,Roles and permission model,Authorization,Security,P0,SPECIFICATION_READY,NOT_STARTED,NOT_READY,04-shared-platform/requirements/SP008-roles-and-permission-model.md,SRC-SP-OWASP-API;SRC-SP-PG-RLS,SP004,NONE
SP009,"Record, field and contextual access control",Authorization,Security,P0,SPECIFICATION_READY,NOT_STARTED,NOT_READY,04-shared-platform/requirements/SP009-record-field-and-contextual-access-control.md,SRC-SP-OWASP-API;SRC-SP-PG-RLS,"SP001,SP002,SP003,SP008",NONE
SP010,Module entitlements and feature access,Commercial & entitlement,Platform,P1,SPECIFICATION_READY,NOT_STARTED,NOT_READY,04-shared-platform/requirements/SP010-module-entitlements-and-feature-access.md,SRC-SP-OWASP-API;SRC-SP-RFC-9110,"SP001,SP008",NONE
SP011,"Subscription, billing and usage metering",Commercial & entitlement,Platform,P1,SPECIFICATION_READY,NOT_STARTED,NOT_READY,04-shared-platform/requirements/SP011-subscription-billing-and-usage-metering.md,SRC-SP-RFC-9110;SRC-SP-OWASP-API,"SP010,SP015,SP025",NONE
SP012,Approval framework and segregation of duties,Workflow & control,Platform,P0,SPECIFICATION_READY,NOT_STARTED,NOT_READY,04-shared-platform/requirements/SP012-approval-framework-and-segregation-of-duties.md,SRC-SP-OWASP-API;SRC-SP-NIST-SSDF,"SP008,SP009",NONE
SP013,Workflow and automation engine,Workflow & control,Platform,P1,SPECIFICATION_READY,NOT_STARTED,NOT_READY,04-shared-platform/requirements/SP013-workflow-and-automation-engine.md,SRC-SP-OWASP-API;SRC-SP-NIST-AI-600-1,"SP012,SP015,SP016",NONE
SP014,Audit trail and change history,Governance & evidence,Security,P0,SPECIFICATION_READY,NOT_STARTED,NOT_READY,04-shared-platform/requirements/SP014-audit-trail-and-change-history.md,SRC-SP-NIST-LOG;SRC-SP-CERTIN;SRC-SP-OWASP-API,"SP001,SP004",NONE
SP015,"Domain events, transactional outbox and event delivery",Integration runtime,Platform,P0,SPECIFICATION_READY,NOT_STARTED,NOT_READY,04-shared-platform/requirements/SP015-domain-events-transactional-outbox-and-event-delivery.md,SRC-SP-RFC-9110;SRC-SP-OTEL,SP014,NONE
SP016,"Background jobs, scheduling, retries and dead letters",Integration runtime,Platform,P0,SPECIFICATION_READY,NOT_STARTED,NOT_READY,04-shared-platform/requirements/SP016-background-jobs-scheduling-retries-and-dead-letters.md,SRC-SP-OTEL;SRC-SP-NIST-LOG,SP015,NONE
SP017,Notifications and preference center,Communication,Platform,P1,SPECIFICATION_READY,NOT_STARTED,NOT_READY,04-shared-platform/requirements/SP017-notifications-and-preference-center.md,SRC-SP-OWASP-API;SRC-SP-OTEL,"SP015,SP016",NONE
SP018,Email delivery and inbound-mail platform,Communication,Platform,P1,SPECIFICATION_READY,NOT_STARTED,NOT_READY,04-shared-platform/requirements/SP018-email-delivery-and-inbound-mail-platform.md,SRC-SP-NIST-SSDF;SRC-SP-OWASP-API,"SP016,SP017,SP019",NONE
SP019,"Files, attachments and document security",Content & documents,Security,P0,SPECIFICATION_READY,NOT_STARTED,NOT_READY,04-shared-platform/requirements/SP019-files-attachments-and-document-security.md,SRC-SP-OWASP-API;SRC-SP-NIST-SSDF,SP009,NONE
SP020,Search and indexing,Data access,Platform,P1,SPECIFICATION_READY,NOT_STARTED,NOT_READY,04-shared-platform/requirements/SP020-search-and-indexing.md,SRC-SP-OWASP-API;SRC-SP-OTEL,"SP009,SP015,SP016",NONE
SP021,"Custom fields, tags and controlled extensibility",Configuration & extensibility,Platform,P1,SPECIFICATION_READY,NOT_STARTED,NOT_READY,04-shared-platform/requirements/SP021-custom-fields-tags-and-controlled-extensibility.md,SRC-SP-OWASP-API;SRC-SP-NIST-SSDF,"SP009,SP020",NONE
SP022,"Numbering, sequences and reference generation",Configuration & extensibility,Platform,P1,SPECIFICATION_READY,NOT_STARTED,NOT_READY,04-shared-platform/requirements/SP022-numbering-sequences-and-reference-generation.md,SRC-SP-PG-RLS;SRC-SP-RFC-9110,"SP002,SP026",NONE
SP023,"Import, export and bulk data operations",Data movement,Platform,P1,SPECIFICATION_READY,NOT_STARTED,NOT_READY,04-shared-platform/requirements/SP023-import-export-and-bulk-data-operations.md,SRC-SP-OWASP-API;SRC-SP-NIST-SSDF,"SP009,SP016,SP019",NONE
SP024,"API platform, versioning and error contracts",Integration runtime,Platform,P0,SPECIFICATION_READY,NOT_STARTED,NOT_READY,04-shared-platform/requirements/SP024-api-platform-versioning-and-error-contracts.md,SRC-SP-OWASP-API;SRC-SP-RFC-9110;SRC-SP-RFC-9457,"SP005,SP008,SP009",NONE
SP025,Webhooks and external integration runtime,Integration runtime,Security,P0,SPECIFICATION_READY,NOT_STARTED,NOT_READY,04-shared-platform/requirements/SP025-webhooks-and-external-integration-runtime.md,SRC-SP-OWASP-API;SRC-SP-RFC-9110;SRC-SP-NIST-SSDF,"SP015,SP016,SP024",NONE
SP026,"Configuration, effective dating and feature flags",Configuration & extensibility,Platform,P0,SPECIFICATION_READY,NOT_STARTED,NOT_READY,04-shared-platform/requirements/SP026-configuration-effective-dating-and-feature-flags.md,SRC-SP-NIST-SSDF;SRC-SP-PG-RLS,"SP002,SP014",NONE
SP027,"Localization, timezone, currency and UOM platform",Internationalization,Platform,P1,SPECIFICATION_READY,NOT_STARTED,NOT_READY,04-shared-platform/requirements/SP027-localization-timezone-currency-and-uom-platform.md,SRC-SP-CLDR-48;SRC-SP-RFC-9110,"SP002,SP026",NONE
SP028,"Privacy, consent, retention and data-subject controls",Governance & evidence,Security,P0,SPECIFICATION_READY,NOT_STARTED,NOT_READY,04-shared-platform/requirements/SP028-privacy-consent-retention-and-data-subject-controls.md,SRC-SP-MEITY-DPDP;SRC-SP-NIST-63-4;SRC-SP-OWASP-API,"SP009,SP014,SP019,SP026",NONE
SP029,"Security governance, secrets, keys and secure delivery",Security & operations,Security,P0,SPECIFICATION_READY,NOT_STARTED,NOT_READY,04-shared-platform/requirements/SP029-security-governance-secrets-keys-and-secure-delivery.md,SRC-SP-NIST-SSDF;SRC-SP-GITHUB-OIDC;SRC-SP-OWASP-API,"SP005,SP014",NONE
SP030,"Observability, diagnostics and supportability",Security & operations,Platform,P0,SPECIFICATION_READY,NOT_STARTED,NOT_READY,04-shared-platform/requirements/SP030-observability-diagnostics-and-supportability.md,SRC-SP-OTEL;SRC-SP-NIST-LOG;SRC-SP-CERTIN,"SP014,SP015,SP016",NONE
SP031,"Reporting, analytics and read-model platform",Data access,Platform,P1,SPECIFICATION_READY,NOT_STARTED,NOT_READY,04-shared-platform/requirements/SP031-reporting-analytics-and-read-model-platform.md,SRC-SP-OWASP-API;SRC-SP-OTEL,"SP009,SP016,SP020",NONE
SP032,Accessibility and inclusive interaction,Experience,UX,P0,SPECIFICATION_READY,NOT_STARTED,NOT_READY,04-shared-platform/requirements/SP032-accessibility-and-inclusive-interaction.md,SRC-SP-WCAG-22;SRC-SP-WAI-APG,SP033,NONE
SP033,"Experience Kernel, responsive web and cross-device UX",Experience,UX,P0,SPECIFICATION_READY,NOT_STARTED,NOT_READY,04-shared-platform/requirements/SP033-experience-kernel-responsive-web-and-cross-device-ux.md,SRC-SP-WCAG-22;SRC-SP-NIST-SSDF,SP032,NONE
SP034,"Mobile platform, offline sync and device capabilities",Experience,Platform,P1,SPECIFICATION_READY,NOT_STARTED,NOT_READY,04-shared-platform/requirements/SP034-mobile-platform-offline-sync-and-device-capabilities.md,SRC-SP-OWASP-API;SRC-SP-NIST-63B-4,"SP006,SP009,SP024,SP033",NONE
SP035,"Reliability, backup, restore, disaster recovery and release safety",Security & operations,Operations,P0,SPECIFICATION_READY,NOT_STARTED,NOT_READY,04-shared-platform/requirements/SP035-reliability-backup-restore-disaster-recovery-and-release-safety.md,SRC-SP-NIST-DR;SRC-SP-NIST-SSDF;SRC-SP-GITHUB-OIDC;SRC-SP-CERTIN,"SP016,SP029,SP030",NONE
SP036,"AI governance, Copilot runtime and evaluation",AI,AI Platform,P0,SPECIFICATION_READY,NOT_STARTED,NOT_READY,04-shared-platform/requirements/SP036-ai-governance-copilot-runtime-and-evaluation.md,SRC-SP-NIST-AI-600-1;SRC-SP-OWASP-API;SRC-SP-NIST-SSDF,"SP008,SP009,SP014,SP024,SP029,SP030",NONE
