from_sp_id,to_sp_id,relationship,rationale
SP002,SP001,DEPENDS_ON,Company and legal-entity structure relies on the public/shared contract owned by SP001.
SP003,SP001,DEPENDS_ON,"Branch, site and operating-unit context relies on the public/shared contract owned by SP001."
SP003,SP002,DEPENDS_ON,"Branch, site and operating-unit context relies on the public/shared contract owned by SP002."
SP004,SP001,DEPENDS_ON,Identity and user lifecycle relies on the public/shared contract owned by SP001.
SP005,SP004,DEPENDS_ON,Authentication and credential security relies on the public/shared contract owned by SP004.
SP006,SP005,DEPENDS_ON,Session and device security relies on the public/shared contract owned by SP005.
SP007,SP005,DEPENDS_ON,"MFA, account recovery and step-up authentication relies on the public/shared contract owned by SP005."
SP007,SP006,DEPENDS_ON,"MFA, account recovery and step-up authentication relies on the public/shared contract owned by SP006."
SP008,SP004,DEPENDS_ON,Roles and permission model relies on the public/shared contract owned by SP004.
SP009,SP001,DEPENDS_ON,"Record, field and contextual access control relies on the public/shared contract owned by SP001."
SP009,SP002,DEPENDS_ON,"Record, field and contextual access control relies on the public/shared contract owned by SP002."
SP009,SP003,DEPENDS_ON,"Record, field and contextual access control relies on the public/shared contract owned by SP003."
SP009,SP008,DEPENDS_ON,"Record, field and contextual access control relies on the public/shared contract owned by SP008."
SP010,SP001,DEPENDS_ON,Module entitlements and feature access relies on the public/shared contract owned by SP001.
SP010,SP008,DEPENDS_ON,Module entitlements and feature access relies on the public/shared contract owned by SP008.
SP011,SP010,DEPENDS_ON,"Subscription, billing and usage metering relies on the public/shared contract owned by SP010."
SP011,SP015,DEPENDS_ON,"Subscription, billing and usage metering relies on the public/shared contract owned by SP015."
SP011,SP025,DEPENDS_ON,"Subscription, billing and usage metering relies on the public/shared contract owned by SP025."
SP012,SP008,DEPENDS_ON,Approval framework and segregation of duties relies on the public/shared contract owned by SP008.
SP012,SP009,DEPENDS_ON,Approval framework and segregation of duties relies on the public/shared contract owned by SP009.
SP013,SP012,DEPENDS_ON,Workflow and automation engine relies on the public/shared contract owned by SP012.
SP013,SP015,DEPENDS_ON,Workflow and automation engine relies on the public/shared contract owned by SP015.
SP013,SP016,DEPENDS_ON,Workflow and automation engine relies on the public/shared contract owned by SP016.
SP014,SP001,DEPENDS_ON,Audit trail and change history relies on the public/shared contract owned by SP001.
SP014,SP004,DEPENDS_ON,Audit trail and change history relies on the public/shared contract owned by SP004.
SP015,SP014,DEPENDS_ON,"Domain events, transactional outbox and event delivery relies on the public/shared contract owned by SP014."
SP016,SP015,DEPENDS_ON,"Background jobs, scheduling, retries and dead letters relies on the public/shared contract owned by SP015."
SP017,SP015,DEPENDS_ON,Notifications and preference center relies on the public/shared contract owned by SP015.
SP017,SP016,DEPENDS_ON,Notifications and preference center relies on the public/shared contract owned by SP016.
SP018,SP016,DEPENDS_ON,Email delivery and inbound-mail platform relies on the public/shared contract owned by SP016.
SP018,SP017,DEPENDS_ON,Email delivery and inbound-mail platform relies on the public/shared contract owned by SP017.
SP018,SP019,DEPENDS_ON,Email delivery and inbound-mail platform relies on the public/shared contract owned by SP019.
SP019,SP009,DEPENDS_ON,"Files, attachments and document security relies on the public/shared contract owned by SP009."
SP020,SP009,DEPENDS_ON,Search and indexing relies on the public/shared contract owned by SP009.
SP020,SP015,DEPENDS_ON,Search and indexing relies on the public/shared contract owned by SP015.
SP020,SP016,DEPENDS_ON,Search and indexing relies on the public/shared contract owned by SP016.
SP021,SP009,DEPENDS_ON,"Custom fields, tags and controlled extensibility relies on the public/shared contract owned by SP009."
SP021,SP020,DEPENDS_ON,"Custom fields, tags and controlled extensibility relies on the public/shared contract owned by SP020."
SP022,SP002,DEPENDS_ON,"Numbering, sequences and reference generation relies on the public/shared contract owned by SP002."
SP022,SP026,DEPENDS_ON,"Numbering, sequences and reference generation relies on the public/shared contract owned by SP026."
SP023,SP009,DEPENDS_ON,"Import, export and bulk data operations relies on the public/shared contract owned by SP009."
SP023,SP016,DEPENDS_ON,"Import, export and bulk data operations relies on the public/shared contract owned by SP016."
SP023,SP019,DEPENDS_ON,"Import, export and bulk data operations relies on the public/shared contract owned by SP019."
SP024,SP005,DEPENDS_ON,"API platform, versioning and error contracts relies on the public/shared contract owned by SP005."
SP024,SP008,DEPENDS_ON,"API platform, versioning and error contracts relies on the public/shared contract owned by SP008."
SP024,SP009,DEPENDS_ON,"API platform, versioning and error contracts relies on the public/shared contract owned by SP009."
SP025,SP015,DEPENDS_ON,Webhooks and external integration runtime relies on the public/shared contract owned by SP015.
SP025,SP016,DEPENDS_ON,Webhooks and external integration runtime relies on the public/shared contract owned by SP016.
SP025,SP024,DEPENDS_ON,Webhooks and external integration runtime relies on the public/shared contract owned by SP024.
SP026,SP002,DEPENDS_ON,"Configuration, effective dating and feature flags relies on the public/shared contract owned by SP002."
SP026,SP014,DEPENDS_ON,"Configuration, effective dating and feature flags relies on the public/shared contract owned by SP014."
SP027,SP002,DEPENDS_ON,"Localization, timezone, currency and UOM platform relies on the public/shared contract owned by SP002."
SP027,SP026,DEPENDS_ON,"Localization, timezone, currency and UOM platform relies on the public/shared contract owned by SP026."
SP028,SP009,DEPENDS_ON,"Privacy, consent, retention and data-subject controls relies on the public/shared contract owned by SP009."
SP028,SP014,DEPENDS_ON,"Privacy, consent, retention and data-subject controls relies on the public/shared contract owned by SP014."
SP028,SP019,DEPENDS_ON,"Privacy, consent, retention and data-subject controls relies on the public/shared contract owned by SP019."
SP028,SP026,DEPENDS_ON,"Privacy, consent, retention and data-subject controls relies on the public/shared contract owned by SP026."
SP029,SP005,DEPENDS_ON,"Security governance, secrets, keys and secure delivery relies on the public/shared contract owned by SP005."
SP029,SP014,DEPENDS_ON,"Security governance, secrets, keys and secure delivery relies on the public/shared contract owned by SP014."
SP030,SP014,DEPENDS_ON,"Observability, diagnostics and supportability relies on the public/shared contract owned by SP014."
SP030,SP015,DEPENDS_ON,"Observability, diagnostics and supportability relies on the public/shared contract owned by SP015."
SP030,SP016,DEPENDS_ON,"Observability, diagnostics and supportability relies on the public/shared contract owned by SP016."
SP031,SP009,DEPENDS_ON,"Reporting, analytics and read-model platform relies on the public/shared contract owned by SP009."
SP031,SP016,DEPENDS_ON,"Reporting, analytics and read-model platform relies on the public/shared contract owned by SP016."
SP031,SP020,DEPENDS_ON,"Reporting, analytics and read-model platform relies on the public/shared contract owned by SP020."
SP032,SP033,DEPENDS_ON,Accessibility and inclusive interaction relies on the public/shared contract owned by SP033.
SP033,SP032,DEPENDS_ON,"Experience Kernel, responsive web and cross-device UX relies on the public/shared contract owned by SP032."
SP034,SP006,DEPENDS_ON,"Mobile platform, offline sync and device capabilities relies on the public/shared contract owned by SP006."
SP034,SP009,DEPENDS_ON,"Mobile platform, offline sync and device capabilities relies on the public/shared contract owned by SP009."
SP034,SP024,DEPENDS_ON,"Mobile platform, offline sync and device capabilities relies on the public/shared contract owned by SP024."
SP034,SP033,DEPENDS_ON,"Mobile platform, offline sync and device capabilities relies on the public/shared contract owned by SP033."
SP035,SP016,DEPENDS_ON,"Reliability, backup, restore, disaster recovery and release safety relies on the public/shared contract owned by SP016."
SP035,SP029,DEPENDS_ON,"Reliability, backup, restore, disaster recovery and release safety relies on the public/shared contract owned by SP029."
SP035,SP030,DEPENDS_ON,"Reliability, backup, restore, disaster recovery and release safety relies on the public/shared contract owned by SP030."
SP036,SP008,DEPENDS_ON,"AI governance, Copilot runtime and evaluation relies on the public/shared contract owned by SP008."
SP036,SP009,DEPENDS_ON,"AI governance, Copilot runtime and evaluation relies on the public/shared contract owned by SP009."
SP036,SP014,DEPENDS_ON,"AI governance, Copilot runtime and evaluation relies on the public/shared contract owned by SP014."
SP036,SP024,DEPENDS_ON,"AI governance, Copilot runtime and evaluation relies on the public/shared contract owned by SP024."
SP036,SP029,DEPENDS_ON,"AI governance, Copilot runtime and evaluation relies on the public/shared contract owned by SP029."
SP036,SP030,DEPENDS_ON,"AI governance, Copilot runtime and evaluation relies on the public/shared contract owned by SP030."
