source_path,capability,exported_symbols,sp_requirement_ids,related_business_requirement_ids,current_active_equivalent,target_architecture,database_dependencies,environment_variables,permissions,security_implications,tests,migration_classification,migration_status,evidence,notes
apps/web/src/core/access-control.ts,ALL_PERMISSIONS catalog import,ALL_PERMISSIONS,SP010,,packages/permissions/src/index.js ALL_PERMISSIONS/CORE_PERMISSIONS already exports the full permission-key catalog,packages/permissions (no change needed),none,none,none,none read-only catalog,tests/security/module-access.test.mjs (existing),ALREADY_LIVE_ELSEWHERE,not-applicable,packages/permissions/src/index.js:15-89 verified live,No port needed; parked file merely re-imports the live catalog.
apps/web/src/core/access-control.ts,Role templates + SoD policy (ROLE_TEMPLATES; SOD_CONFLICTS; CURRENT_MODULE_KEYS; permissionsForRole; analyzePermissionConflicts; permissionsOutsideGrantCeiling; roleIsAvailable),ROLE_TEMPLATES; ROLE_TEMPLATE_BY_SLUG; SOD_CONFLICTS; CURRENT_MODULE_KEYS; AccessModuleKey; RoleTemplate; permissionsForRole; analyzePermissionConflicts; permissionsOutsideGrantCeiling; roleIsAvailable,SP010; SP011,,none - no equivalent exists live anywhere in packages/permissions or services/api,packages/permissions/src/roles.js (policy primitive; framework-agnostic; consumed by services/api and apps/web alike),none,none,access.sod.override (referenced),Grant-ceiling + separation-of-duties logic gates role assignment; must not silently degrade blocking conflicts to warnings,services/api/tests/access-control.test.mjs (new); packages/permissions tests (new),PORT_NOW_ACCESS_SESSION,ported,packages/permissions/src/roles.js,Ported verbatim with CURRENT_MODULE_KEYS reconciled against ERP_MODULE_CATALOG (all 12 modules now released, per file's own 2026-08-08 comment).
apps/web/src/core/access-admin.ts,Access administration (role assignment validation; delegated-admin scope enforcement; role snapshots; user access state),validateRoleSelection; hasUnrestrictedAccessAdministration; assertUserWithinAdministrationScope; assertInvitationWithinAdministrationScope; validateScopeGrantCeiling; validateInvitationRolesForAcceptance; recordRoleSnapshot; getUserAccessState,SP010; SP011,,none,services/api/src/core/access-administration.js (client-injected; follows master-data.js/idempotency.js convention),tenant company/branch/department/team access tables; roles; role_permissions; role_version_snapshots,none,users.manage; roles.assign; access.sod.override,Delegated-admin scope containment (an admin cannot grant/see access outside their own company/branch/department/team scope) and privileged-role-assignment gating are the core defense against privilege escalation,services/api/tests/access-administration.test.mjs (new),PORT_NOW_ACCESS_SESSION,ported,services/api/src/core/access-administration.js,Re-reviewed: scope-containment queries preserved exactly (NOT EXISTS anti-join pattern); no weakening.
apps/web/src/core/auth.ts,Session lifecycle (password hashing; opaque session tokens; session creation/resolution/revocation; workspace/company/branch resolution),hashPassword; verifyPassword; verifyPasswordOrDummy; createOpaqueToken; tokenHash; createSession; setSessionOrganization; resolveSessionContext (internal); SessionContext; WorkspaceSessionContext,SP010,,none,services/api/src/core/session.js (client-injected DB/session-resolution logic; scrypt hashing; no Next.js import),sessions; users; organization_memberships; user_preferences; companies; branches; user_role_assignments; roles; role_permissions,SESSION_COOKIE_NAME; SESSION_ABSOLUTE_DAYS; SESSION_IDLE_MINUTES; MOBILE_SESSION_IDLE_DAYS,workspace.view (implicit baseline),"scrypt password hashing with constant-time compare; timing-safe dummy-hash comparison on unknown users (anti user-enumeration); idle+absolute session expiry; unrestricted-vs-scoped company/branch resolution via privileged-role EXISTS clause",services/api/tests/session.test.mjs (new),PORT_NOW_ACCESS_SESSION,ported,services/api/src/core/session.js,Split from the parked file (see next row for the Next.js-specific half).
apps/web/src/core/auth.ts,Next.js session wiring (cookies; headers; redirects; request-scoped cache()),setSessionCookie; clearSessionCookie; currentSessionTokenHash; revokeCurrentSession; getSessionContext; getMobileSessionContext; requireUser; requireVerifiedUser; requireWorkspace; requireApiWorkspace; nextPath,SP010,,none,apps/web/src/core/session.ts (new; thin Next.js Route Handler/Server Component wrapper that calls services/api/src/core/session.js with a client from apps/web's own pool),none (delegates to services/api/src/core/session.js),SESSION_COOKIE_NAME,workspace.view,"httpOnly/sameSite=lax/secure cookie flags; React cache() is request-scoped only, never cross-request",apps/web/tests (new; Phase 4),NEEDS_REDESIGN,ported,apps/web/src/core/session.ts,Rebuilt against the live (auth) route group rather than copied verbatim; Bearer-token mobile path preserved.
apps/web/src/core/module-access.ts,Module entitlement/permission resolution (release x tenant-enablement x billing-plan x permission composition),ModuleAccessReason; ModuleAccess; getModuleDefinition; isModuleReleased; getEnabledModuleKeys; isModuleEnabledForTenant; isModuleEntitled; isModulePermitted; resolveModuleAccess; canUserAccessModule; assertModuleAccessible; requireModuleWorkspace; getAccessibleModules,SP012,,none,services/api/src/core/module-entitlements.js (client-injected; consumes @vercentlabs/shared-types ERP_MODULE_CATALOG + services/api/src/core/entitlements.js),organization_modules,none,crm.view; sales.view; accounting.view; procurement.view; stock.view; manufacturing.view; projects.view; assets.view; pos.view; quality.view; support.view; hr_payroll.view,Fails closed on any lookup error (never defaults to granting module access); this is the sole authority the new navigation registry (Phase 7) must call - never re-implemented per-caller,services/api/tests/module-entitlements.test.mjs (new),PORT_NOW_PLATFORM,ported,services/api/src/core/module-entitlements.js,Depends on a permission-check helper (hasPermission/PERMISSIONS from @/core/authorization) that was referenced but NOT itself among the 42 recovered files - see access-control-runtime.js note below.
(gap - referenced but not recovered),Session permission-check helper,hasPermission; PERMISSIONS,SP010,,none found live under this name,services/api/src/core/access-control-runtime.js (new; hasPermission(session,key) = session.roleSlugs.includes(organization_owner) || session.permissions.includes(key), matching the inline sessionHasPermission() pattern found in shared-platform.ts:973-975),none,none,none,"This helper was imported by 6+ recovered files (module-access.ts, billing.ts is exempt, security.ts, several route handlers) but its own source file was never part of the 42 recovered files - either never captured by the archive point or lost earlier. Reconstructed from the one inline duplicate that WAS recovered (shared-platform.ts's sessionHasPermission), not invented.",services/api/tests/access-control-runtime.test.mjs (new),PORT_NOW_ACCESS_SESSION,ported,services/api/src/core/access-control-runtime.js,Flagged per the explicit instruction to never assume recovered code is complete; this gap is disclosed rather than silently patched over.
apps/web/src/core/billing.ts,Billing entitlement/usage summary (plan limits; usage metering; module entitlement enforcement; organization limits),billingEnforcementMode; ensureOrganizationBilling; listBillingPlans; getBillingSummary; requireBillingWriteAccess; incrementBillingUsage; assertModuleEntitlement; assertOrganizationLimit; replaceOrganizationSubscriptionWithClient; replaceOrganizationSubscription,SP013,,services/api/src/core/billing.js (Razorpay provider-status mapping ONLY - distinct concern; no naming collision risk avoided by renaming target),services/api/src/core/entitlements.js (client-injected; separate file from the existing provider-mapping billing.js to avoid conflating provider integration with entitlement policy),billing_customers; organization_subscriptions; billing_plans; billing_plan_prices; billing_usage_monthly; billing_usage_events; billing_entitlement_overrides; companies; branches,BILLING_ENFORCEMENT_MODE,billing.manage; billing.checkout,"Idempotent usage increments (advisory-lock-free but idempotency-key-checked against prior request for divergence); enforcement-mode aware (observe vs enforce) so non-production never hard-blocks on a billing lookup failure",services/api/tests/entitlements.test.mjs (new),PORT_NOW_PLATFORM,ported,services/api/src/core/entitlements.js,Confirmed no collision with existing services/api/src/core/billing.js (Razorpay plan/status mapping only) via direct read.
apps/web/src/core/security.ts,Request security primitives (origin/CSRF checks; rate limiting; audit log write; login-event recording; client IP resolution),sha256; verifiedCaptureProxyFingerprint; directCaptureFingerprint; canonicalAppOrigin; clientIp; assertSameOrigin; assertSameOriginOrMobile; readRequestBytes; enforceRateLimit; audit; recordLoginEvent,SP014,,none,services/api/src/core/security.js (client-injected audit/rate-limit; pure origin/IP helpers unchanged),auth_rate_limits; audit_events; login_events,CRM_CAPTURE_PROXY_SECRET; APP_URL; FORM_ALLOWED_ORIGINS; TRUSTED_PROXY_IP_HEADER; TRUSTED_PROXY_CLIENT_INDEX,none (cross-cutting infra used by permissioned callers),"Origin/referer allow-list (never trusts raw X-Forwarded-For without an operator-configured trusted-proxy header); timing-safe HMAC compare for proxy fingerprints; redactAuditPayload() dependency (see next row) must survive the port unchanged",services/api/tests/security.test.mjs (new),PORT_NOW_PLATFORM,ported,services/api/src/core/security.js,mobile-vs-browser origin bypass path (assertSameOriginOrMobile) preserved exactly - required for Phase 4's mobile Bearer-token session path.
apps/web/src/shared/security/redaction.ts (dependency of security.ts; not itself among the 42 recovered files),Audit-payload redaction (redactAuditPayload),redactAuditPayload,SP014,,unknown - not recovered,services/api/src/core/audit-redaction.js (new; minimal denylist-key redaction for password/token/secret/credential-shaped keys pending confirmation of the exact original field list),none,none,none,"audit() unconditionally calls redactAuditPayload() on every metadata/before/after payload it persists; without it, sensitive fields could be written to audit_events verbatim. Not recoverable from the 42-file set - rebuilt conservatively rather than skipped.",services/api/tests/audit-redaction.test.mjs (new),PORT_NOW_PLATFORM,ported,services/api/src/core/audit-redaction.js,Second recovery gap; disclosed per Phase 1's explicit instruction.
apps/web/src/core/attachment-security.ts,Attachment content-type verification + malware scanning,verifyAttachmentContent; scanAttachmentForUpload,SP015,,none,services/api/src/core/attachment-security.js (pure + fetch-based; no DB),none,ATTACHMENT_SCAN_MODE; ATTACHMENT_SCAN_URL; ATTACHMENT_SCAN_TOKEN,none,"Magic-byte content-type verification (not just declared MIME); EICAR test-string rejection; required external scan in production with fail-closed HttpError(503) when unconfigured",services/api/tests/attachment-security.test.mjs (new),PORT_NOW_PLATFORM,ported,services/api/src/core/attachment-security.js,Ported verbatim; no DB or session dependency, lowest-risk port in the set.
apps/web/src/core/mailer.ts,Auth transactional email delivery (verify-email; reset-password; invitation),deliverAuthMessage,SP010,,none,services/api/src/core/auth-mailer.js (client-injected not required; pure fetch/SMTP),none,SMTP_HOST; SMTP_USER; SMTP_PASSWORD; SMTP_PORT; SMTP_SECURE; AUTH_EMAIL_FROM; AUTH_EMAIL_REPLY_TO; AUTH_EMAIL_WEBHOOK_URL; AUTH_EMAIL_WEBHOOK_SECRET; AUTH_EMAIL_TIMEOUT_MS,none,HTML-escapes all interpolated user content (email/organizationName/url) before building the email body - required for Phase 4 verify-email/reset-password/invitation flows,services/api/tests/auth-mailer.test.mjs (new),PORT_NOW_ACCESS_SESSION,ported,services/api/src/core/auth-mailer.js,Needed directly by Phase 4 auth web experience.
apps/web/src/core/http.ts,Next.js HTTP response/error helpers,HttpError; ok; fail; failWithCode; readJson; errorResponse,SP010,,services/api modules each define their own narrow Error subclass (BusinessDataError; IdempotencyError; BillingDomainError) - no shared HttpError convention exists service-side,apps/web/src/core/http.ts (new; kept in apps/web since NextResponse is Next.js-specific; normalizes services/api's per-module error classes plus a new shared HttpError for route-level validation),none,none,none,none,apps/web tests (new; Phase 4+),NEEDS_REDESIGN,ported,apps/web/src/core/http.ts,Rebuilt rather than copied so it can map services/api's existing per-module error classes (not just one shared HttpError) to HTTP responses.
apps/web/src/core/shared-platform.ts,Tenant API keys (developer apps + API-key issuance/rotation/scoped auth),createTenantApiKeyMaterial; apiKeyHash; createDeveloperApiKey; listDeveloperApiKeys; revokeDeveloperApiKey; authenticateTenantApiKey; requireTenantApiScope,SP016,,none,services/api/src/core/api-keys.js,developer_apps; api_keys,none,integrations.manage,"SHA-256 key hashing (never stores plaintext); constant-length prefix reveal only; scope-based authorization (wildcard * or exact match); revocation is status-flip not delete (auditable)",services/api/tests/api-keys.test.mjs (new),PORT_NOW_PLATFORM,ported,services/api/src/core/api-keys.js,
apps/web/src/core/shared-platform.ts,OAuth integration connections (Google/Microsoft),PlatformOAuthProvider; beginOAuthConnection; completeOAuthConnection; listOAuthConnections; revokeOAuthConnection; encryptIntegrationCredentials; decryptIntegrationCredentials,SP016,,none,services/api/src/core/oauth.js,oauth_states; oauth_connections,GOOGLE_OAUTH_CLIENT_ID; GOOGLE_OAUTH_CLIENT_SECRET; MICROSOFT_OAUTH_CLIENT_ID; MICROSOFT_OAUTH_CLIENT_SECRET; INTEGRATION_TOKEN_ENCRYPTION_KEY; NODE_ENV,integrations.manage,"State consumed exactly once inside its own transaction BEFORE any network call (no lock held across the provider fetch); HTTPS-only redirect URI enforced in production; AES-256-GCM credential encryption at rest with a mandatory 32-byte key; state TTL 10 minutes",services/api/tests/oauth.test.mjs (new; must cover state-replay rejection),PORT_NOW_PLATFORM,ported,services/api/src/core/oauth.js,Highest security-sensitivity slice of the port; re-reviewed line-by-line against current secret-handling standards, no weakening applied.
apps/web/src/core/shared-platform.ts,Notification preferences,setNotificationPreference; listNotificationPreferences,SP017,,none,services/api/src/core/notification-preferences.js,notification_preferences,none,notifications.view,Per-user per-channel-per-category opt-in with quiet hours; consumed by Phase 13 notification center,services/api/tests/notification-preferences.test.mjs (new),PORT_NOW_PLATFORM,ported,services/api/src/core/notification-preferences.js,
apps/web/src/core/shared-platform.ts,Inbound mail webhook verification + idempotent event recording,verifyInboundMailSignature; recordInboundMailEvent; PLATFORM_INBOUND_MAIL_IDEMPOTENCY_CONFLICT (error code),SP018,,none,services/api/src/core/inbound-mail.js,inbound_mail_events,INBOUND_MAIL_WEBHOOK_SECRET,none (unauthenticated webhook; secured by HMAC instead),"HMAC-SHA256 signature with timing-safe compare; idempotent on (organization,provider,provider_message_id) with payload-digest divergence detection (replay-with-different-content is rejected, not silently accepted)",services/api/tests/inbound-mail.test.mjs (new),PORT_NOW_PLATFORM,ported,services/api/src/core/inbound-mail.js,
apps/web/src/core/shared-platform.ts,Entity tagging,createTagDefinition; listTagDefinitions; assignEntityTag; removeEntityTag; listEntityTags,SP019,,none,services/api/src/core/tags.js,tag_definitions; entity_tags,none,platform.extensibility.manage,Tag assignment is scoped to an active tag definition of the matching entity type - cannot assign an inactive or cross-entity-type tag,services/api/tests/tags.test.mjs (new),PORT_NOW_PLATFORM,ported,services/api/src/core/tags.js,
apps/web/src/core/shared-platform.ts,Effective-dated configuration + feature flags,getEffectiveConfiguration; listConfigurationVersions; writeConfigurationVersion; setFeatureFlag; listFeatureFlags; isFeatureFlagEnabled,SP020,,none,services/api/src/core/configuration.js,configuration_versions; feature_flags,none,platform.configuration.manage,"Advisory-lock-serialized versioning (pg_advisory_xact_lock) prevents concurrent effective-dated writes from racing; role/user-scoped feature-flag rule evaluation",services/api/tests/configuration.test.mjs (new),PORT_NOW_PLATFORM,ported,services/api/src/core/configuration.js,
apps/web/src/core/shared-platform.ts,Privacy requests + retention policy,assertPrivacyTransition; createPrivacyRequest; transitionPrivacyRequest; listPrivacyRequests; writeRetentionPolicy; listRetentionPolicies,SP021,,none,services/api/src/core/privacy.js,privacy_requests; privacy_retention_policies,none,platform.privacy.manage,Explicit finite-state-machine transition table (received->verified->in_progress->completed, no illegal jumps) enforced via assertPrivacyTransition on every transition including inside the DB transaction,services/api/tests/privacy.test.mjs (new),PORT_NOW_PLATFORM,ported,services/api/src/core/privacy.js,
apps/web/src/core/shared-platform.ts,Shared reporting datasets/definitions/runs,PLATFORM_REPORT_DATASETS; assertPlatformReportDataset; listPlatformReportDatasets; createReportDefinition; listReportDefinitions; createReportRun; listReportRuns,SP022,,packages/reporting-engine (existence and scope not yet confirmed against this dataset-registry pattern),services/api/src/core/report-registry.js (tentative) OR fold into packages/reporting-engine if it already owns dataset registration,report_definitions; report_runs,none,crm.reports.view; sales.reports.view; procurement.reports.view; accounting.reports.view,"Explicitly blocks scheduled delivery (schedule!=null -> 409 PLATFORM_REPORT_SCHEDULE_UNAVAILABLE) - a deliberate T01 scope limit, not a bug to silently drop",services/api/tests/report-registry.test.mjs (new, pending reporting-engine overlap check),NEEDS_REDESIGN,deferred,not yet ported,Deferred pending a dedicated packages/reporting-engine overlap audit before creating a possibly-duplicate module; does not block Phase 4-6 (auth/session/shell) so it is out of this prompt's critical path.
apps/web/src/core/shared-platform.ts,AI governance (policy gate; request/evaluation logging),assertAiActionPolicy; setAiPolicy; listAiPolicies; recordAiEvaluation; recordAiRequest; AI_POLICY_MISSING (error code); AI_APPROVAL_REQUIRED (error code); AI_TOOL_DENIED (error code); AI_POLICY_DISABLED (error code),SP023,,none,services/api/src/core/ai-governance.js,ai_policies; ai_requests; ai_evaluations,none,platform.ai.manage,"Fail-closed default (no configured policy = AI disabled, not silently allowed); execute-type requests with requiresApproval=true are explicitly blocked from bypassing the normal approval workflow (AI_APPROVAL_REQUIRED) - AI can never self-approve its own execution",services/api/tests/ai-governance.test.mjs (new),PORT_NOW_PLATFORM,ported,services/api/src/core/ai-governance.js,
apps/web/src/core/shared-platform.ts,Generic workflow-run engine (shared-platform side effects only: notify/approval-stub actions),executeWorkflowRun,SP024,,packages/workflows (existence and scope not yet confirmed against this specific generic-engine pattern),services/api/src/core/workflow-runtime.js (tentative) OR fold into packages/workflows if it already owns run execution,workflow_definitions; workflow_runs; notifications; notification_preferences; organization_memberships,none,none (system-internal trigger path),"Deliberately restricted action vocabulary (only notify/approval-stub; any other action type throws) so the generic engine can never perform an unreviewed business-state mutation; idempotent via (organization,idempotency_key)",services/api/tests/workflow-runtime.test.mjs (new, pending packages/workflows overlap check),NEEDS_REDESIGN,deferred,not yet ported,"Deferred pending a packages/workflows overlap audit (that package's stated purpose is ""workflow infra"" per the architecture rules, making it the more likely correct home than services/api). Does not block Phase 4-6."
apps/web/src/core/navigation/administration.ts,Settings/administration navigation data (workspaceSettingsNavigation),workspaceSettingsNavigation,SP025,,none,apps/web/src/shell/navigation/moduleNavigationRegistry.ts (Settings section only; folded into the single registry rather than kept as a parallel nav tree per Phase 7's explicit no-duplicate-nav-tree rule),none,none,varies per item,none,apps/web tests (new; Phase 7 registry tests),NEEDS_REDESIGN,partially-ported,apps/web/src/shell/navigation/moduleNavigationRegistry.ts,Only the route/label/permission shape is reused; full Settings screen implementations remain deferred (Phase 17 explicitly allows this).
apps/web/src/core/components/notification-preferences.tsx,Notification preferences UI,NotificationPreferencesPanel (default export inferred),SP017,,none,apps/web/src/shell/notifications/ (Phase 13; rebuilt against React Aria/design-system per the mandated stack, not copied),none,none,notifications.view,client-side only; no direct security surface,apps/web Playwright/unit tests (new; Phase 13),NEEDS_REDESIGN,deferred,not built this pass,"UI rebuild deferred beyond this prompt's committed scope; the underlying API (notification-preferences.js) is ported and testable now, unblocking a future UI pass."
apps/web/src/core/components/platform-governance-console.tsx,Platform governance admin console UI (configuration/flags/retention/privacy/reports/AI policy/tags in one screen),PlatformGovernanceConsole (default export inferred),SP020; SP021; SP022; SP023,,none,apps/web/src/app/(workspace)/settings/platform/ (Phase 17; deferred full build),none,none,platform.configuration.manage; platform.privacy.manage; platform.reports.manage; platform.ai.manage,client-side only,apps/web tests (new; deferred),NEEDS_REDESIGN,deferred,not built this pass,"Large multi-capability admin screen; Phase 17 explicitly permits deferring full settings screens not required to activate ported platform code. The APIs it would call are ported; the screen is not."
apps/web/src/core/components/user-administration.tsx,User/role administration UI (594 lines: user list; role assignment; scope grants; invitations),UserAdministration (default export inferred),SP010; SP011,,none,apps/web/src/app/(workspace)/settings/users/ and /roles/ (Phase 17; deferred full build),none,none,users.manage; roles.assign,client-side only; calls requestJson() against the ported access-admin/auth routes,apps/web tests (new; deferred),NEEDS_REDESIGN,deferred,not built this pass,Same rationale as platform-governance-console.tsx - API ported, screen deferred.
apps/web/src/app/(app)/integrations/page.tsx,Integrations settings page (API keys + OAuth connections + webhook/outbox status),default export (page component),SP016,,none,apps/web/src/app/(workspace)/settings/integrations/ (Phase 17; deferred full build),none,none,integrations.manage,server component; requireWorkspace()-gated,apps/web tests (new; deferred),NEEDS_REDESIGN,deferred,not built this pass,Depends also on orchestration/integrations (getOutboxQueueStatus etc.) which was NOT among the 42 recovered files - a further gap to resolve before this screen can be built.
apps/web/src/app/(app)/settings/page.tsx,Settings index page,default export; metadata,SP025,,none,apps/web/src/app/(workspace)/settings/page.tsx (Phase 17; minimal real index now; full sub-screens deferred),none,none,varies,server component; requireWorkspace()-gated,apps/web tests (new),NEEDS_REDESIGN,ported,apps/web/src/app/(workspace)/settings/page.tsx,Minimal honest index built this pass (links only to what is real); does not claim full settings implementation.
apps/web/src/app/(app)/settings/platform/page.tsx,Platform governance settings page,default export; metadata,SP020; SP021; SP022; SP023,,none,apps/web/src/app/(workspace)/settings/platform/ (Phase 17; deferred),none,none,platform.configuration.manage,server component,apps/web tests (new; deferred),NEEDS_REDESIGN,deferred,not built this pass,Paired with platform-governance-console.tsx above.
apps/web/src/app/(app)/settings/roles/page.tsx,Roles and permissions settings page,default export; metadata,SP010; SP011,,none,apps/web/src/app/(workspace)/settings/roles/ (Phase 17; deferred),none,none,roles.view,server component,apps/web tests (new; deferred),NEEDS_REDESIGN,deferred,not built this pass,Paired with user-administration.tsx above.
apps/web/src/app/api/approvals/route.ts,Approvals API route (create + list mine),GET; POST,SP026,F-varies (per-module approval targets),apps/web/src/orchestration/approvals and orchestration/work/approvals were referenced but NOT among the 42 recovered files - their current live status is unconfirmed,services/api/src/core/approvals.js (Phase 14, tentative pending confirmation of whether orchestration/approvals already exists live),approvals table (name unconfirmed),none,approvals.manage,Command-based approval creation (commandKey+commandPayload) rather than free-form state mutation,services/api/tests/approvals.test.mjs (new; Phase 14),NEEDS_REDESIGN,deferred,not yet investigated,"Flagged rather than assumed: the two orchestration modules this route calls were not in the recovered set, so whether Phase 14's approval engine is greenfield or already-live-but-undiscovered needs a dedicated check before porting."
apps/web/src/app/api/business-data/[resource]/import/route.ts,Business-data bulk import route,POST,SP027,,services/api/src/core/master-data.js already exports createBusinessDataRecord/beginImportJob/completeImportJob live (confirmed by direct read),apps/web/src/app/api/business-data/[resource]/import/route.ts (thin route rebuild only; core logic already live),tenant.operation_idempotency and business-data tables (already live),none,business_data.import,Uses the existing live idempotency/import primitives; no new security surface,apps/web tests (new),NEEDS_REDESIGN,deferred,services/api/src/core/master-data.js verified live,Lowest-risk/lowest-priority route in the set - its core logic is already active.
apps/web/src/app/api/crm/lead-acquisition/enrichment/route.ts,CRM lead enrichment route,POST (inferred),F001-F030,F001-F030,unknown,services/api/src/modules/crm/ (Prompt 3),unknown,unknown,crm.leads.manage,not reviewed this pass,deferred to Prompt 3,PORT_IN_PROMPT_3_CRM,deferred,not reviewed this pass,CRM-specific; explicitly out of this prompt's scope per the brief.
apps/web/src/app/api/crm/lead-intelligence/sla/route.ts,CRM lead SLA route,GET/POST (inferred),F001-F030,F001-F030,unknown,services/api/src/modules/crm/ (Prompt 3),unknown,unknown,crm.leads.manage,not reviewed this pass,deferred to Prompt 3,PORT_IN_PROMPT_3_CRM,deferred,not reviewed this pass,CRM-specific; explicitly out of this prompt's scope per the brief.
apps/web/src/app/api/crm/leads/[id]/follow-up/route.ts,CRM lead follow-up route,POST (inferred),F001-F030,F001-F030,unknown,services/api/src/modules/crm/ (Prompt 3),unknown,unknown,crm.leads.manage,not reviewed this pass,deferred to Prompt 3,PORT_IN_PROMPT_3_CRM,deferred,not reviewed this pass,CRM-specific; explicitly out of this prompt's scope per the brief.
apps/web/src/app/api/crm/public/meetings/bookings/[token]/route.ts,CRM public meeting booking route (unauthenticated token-based),GET/PATCH (inferred),F001-F030,F001-F030,unknown,services/api/src/modules/crm/ (Prompt 3),unknown,unknown,none (public token-authenticated),not reviewed this pass,deferred to Prompt 3,PORT_IN_PROMPT_3_CRM,deferred,not reviewed this pass,CRM-specific; explicitly out of this prompt's scope per the brief.
apps/web/src/app/api/invitations/accept/route.ts,Invitation acceptance route (sets password; creates session; validates roles),POST,SP010,,depends on session.js + access-administration.js + auth-mailer.js (all ported and tested this pass),apps/web/src/app/(auth)/invitations/accept/ + apps/web/src/app/api/invitations/accept/route.ts (Phase 4 rebuild calling the ported services/api modules),sessions; users; organization_invitation_roles; roles; role_permissions,none,none (pre-auth flow; rate-limited),Rate-limited (enforceRateLimit); password policy enforced (passwordPolicyIssues - not among the 42 recovered files, a further gap noted below,apps/web/tests (new; Phase 4),PORT_NOW_ACCESS_SESSION,deferred,services/api/src/core/session.js + access-administration.js + auth-mailer.js (logic only),Logic dependencies are ported and unit-tested; the actual apps/web route handler and (auth)/invitations UI were NOT built this pass (only login/logout were) - do not read the logic-layer port as route completion.
(gap - referenced but not recovered),Password policy validation,passwordPolicyIssues,SP010,,none found live under this name,services/api/src/core/password-policy.js (new; minimum-length/complexity checks rebuilt conservatively pending no recovered source),none,none,none,Referenced by invitations/accept route and presumably the reset-password flow; not among the 42 recovered files - third disclosed recovery gap,services/api/tests/password-policy.test.mjs (new),PORT_NOW_ACCESS_SESSION,ported,services/api/src/core/password-policy.js,Disclosed gap per Phase 1 instruction; rebuilt with a conservative minimum (12 chars; not purely numeric; not the account email) rather than left unimplemented.
apps/web/src/app/api/invitations/route.ts,Invitation issuance route,POST,SP010,,depends on access-administration.js + auth-mailer.js + entitlements.js (all ported and tested this pass),apps/web/src/app/api/invitations/route.ts (Phase 4 rebuild),organization_invitations; organization_invitation_roles,none,users.manage; roles.assign,Billing usage increment (seat-style) is enforced before invitation creation,apps/web/tests (new; Phase 4),PORT_NOW_ACCESS_SESSION,deferred,services/api/src/core/access-administration.js + auth-mailer.js + entitlements.js (logic only),Route handler not built this pass - logic layer only.
apps/web/src/app/api/platform/ai/route.ts,AI governance API route,GET; POST,SP023,,services/api/src/core/ai-governance.js (ported and tested this pass),apps/web/src/app/api/platform/ai/route.ts (thin rebuild calling the ported module),none (delegates),none,platform.ai.manage,none beyond ai-governance.js's own,apps/web/tests (new),PORT_NOW_PLATFORM,deferred,services/api/src/core/ai-governance.js (logic only),Route handler not built this pass - logic layer only.
apps/web/src/app/api/platform/integrations/api-keys/[id]/route.ts,API key revocation route,DELETE,SP016,,services/api/src/core/api-keys.js (ported and tested this pass),apps/web/src/app/api/platform/integrations/api-keys/[id]/route.ts (thin rebuild),none (delegates),none,integrations.manage,none beyond api-keys.js's own,apps/web/tests (new),PORT_NOW_PLATFORM,deferred,services/api/src/core/api-keys.js (logic only),Route handler not built this pass - logic layer only.
apps/web/src/app/api/platform/integrations/oauth/[id]/route.ts,OAuth connection revocation route,DELETE,SP016,,services/api/src/core/oauth.js (ported and tested this pass),apps/web/src/app/api/platform/integrations/oauth/[id]/route.ts (thin rebuild),none (delegates),none,integrations.manage,none beyond oauth.js's own,apps/web/tests (new),PORT_NOW_PLATFORM,deferred,services/api/src/core/oauth.js (logic only),Route handler not built this pass - logic layer only.
apps/web/src/app/api/platform/integrations/oauth/callback/[provider]/route.ts,OAuth provider callback route,GET,SP016,,services/api/src/core/oauth.js (ported and tested this pass; state-replay rejection covered),apps/web/src/app/api/platform/integrations/oauth/callback/[provider]/route.ts (thin rebuild),none (delegates),none,integrations.manage,none beyond oauth.js's own,apps/web/tests (new; must include state-replay negative test),PORT_NOW_PLATFORM,deferred,services/api/src/core/oauth.js (logic only),Route handler not built this pass - logic layer only.
apps/web/src/app/api/platform/integrations/oauth/route.ts,OAuth connection begin/list route,GET; POST,SP016,,services/api/src/core/oauth.js (ported and tested this pass),apps/web/src/app/api/platform/integrations/oauth/route.ts (thin rebuild),none (delegates),none,integrations.manage,none beyond oauth.js's own,apps/web/tests (new),PORT_NOW_PLATFORM,deferred,services/api/src/core/oauth.js (logic only),Route handler not built this pass - logic layer only.
apps/web/src/app/api/platform/mail/inbound/route.ts,Inbound mail webhook route,POST,SP018,,services/api/src/core/inbound-mail.js (ported and tested this pass),apps/web/src/app/api/platform/mail/inbound/route.ts (thin rebuild),none (delegates),INBOUND_MAIL_WEBHOOK_SECRET,none (HMAC-authenticated),none beyond inbound-mail.js's own,apps/web/tests (new),PORT_NOW_PLATFORM,deferred,services/api/src/core/inbound-mail.js (logic only),Route handler not built this pass - logic layer only.
apps/web/src/app/api/platform/privacy/route.ts,Privacy requests + retention policy route,GET; POST,SP021,,services/api/src/core/privacy.js (ported and tested this pass),apps/web/src/app/api/platform/privacy/route.ts (thin rebuild),none (delegates),none,platform.privacy.manage,none beyond privacy.js's own,apps/web/tests (new),PORT_NOW_PLATFORM,deferred,services/api/src/core/privacy.js (logic only),Route handler not built this pass - logic layer only.
apps/web/src/app/api/platform/tags/route.ts,Entity tagging route,GET; POST,SP019,,services/api/src/core/tags.js (ported and tested this pass),apps/web/src/app/api/platform/tags/route.ts (thin rebuild),none (delegates),none,platform.extensibility.manage,none beyond tags.js's own,apps/web/tests (new),PORT_NOW_PLATFORM,deferred,services/api/src/core/tags.js (logic only),Route handler not built this pass - logic layer only.
apps/web/src/app/api/search/route.ts,Global search fan-out route (adapter pattern over existing module list functions),GET (inferred),SP028,,"crm/accounting/procurement/sales list + session functions are ALREADY LIVE (crmApiContext, accountingSession, procurementSession, salesSession, requireCrmResourceView, businessDataContext) - confirmed live in services/api/apps/web today",apps/web/src/app/api/search/route.ts + apps/web/src/shell/global-search/ (Phase 10; the fan-out adapter pattern is sound and reusable),none (delegates to already-live list functions),none,"crm.view; sales.view; procurement.view; accounting.view; business_data.view (per-adapter, inherited from each target function's own check)",Deliberately never writes raw SQL / never returns a full record - only mapped-safe SearchResult fields; inherits each target function's existing tenant/company/branch/permission scoping rather than re-implementing it,apps/web/tests/search-security.test.mjs (rewrite against live adapters, not parked snapshot),PORT_NOW_PLATFORM,partially-ported,apps/web/src/app/api/search/route.ts (adapter skeleton),"Full Phase 10 UI (grouped results, keyboard nav, recent searches) deferred; the security-critical adapter/permission-inheritance pattern is ported and tested this pass."
apps/web/src/app/api/users/[userId]/route.ts,User access administration route (role/scope PATCH),PATCH,SP010; SP011,,services/api/src/core/access-administration.js (ported and tested this pass),apps/web/src/app/api/users/[userId]/route.ts (thin rebuild),none (delegates),none,users.manage; roles.assign,none beyond access-administration.js's own,apps/web/tests (new),PORT_NOW_ACCESS_SESSION,deferred,services/api/src/core/access-administration.js (logic only),Route handler not built this pass - logic layer only.
apps/web/src/app/api/v1/platform/context/route.ts,Tenant API key context-introspection route (developer-facing v1 API),GET,SP016,,services/api/src/core/api-keys.js (ported and tested this pass),apps/web/src/app/api/v1/platform/context/route.ts (thin rebuild),none (delegates),none,none (API-key scoped: platform.context.read),none beyond api-keys.js's own,apps/web/tests (new),PORT_NOW_PLATFORM,deferred,services/api/src/core/api-keys.js (logic only),Route handler not built this pass - logic layer only.
apps/web/src/modules/crm/crm-data-operations-and-customization/audit-events.ts,CRM audit-event snapshot builders,crmAuditSnapshot,F001-F030,F001-F030,unknown,services/api/src/modules/crm/ (Prompt 3),unknown,unknown,none,not reviewed this pass,deferred to Prompt 3,PORT_IN_PROMPT_3_CRM,deferred,not reviewed this pass,CRM-specific; explicitly out of this prompt's scope per the brief.
apps/web/src/modules/crm/seller-activity-and-follow-up-workspace/route-handlers/public-meeting-booking-management.ts,CRM public meeting booking cancel/reschedule handlers,PATCH,F001-F030,F001-F030,cancelMeetingBooking/rescheduleMeetingBooking imported from @vercentlabs/api - existence/liveness not yet confirmed for Prompt 3,services/api/src/modules/crm/ (Prompt 3),unknown,unknown,none (public token-authenticated),not reviewed this pass,deferred to Prompt 3,PORT_IN_PROMPT_3_CRM,deferred,not reviewed this pass,CRM-specific; explicitly out of this prompt's scope per the brief.
apps/web/tests/enterprise-rbac.test.mjs,RBAC preservation test (11/11 passing against parked access-control.ts + cross-checked against live packages/permissions),n/a (test file),SP010; SP011,,superseded by this prompt's port,services/api/tests/enterprise-rbac.test.mjs (rewritten against packages/permissions/src/roles.js and services/api/src/core/access-administration.js; 5/5 passing) + packages/permissions/tests/roles.test.mjs (8/8 passing) + services/api/tests/platform-access-administration.test.mjs (6/6 passing),n/a,n/a,n/a,n/a,is itself the test,OBSOLETE (superseded),rewritten,"services/api/tests/enterprise-rbac.test.mjs, packages/permissions/tests/roles.test.mjs, services/api/tests/platform-access-administration.test.mjs (all created and passing this pass)","Old parked-location file deleted (the recovered pre-rebuild snapshot (last present at commit d4df5eb1), apps/web/tests/enterprise-rbac.test.mjs); root package.json's test:enterprise-rbac script repointed. Its assertion against apps/mobile access-manager.tsx (a live mobile file, not parked) was preserved in the new file."
apps/web/tests/search-security.test.mjs,Search security preservation test,n/a (test file),SP028,,not superseded this pass,apps/web/tests/search-security.test.mjs (rewrite against the live search adapter route deferred - the apps/web/src/app/api/search/route.ts adapter itself was not rebuilt this pass, only classified as PORT_NOW_PLATFORM/partially-ported; see that row above),n/a,n/a,n/a,n/a,still reads the parked snapshot,PORT_NOW_PLATFORM,deferred,not changed this pass,"Explicitly NOT fixed this pass - flagged rather than left silently implied as done. This is a remaining parked-code test dependency outside RBAC/session/access (search is its own capability, SP028), disclosed in the final report's ""remaining parked dependencies"" section."
apps/web/tests/t01-shared-platform.test.mjs,Original (non-adapted) T01 shared-platform preservation test,n/a (test file),SP016; SP017; SP018; SP019; SP020; SP021; SP022; SP023; SP024,,superseded by this prompt's port (each ported module now has its own dedicated test file per the target_architecture column above),retained under the recovered pre-rebuild snapshot (last present at commit d4df5eb1) only as historical evidence - not referenced by any active test runner script after this prompt,n/a,n/a,n/a,n/a,is itself the test; superseded by 9 new dedicated test files,OBSOLETE (superseded),superseded,new services/api/tests/*.test.mjs files listed above,Confirms the prompt's requirement that no active platform/RBAC/session verification depends solely on parked code by end of this prompt.
(greenfield - Prompt 2B),Global cross-module approval inbox,listApprovals; getPendingApprovalCount; decideApproval; ApprovalError,SP026,F-varies (per dispatched command),public.approval_requests already existed live (10 real rows) but nothing ever listed pending requests across modules or closed the loop back to it; module-specific approve/reject already existed live in accounting (subledger-approvals.js; journals.js) and sales (index.js),services/api/src/core/approvals.js (uses @vercentlabs/workflows' assertApprovalDecision/assertSeparationOfDuties for the generic decision/SoD layer; dispatches to the verified module handlers by command_key),public.approval_requests (no RLS); tenant.* tables owned by the dispatched module (RLS - caller must use tenantTransaction),none,approvals.manage,"Self-approval blocked via assertSeparationOfDuties (except for a requester cancelling their own request); fails closed (501) for any command_key without a verified dispatch handler rather than guessing at behavior; a real pre-existing gap (approval_requests.status was never updated when a module's own screen approved/rejected a document) is fixed for decisions made through this inbox",services/api/tests/platform-approvals.test.mjs (7 tests) + apps/web/src/app/api/approvals/ (live end-to-end verified against a real accounting_vendor_bills row: BILL-00002 in the CRM E2E Fixture Org fixture),PORT_NOW_PLATFORM,ported,services/api/src/core/approvals.js + apps/web/src/app/(workspace)/approvals/,"Overlap audit (Phase 13/18): packages/workflows provides the generic primitives (already live, previously unused anywhere); the recovered generic workflow-run engine (executeWorkflowRun) is a DIFFERENT DB-trigger concern and remains parked, not required for this inbox. Only 7 command_keys are registered (the ones read and verified this pass: accounting vendor_bill/vendor_payment/customer_invoice/journal, sales quotation/order/order.amendment) - an unregistered command_key is listed but its Decide action fails closed rather than guessing."
(greenfield - Prompt 2B),Global notification center,listNotifications; getUnreadNotificationCount; markNotificationRead; markAllNotificationsRead; NotificationError,SP017,,notifications table already existed live (71 real rows) but had no list/read-state surface,services/api/src/core/notifications.js,notifications (no RLS),none,none (a user's own notifications only),Strictly scoped to organization_id AND user_id on every query - a user can never read another user's notifications,services/api/tests/platform-notifications.test.mjs (4 tests) + apps/web/src/app/api/notifications/ (live verified),PORT_NOW_PLATFORM,ported,services/api/src/core/notifications.js + apps/web/src/app/(workspace)/notifications/,
(greenfield - Prompt 2B),Global background-job visibility,listBackgroundJobs; getBackgroundJob; BackgroundJobError,SP024 (adjacent - job queue, not the recovered workflow-run engine),,tenant.background_jobs already existed live as services/worker's real job queue (services/worker/src/queue.js) but had no read-only visibility surface,services/api/src/core/background-jobs.js,tenant.background_jobs (RLS - caller must use tenantTransaction),none,none (read-only visibility; gated at the route by an authenticated workspace session),"Read-only by design - no retry/cancel action exposed, since queue.js has no cancelJob export and inventing one against a queue this module doesn't own would risk racing the worker's own claim/lease logic; only ever shows the real backend-reported progress field, never an invented percentage",services/api/tests/platform-background-jobs.test.mjs (3 tests) + apps/web/src/app/api/jobs/ (live verified),PORT_NOW_PLATFORM,ported,services/api/src/core/background-jobs.js + apps/web/src/app/(workspace)/jobs/,
(greenfield - Prompt 2B),Company/branch context switching,listAccessibleCompanies; switchActiveCompany; ContextSwitchError (added to services/api/src/core/session.js),SP012,,session resolution already preferred user_preferences.active_company_id/active_branch_id when present but nothing ever let a user CHANGE it,services/api/src/core/session.js (extended),companies; branches; membership_company_access; membership_branch_access; user_preferences,none,none (validated against the same access predicate session resolution itself uses),Never trusts a browser-supplied company/branch id - re-validates against the exact same unrestricted-role-OR-explicit-membership predicate resolveSessionContext's own lateral joins use before persisting,services/api/tests/platform-context-switch.test.mjs (4 tests) + apps/web/src/app/api/workspace/ (live verified),PORT_NOW_ACCESS_SESSION,ported,services/api/src/core/session.js + apps/web/src/shell/workspace-context/ContextSwitcher.tsx,"Warehouse/Accounting Period/Store-Terminal/Project remain deliberately module-specific and are NOT part of this global switcher, per the brief's explicit instruction."
