feature_id,module,feature_name,priority,status,uat_status,dependencies,implementation_doc,test_evidence,notes
F001,CRM,Leads,P0,TESTING,NOT_READY,core foundation,02-feature-specs/ERP-001.md; 05-uat/F001-UAT.md,services/api/tests/crm-leads-f001.test.mjs; services/api/tests/crm-core.test.mjs; services/api/tests/crm-record-scope.test.mjs; apps/web/tests/crm-leads-f001.test.mjs,"Core lead workflow implemented; active/archive semantics, permission-safe edit, country and detail archive completed; requested Node 24 gates pass; live database and manual browser UAT pending."
F002,CRM,Accounts / Companies,P0,TESTING,NOT_READY,core foundation; shared business parties and addresses; F001 conversion integration,02-feature-specs/ERP-002.md; 05-uat/F002-UAT.md,services/api/tests/crm-accounts-f002.test.mjs; apps/web/tests/crm-accounts-f002.test.mjs; artifacts/f002-uat/live-uat.json,"Canonical Account lifecycle implemented over shared business_parties; automated gates and live lifecycle/database inspection pass; named human keyboard, authorization-isolation, and full responsive UAT sign-off pending."
F003,CRM,Contacts,P0,TESTING,NOT_READY,core foundation; F001 Lead conversion; F002 Accounts; shared Contact persistence,02-feature-specs/ERP-003.md; 05-uat/F003-UAT.md,services/api/tests/crm-contacts-f003.test.mjs; apps/web/tests/crm-contacts-f003.test.mjs; artifacts/f003-uat/live-uat.json,"Canonical Contact lifecycle implemented over tenant.contacts; focused and broad Node 24 gates, live migration/database/audit/outbox verification, and four responsive browser viewports pass; named human UAT pending."
F004,CRM,Lead Sources,P0,TESTING,NOT_READY,core foundation; F001 Leads,02-feature-specs/ERP-004.md; 05-uat/F004-UAT.md,services/api/tests/crm-lead-sources-f004.test.mjs; apps/web/tests/crm-lead-sources-f004.test.mjs; artifacts/f004-uat/live-uat.json,"Canonical organization-wide governed source catalogue and F001 integration implemented; focused/broad Node 24 gates, live migration/database lifecycle, and four responsive browser viewports pass; named human UAT remains pending."
F005,CRM,Lead Assignment,P0,TESTING,NOT_READY,core foundation; F001 Leads; F004 Lead Sources,02-feature-specs/ERP-005.md; 05-uat/F005-UAT.md,services/api/tests/crm-lead-assignment-f005.test.mjs; apps/web/tests/crm-lead-assignment-f005.test.mjs; artifacts/f005-uat/responsive-results.json,Canonical manual and fixed/round-robin Lead assignment implemented; live PostgreSQL and 11-viewport technical verification pass; named human UAT remains pending.
F006,CRM,Lead Qualification,P0,TESTING,NOT_READY,core foundation; F001 Leads; F004 Lead Sources; F005 Lead Assignment,02-feature-specs/ERP-006.md; 05-uat/F006-UAT.md,services/api/tests/crm-lead-qualification-f006.test.mjs; apps/web/tests/crm-lead-qualification-f006.test.mjs; artifacts/f006-uat/live-results.json; artifacts/f006-uat/responsive-results.json,"Canonical manual Lead Qualification implemented independently of lifecycle status, scoring and conversion; automated suites, fresh migration, live PostgreSQL, 11-viewport browser audit, and production build pass; named human UAT remains pending."
F007,CRM,Lead Stages and Statuses,P0,TESTING,NOT_READY,core foundation; F001 Leads; F004 Lead Sources; F005 Lead Assignment; F006 Lead Qualification,02-feature-specs/ERP-007.md; 05-uat/F007-UAT.md,services/api/tests/crm-lead-lifecycle-f007.test.mjs; apps/web/tests/crm-lead-lifecycle-f007.test.mjs; scripts/validation/verify-crm-f007-live.mjs; artifacts/f007-uat/responsive-results.json,"Canonical organization-wide Lead lifecycle implemented independently of Opportunity sales stages, qualification, archive and conversion; live rolled-back and 11-viewport browser technical verification pass; named human UAT remains pending."
F008,CRM,Duplicate Detection,P0,TESTING,NOT_READY,core foundation; F001 Leads; F004 Lead Sources; F005 Lead Assignment; F006 Lead Qualification; F007 Lead Lifecycle,02-feature-specs/ERP-008.md; 05-uat/F008-UAT.md,services/api/tests/crm-lead-duplicates-f008.test.mjs; apps/web/tests/crm-lead-duplicates-f008.test.mjs; scripts/validation/verify-crm-f008-live.mjs,"Canonical organization-wide duplicate integrity with permission-safe disclosure, commit-time serialization and public/import/offline protection implemented; named human UAT remains pending."
F009,CRM,Opportunities,P0,TESTING,NOT_READY,core foundation; F001-F008; shared Accounts/Contacts; existing CRM pipeline persistence,02-feature-specs/ERP-009.md; 05-uat/F009-UAT.md,services/api/tests/crm-opportunities-f009.test.mjs; apps/web/tests/crm-opportunities-f009.test.mjs; scripts/validation/verify-crm-f009-live.mjs,"Canonical Opportunity record lifecycle hardened over existing crm_opportunities with owner/relationship/scope validation, lifecycle guards, DB stage-pipeline coherence and safe audit/outbox payloads; named human UAT remains pending."
F010,CRM,Opportunity Pipeline,P0,TESTING,NOT_READY,core foundation; F009 Opportunities; existing CRM pipelines/stages and outcome-reason persistence,02-feature-specs/ERP-010.md; 05-uat/F010-UAT.md,services/api/tests/crm-opportunity-pipeline-f010.test.mjs; apps/web/tests/crm-opportunity-pipeline-f010.test.mjs; scripts/validation/verify-crm-f010-live.mjs,"Canonical single-pipeline board completed over existing persistence: visible-pipeline selection, scoped open records, same-pipeline movement, stale-write protection, terminal outcome capture, closed-record guard, stage history, automation/outbox and audit; named human UAT remains pending."
F011,CRM,Probability and Expected Revenue,P0,TESTING,NOT_READY,core foundation; F009 Opportunities; F010 Opportunity Pipeline,02-feature-specs/ERP-011.md; 05-uat/F011-UAT.md,services/api/tests/crm-probability-expected-revenue-f011.test.mjs; apps/web/tests/crm-probability-expected-revenue-f011.test.mjs; scripts/validation/verify-crm-f011-live.mjs,"Governed probability override and database-generated expected revenue implemented with concurrency, immutable history, outbox/audit and scoped forecast consistency; named human UAT remains pending."
F012,CRM,Sales stages,P0,TESTING,NOT_READY,core foundation; F009 Opportunities; F010 Opportunity Pipeline; F011 Probability and Expected Revenue,02-feature-specs/ERP-012.md; 05-uat/F012-UAT.md,services/api/tests/crm-sales-stages-f012.test.mjs; apps/web/tests/crm-sales-stages-f012.test.mjs; scripts/validation/verify-crm-f012-live.mjs,"Governed pipeline-scoped Sales Stage catalogue implemented with stable identity, terminal semantics, ordering/concurrency, usage-safe deactivation, immutable history, generic-write bypass closure and F009-F011 integration; named human UAT remains pending."
F013,CRM,Calls,P0,TESTING,NOT_READY,protected core foundation; F001 Leads; F002 Accounts; F003 Contacts; F009 Opportunities; existing CRM Activities persistence,02-feature-specs/ERP-013.md; 05-uat/F013-UAT.md,services/api/tests/crm-calls-f013.test.mjs; apps/web/tests/crm-calls-f013.test.mjs; scripts/validation/verify-crm-f013-live.mjs,"Governed manual CRM Call lifecycle implemented over crm_activities with direction/phone snapshot, standardized outcomes, actual timing/duration, scope/relation/do-not-contact guards, immutable history, PII-safe audit/outbox, Web/mobile/offline workflows and generic-write bypass closure; named human UAT remains pending."
F014,CRM,Meetings,P0,TESTING,NOT_READY,protected core foundation; F001 Leads; F002 Accounts / companies; F003 Contacts; F009 Opportunities; F013 Calls; existing CRM Activities and calendar/meeting-booking persistence,02-feature-specs/ERP-014.md; 05-uat/F014-UAT.md,services/api/tests/crm-meetings-f014.test.mjs; apps/web/tests/crm-meetings-f014.test.mjs; packages/shared-sdk/tests/mobile-client.test.mjs; scripts/validation/verify-crm-f014-live.mjs,"Governed CRM Meeting lifecycle implemented over crm_activities with attendees, location/join metadata, standardized completion outcomes, actual timing/duration, immutable history, public-booking synchronization, PII-safe evidence, Web/mobile/offline workflows and generic-write bypass closure; named human UAT remains pending."
F015,CRM,Tasks,P0,TESTING,NOT_READY,protected core foundation; Pass 1 implementation,02-feature-specs/ERP-015.md; 05-uat/F015-UAT.md,services/api/src/modules/crm/index.js; services/api/src/modules/crm/task-operations.js; apps/web/src/app/(app)/crm/activities/page.tsx; apps/web/tests/crm-lead-suite-enterprise.test.mjs; database/tenant/migrations/071_pass1_f015_f114_operational_gaps.sql; apps/web/src/app/api/crm/tasks/[id]/history/route.ts; services/api/src/modules/crm/offline-sync.js; apps/web/tests/pass1-f015-f114.test.mjs,"Pass 1 technical implementation/evidence established; named-human authorization/isolation, functional, responsive and visual UAT remains pending."
F016,CRM,Follow-ups and reminders,P0,TESTING,NOT_READY,protected core foundation; Pass 1 implementation,02-feature-specs/ERP-016.md; 05-uat/F016-UAT.md,services/api/src/modules/crm/index.js; services/api/src/modules/crm/task-operations.js; apps/web/src/app/(app)/crm/activities/page.tsx; apps/web/tests/crm-lead-suite-enterprise.test.mjs; apps/web/src/orchestration/work/follow-ups.ts; apps/web/tests/pass1-f015-f114.test.mjs,"Pass 1 technical implementation/evidence established; named-human authorization/isolation, functional, responsive and visual UAT remains pending."
F017,CRM,Notes and attachments,P0,TESTING,NOT_READY,protected core foundation; Pass 1 implementation,02-feature-specs/ERP-017.md; 05-uat/F017-UAT.md,services/api/src/modules/crm/index.js; services/api/src/modules/crm/task-operations.js; apps/web/src/app/(app)/crm/activities/page.tsx; apps/web/tests/crm-lead-suite-enterprise.test.mjs; apps/web/tests/pass1-f015-f114.test.mjs,"Pass 1 technical implementation/evidence established; named-human authorization/isolation, functional, responsive and visual UAT remains pending."
F018,CRM,Email history,P0,TESTING,NOT_READY,protected core foundation; Pass 1 implementation,02-feature-specs/ERP-018.md; 05-uat/F018-UAT.md,services/api/src/modules/crm/index.js; services/api/src/modules/crm/task-operations.js; apps/web/src/app/(app)/crm/activities/page.tsx; apps/web/tests/crm-lead-suite-enterprise.test.mjs; apps/web/tests/pass1-f015-f114.test.mjs,"Pass 1 technical implementation/evidence established; named-human authorization/isolation, functional, responsive and visual UAT remains pending."
F019,CRM,Activity timeline,P0,TESTING,NOT_READY,protected core foundation; Pass 1 implementation,02-feature-specs/ERP-019.md; 05-uat/F019-UAT.md,services/api/src/modules/crm/index.js; services/api/src/modules/crm/task-operations.js; apps/web/src/app/(app)/crm/activities/page.tsx; apps/web/tests/crm-lead-suite-enterprise.test.mjs; apps/web/tests/pass1-f015-f114.test.mjs,"Pass 1 technical implementation/evidence established; named-human authorization/isolation, functional, responsive and visual UAT remains pending."
F020,CRM,Territories and sales teams,P0,TESTING,NOT_READY,protected core foundation; Pass 1 implementation,02-feature-specs/ERP-020.md; 05-uat/F020-UAT.md,services/api/src/modules/crm/index.js; services/api/src/modules/crm/task-operations.js; apps/web/src/app/(app)/crm/activities/page.tsx; apps/web/tests/crm-lead-suite-enterprise.test.mjs; apps/web/tests/pass1-f015-f114.test.mjs,"Pass 1 technical implementation/evidence established; named-human authorization/isolation, functional, responsive and visual UAT remains pending."
F021,CRM,Lead import and export,P0,TESTING,NOT_READY,protected core foundation; Pass 1 implementation,02-feature-specs/ERP-021.md; 05-uat/F021-UAT.md,services/api/src/modules/crm/index.js; services/api/src/modules/crm/task-operations.js; apps/web/src/app/(app)/crm/activities/page.tsx; apps/web/tests/crm-lead-suite-enterprise.test.mjs; apps/web/tests/pass1-f015-f114.test.mjs,"Pass 1 technical implementation/evidence established; named-human authorization/isolation, functional, responsive and visual UAT remains pending."
F022,CRM,Lead-to-opportunity conversion,P0,TESTING,NOT_READY,protected core foundation; Pass 1 implementation,02-feature-specs/ERP-022.md; 05-uat/F022-UAT.md,services/api/src/modules/crm/index.js; services/api/src/modules/crm/task-operations.js; apps/web/src/app/(app)/crm/activities/page.tsx; apps/web/tests/crm-lead-suite-enterprise.test.mjs; apps/web/tests/pass1-f015-f114.test.mjs,"Pass 1 technical implementation/evidence established; named-human authorization/isolation, functional, responsive and visual UAT remains pending."
F023,CRM,Opportunity-to-quotation conversion,P0,TESTING,NOT_READY,protected core foundation; Pass 1 implementation,02-feature-specs/ERP-023.md; 05-uat/F023-UAT.md,services/api/src/modules/crm/index.js; services/api/src/modules/crm/task-operations.js; apps/web/src/app/(app)/crm/activities/page.tsx; apps/web/tests/crm-lead-suite-enterprise.test.mjs; apps/web/tests/pass1-f015-f114.test.mjs,"Pass 1 technical implementation/evidence established; named-human authorization/isolation, functional, responsive and visual UAT remains pending."
F024,CRM,Pipeline dashboard,P0,TESTING,NOT_READY,protected core foundation; Pass 1 implementation,02-feature-specs/ERP-024.md; 05-uat/F024-UAT.md,services/api/src/modules/crm/index.js; services/api/src/modules/crm/task-operations.js; apps/web/src/app/(app)/crm/activities/page.tsx; apps/web/tests/crm-lead-suite-enterprise.test.mjs; apps/web/tests/pass1-f015-f114.test.mjs,"Pass 1 technical implementation/evidence established; named-human authorization/isolation, functional, responsive and visual UAT remains pending."
F025,CRM,Sales forecast,P0,TESTING,NOT_READY,protected core foundation; Pass 1 implementation,02-feature-specs/ERP-025.md; 05-uat/F025-UAT.md,services/api/src/modules/crm/index.js; services/api/src/modules/crm/task-operations.js; apps/web/src/app/(app)/crm/activities/page.tsx; apps/web/tests/crm-lead-suite-enterprise.test.mjs; apps/web/tests/pass1-f015-f114.test.mjs,"Pass 1 technical implementation/evidence established; named-human authorization/isolation, functional, responsive and visual UAT remains pending."
F026,CRM,Won / lost reasons,P0,TESTING,NOT_READY,protected core foundation; Pass 1 implementation,02-feature-specs/ERP-026.md; 05-uat/F026-UAT.md,services/api/src/modules/crm/index.js; services/api/src/modules/crm/task-operations.js; apps/web/src/app/(app)/crm/activities/page.tsx; apps/web/tests/crm-lead-suite-enterprise.test.mjs; apps/web/tests/pass1-f015-f114.test.mjs,"Pass 1 technical implementation/evidence established; named-human authorization/isolation, functional, responsive and visual UAT remains pending."
F027,CRM,Basic lead scoring,P0,TESTING,NOT_READY,protected core foundation; Pass 1 implementation,02-feature-specs/ERP-027.md; 05-uat/F027-UAT.md,services/api/src/modules/crm/index.js; services/api/src/modules/crm/task-operations.js; apps/web/src/app/(app)/crm/activities/page.tsx; apps/web/tests/crm-lead-suite-enterprise.test.mjs; apps/web/tests/pass1-f015-f114.test.mjs,"Pass 1 technical implementation/evidence established; named-human authorization/isolation, functional, responsive and visual UAT remains pending."
F028,CRM,Custom fields and tags,P0,TESTING,NOT_READY,protected core foundation; Pass 1 implementation,02-feature-specs/ERP-028.md; 05-uat/F028-UAT.md,services/api/src/modules/crm/index.js; services/api/src/modules/crm/task-operations.js; apps/web/src/app/(app)/crm/activities/page.tsx; apps/web/tests/crm-lead-suite-enterprise.test.mjs; apps/web/tests/pass1-f015-f114.test.mjs,"Pass 1 technical implementation/evidence established; named-human authorization/isolation, functional, responsive and visual UAT remains pending."
F029,CRM,Bulk actions,P0,TESTING,NOT_READY,protected core foundation; Pass 1 implementation,02-feature-specs/ERP-029.md; 05-uat/F029-UAT.md,services/api/src/modules/crm/index.js; services/api/src/modules/crm/task-operations.js; apps/web/src/app/(app)/crm/activities/page.tsx; apps/web/tests/crm-lead-suite-enterprise.test.mjs; apps/web/tests/pass1-f015-f114.test.mjs,"Pass 1 technical implementation/evidence established; named-human authorization/isolation, functional, responsive and visual UAT remains pending."
F030,CRM,CRM reports,P0,TESTING,NOT_READY,protected core foundation; Pass 1 implementation,02-feature-specs/ERP-030.md; 05-uat/F030-UAT.md,services/api/src/modules/crm/index.js; services/api/src/modules/crm/task-operations.js; apps/web/src/app/(app)/crm/activities/page.tsx; apps/web/tests/crm-lead-suite-enterprise.test.mjs; apps/web/tests/pass1-f015-f114.test.mjs,"Pass 1 technical implementation/evidence established; named-human authorization/isolation, functional, responsive and visual UAT remains pending."
F031,Sales,Customer master,P0,TESTING,NOT_READY,protected core foundation; Pass 1 implementation,02-feature-specs/ERP-031.md; 05-uat/F031-UAT.md,services/api/src/modules/sales/index.js; services/api/src/modules/sales/order-governance.js; services/api/src/modules/sales/pass1-operations.js; apps/web/src/app/(app)/sales/operations/page.tsx; apps/web/tests/pass1-f015-f114.test.mjs,"Pass 1 technical implementation/evidence established; named-human authorization/isolation, functional, responsive and visual UAT remains pending."
F032,Sales,Customer addresses and contacts,P0,TESTING,NOT_READY,protected core foundation; Pass 1 implementation,02-feature-specs/ERP-032.md; 05-uat/F032-UAT.md,services/api/src/modules/sales/index.js; services/api/src/modules/sales/order-governance.js; services/api/src/modules/sales/pass1-operations.js; apps/web/src/app/(app)/sales/operations/page.tsx; apps/web/tests/pass1-f015-f114.test.mjs,"Pass 1 technical implementation/evidence established; named-human authorization/isolation, functional, responsive and visual UAT remains pending."
F033,Sales,Products and services,P0,TESTING,NOT_READY,protected core foundation; Pass 1 implementation,02-feature-specs/ERP-033.md; 05-uat/F033-UAT.md,services/api/src/modules/sales/index.js; services/api/src/modules/sales/order-governance.js; services/api/src/modules/sales/pass1-operations.js; apps/web/src/app/(app)/sales/operations/page.tsx; apps/web/tests/pass1-f015-f114.test.mjs,"Pass 1 technical implementation/evidence established; named-human authorization/isolation, functional, responsive and visual UAT remains pending."
F034,Sales,Price lists,P0,TESTING,NOT_READY,protected core foundation; Pass 1 implementation,02-feature-specs/ERP-034.md; 05-uat/F034-UAT.md,services/api/src/modules/sales/index.js; services/api/src/modules/sales/order-governance.js; services/api/src/modules/sales/pass1-operations.js; apps/web/src/app/(app)/sales/operations/page.tsx; apps/web/src/modules/sales/components/pass1-operations-workspace.tsx; apps/web/tests/pass1-f015-f114.test.mjs,"Pass 1 technical implementation/evidence established; named-human authorization/isolation, functional, responsive and visual UAT remains pending."
F035,Sales,Customer-specific prices,P0,TESTING,NOT_READY,protected core foundation; Pass 1 implementation,02-feature-specs/ERP-035.md; 05-uat/F035-UAT.md,services/api/src/modules/sales/index.js; services/api/src/modules/sales/order-governance.js; services/api/src/modules/sales/pass1-operations.js; apps/web/src/app/(app)/sales/operations/page.tsx; apps/web/src/modules/sales/components/pass1-operations-workspace.tsx; apps/web/tests/pass1-f015-f114.test.mjs,"Pass 1 technical implementation/evidence established; named-human authorization/isolation, functional, responsive and visual UAT remains pending."
F036,Sales,Quotations,P0,TESTING,NOT_READY,protected core foundation; Pass 1 implementation,02-feature-specs/ERP-036.md; 05-uat/F036-UAT.md,services/api/src/modules/sales/index.js; services/api/src/modules/sales/order-governance.js; services/api/src/modules/sales/pass1-operations.js; apps/web/src/app/(app)/sales/operations/page.tsx; apps/web/tests/pass1-f015-f114.test.mjs,"Pass 1 technical implementation/evidence established; named-human authorization/isolation, functional, responsive and visual UAT remains pending."
F037,Sales,Quotation versions and revisions,P0,TESTING,NOT_READY,protected core foundation; Pass 1 implementation,02-feature-specs/ERP-037.md; 05-uat/F037-UAT.md,services/api/src/modules/sales/index.js; services/api/src/modules/sales/order-governance.js; services/api/src/modules/sales/pass1-operations.js; apps/web/src/app/(app)/sales/operations/page.tsx; apps/web/tests/pass1-f015-f114.test.mjs,"Pass 1 technical implementation/evidence established; named-human authorization/isolation, functional, responsive and visual UAT remains pending."
F038,Sales,Quotation expiry,P0,TESTING,NOT_READY,protected core foundation; Pass 1 implementation,02-feature-specs/ERP-038.md; 05-uat/F038-UAT.md,services/api/src/modules/sales/index.js; services/api/src/modules/sales/order-governance.js; services/api/src/modules/sales/pass1-operations.js; apps/web/src/app/(app)/sales/operations/page.tsx; apps/web/tests/pass1-f015-f114.test.mjs,"Pass 1 technical implementation/evidence established; named-human authorization/isolation, functional, responsive and visual UAT remains pending."
F039,Sales,Discounts,P0,TESTING,NOT_READY,protected core foundation; Pass 1 implementation,02-feature-specs/ERP-039.md; 05-uat/F039-UAT.md,services/api/src/modules/sales/index.js; services/api/src/modules/sales/order-governance.js; services/api/src/modules/sales/pass1-operations.js; apps/web/src/app/(app)/sales/operations/page.tsx; apps/web/tests/pass1-f015-f114.test.mjs,"Pass 1 technical implementation/evidence established; named-human authorization/isolation, functional, responsive and visual UAT remains pending."
F040,Sales,Taxes,P0,TESTING,NOT_READY,protected core foundation; Pass 1 implementation,02-feature-specs/ERP-040.md; 05-uat/F040-UAT.md,services/api/src/modules/sales/index.js; services/api/src/modules/sales/order-governance.js; services/api/src/modules/sales/pass1-operations.js; apps/web/src/app/(app)/sales/operations/page.tsx; apps/web/tests/pass1-f015-f114.test.mjs,"Pass 1 technical implementation/evidence established; named-human authorization/isolation, functional, responsive and visual UAT remains pending."
F041,Sales,Approval workflow,P0,TESTING,NOT_READY,protected core foundation; Pass 1 implementation,02-feature-specs/ERP-041.md; 05-uat/F041-UAT.md,services/api/src/modules/sales/index.js; services/api/src/modules/sales/order-governance.js; services/api/src/modules/sales/pass1-operations.js; apps/web/src/app/(app)/sales/operations/page.tsx; apps/web/tests/pass1-f015-f114.test.mjs,"Pass 1 technical implementation/evidence established; named-human authorization/isolation, functional, responsive and visual UAT remains pending."
F042,Sales,Sales orders,P0,TESTING,NOT_READY,protected core foundation; Pass 1 implementation,02-feature-specs/ERP-042.md; 05-uat/F042-UAT.md,services/api/src/modules/sales/index.js; services/api/src/modules/sales/order-governance.js; services/api/src/modules/sales/pass1-operations.js; apps/web/src/app/(app)/sales/operations/page.tsx; apps/web/tests/pass1-f015-f114.test.mjs,"Pass 1 technical implementation/evidence established; named-human authorization/isolation, functional, responsive and visual UAT remains pending."
F043,Sales,Order confirmation,P0,TESTING,NOT_READY,protected core foundation; Pass 1 implementation,02-feature-specs/ERP-043.md; 05-uat/F043-UAT.md,services/api/src/modules/sales/index.js; services/api/src/modules/sales/order-governance.js; services/api/src/modules/sales/pass1-operations.js; apps/web/src/app/(app)/sales/operations/page.tsx; apps/web/tests/pass1-f015-f114.test.mjs,"Pass 1 technical implementation/evidence established; named-human authorization/isolation, functional, responsive and visual UAT remains pending."
F044,Sales,Order amendments,P0,TESTING,NOT_READY,protected core foundation; Pass 1 implementation,02-feature-specs/ERP-044.md; 05-uat/F044-UAT.md,services/api/src/modules/sales/index.js; services/api/src/modules/sales/order-governance.js; services/api/src/modules/sales/pass1-operations.js; apps/web/src/app/(app)/sales/operations/page.tsx; apps/web/tests/pass1-f015-f114.test.mjs,"Pass 1 technical implementation/evidence established; named-human authorization/isolation, functional, responsive and visual UAT remains pending."
F045,Sales,Availability check,P0,TESTING,NOT_READY,protected core foundation; Pass 1 implementation,02-feature-specs/ERP-045.md; 05-uat/F045-UAT.md,services/api/src/modules/sales/index.js; services/api/src/modules/sales/order-governance.js; services/api/src/modules/sales/pass1-operations.js; apps/web/src/app/(app)/sales/operations/page.tsx; services/api/src/orchestration/sales-stock-reservation.js; apps/web/tests/pass1-f015-f114.test.mjs,"Pass 1 technical implementation/evidence established; named-human authorization/isolation, functional, responsive and visual UAT remains pending."
F046,Sales,Stock reservation,P0,TESTING,NOT_READY,protected core foundation; Pass 1 implementation,02-feature-specs/ERP-046.md; 05-uat/F046-UAT.md,services/api/src/modules/sales/index.js; services/api/src/modules/sales/order-governance.js; services/api/src/modules/sales/pass1-operations.js; apps/web/src/app/(app)/sales/operations/page.tsx; services/api/src/orchestration/sales-stock-reservation.js; services/api/src/modules/stock/index.js; apps/web/tests/pass1-f015-f114.test.mjs,"Pass 1 technical implementation/evidence established; named-human authorization/isolation, functional, responsive and visual UAT remains pending."
F047,Sales,Partial fulfilment,P0,TESTING,NOT_READY,protected core foundation; Pass 1 implementation,02-feature-specs/ERP-047.md; 05-uat/F047-UAT.md,services/api/src/modules/sales/index.js; services/api/src/modules/sales/order-governance.js; services/api/src/modules/sales/pass1-operations.js; apps/web/src/app/(app)/sales/operations/page.tsx; apps/web/tests/pass1-f015-f114.test.mjs,"Pass 1 technical implementation/evidence established; named-human authorization/isolation, functional, responsive and visual UAT remains pending."
F048,Sales,Backorders,P0,TESTING,NOT_READY,protected core foundation; Pass 1 implementation,02-feature-specs/ERP-048.md; 05-uat/F048-UAT.md,services/api/src/modules/sales/index.js; services/api/src/modules/sales/order-governance.js; services/api/src/modules/sales/pass1-operations.js; apps/web/src/app/(app)/sales/operations/page.tsx; apps/web/tests/pass1-f015-f114.test.mjs,"Pass 1 technical implementation/evidence established; named-human authorization/isolation, functional, responsive and visual UAT remains pending."
F049,Sales,Delivery and shipment,P0,TESTING,NOT_READY,protected core foundation; Pass 1 implementation,02-feature-specs/ERP-049.md; 05-uat/F049-UAT.md,services/api/src/modules/sales/index.js; services/api/src/modules/sales/order-governance.js; services/api/src/modules/sales/pass1-operations.js; apps/web/src/app/(app)/sales/operations/page.tsx; apps/web/tests/pass1-f015-f114.test.mjs,"Pass 1 technical implementation/evidence established; named-human authorization/isolation, functional, responsive and visual UAT remains pending."
F050,Sales,Sales invoices,P0,TESTING,NOT_READY,protected core foundation; Pass 1 implementation,02-feature-specs/ERP-050.md; 05-uat/F050-UAT.md,services/api/src/modules/sales/index.js; services/api/src/modules/sales/order-governance.js; services/api/src/modules/sales/pass1-operations.js; apps/web/src/app/(app)/sales/operations/page.tsx; apps/web/tests/pass1-f015-f114.test.mjs,"Pass 1 technical implementation/evidence established; named-human authorization/isolation, functional, responsive and visual UAT remains pending."
F051,Sales,Partial invoicing,P0,TESTING,NOT_READY,protected core foundation; Pass 1 implementation,02-feature-specs/ERP-051.md; 05-uat/F051-UAT.md,services/api/src/modules/sales/index.js; services/api/src/modules/sales/order-governance.js; services/api/src/modules/sales/pass1-operations.js; apps/web/src/app/(app)/sales/operations/page.tsx; apps/web/tests/pass1-f015-f114.test.mjs,"Pass 1 technical implementation/evidence established; named-human authorization/isolation, functional, responsive and visual UAT remains pending."
F052,Sales,Advance payments,P0,TESTING,NOT_READY,protected core foundation; Pass 1 implementation,02-feature-specs/ERP-052.md; 05-uat/F052-UAT.md,services/api/src/modules/sales/index.js; services/api/src/modules/sales/order-governance.js; services/api/src/modules/sales/pass1-operations.js; apps/web/src/app/(app)/sales/operations/page.tsx; apps/web/tests/pass1-f015-f114.test.mjs,"Pass 1 technical implementation/evidence established; named-human authorization/isolation, functional, responsive and visual UAT remains pending."
F053,Sales,Credit limits,P0,TESTING,NOT_READY,protected core foundation; Pass 1 implementation,02-feature-specs/ERP-053.md; 05-uat/F053-UAT.md,services/api/src/modules/sales/index.js; services/api/src/modules/sales/order-governance.js; services/api/src/modules/sales/pass1-operations.js; apps/web/src/app/(app)/sales/operations/page.tsx; apps/web/tests/pass1-f015-f114.test.mjs,"Pass 1 technical implementation/evidence established; named-human authorization/isolation, functional, responsive and visual UAT remains pending."
F054,Sales,Customer returns,P0,TESTING,NOT_READY,protected core foundation; Pass 1 implementation,02-feature-specs/ERP-054.md; 05-uat/F054-UAT.md,services/api/src/modules/sales/index.js; services/api/src/modules/sales/order-governance.js; services/api/src/modules/sales/pass1-operations.js; apps/web/src/app/(app)/sales/operations/page.tsx; apps/web/tests/pass1-f015-f114.test.mjs,"Pass 1 technical implementation/evidence established; named-human authorization/isolation, functional, responsive and visual UAT remains pending."
F055,Sales,Credit notes and refunds,P0,TESTING,NOT_READY,protected core foundation; Pass 1 implementation,02-feature-specs/ERP-055.md; 05-uat/F055-UAT.md,services/api/src/modules/sales/index.js; services/api/src/modules/sales/order-governance.js; services/api/src/modules/sales/pass1-operations.js; apps/web/src/app/(app)/sales/operations/page.tsx; apps/web/tests/pass1-f015-f114.test.mjs,"Pass 1 technical implementation/evidence established; named-human authorization/isolation, functional, responsive and visual UAT remains pending."
F056,Sales,Drop shipping,P0,TESTING,NOT_READY,protected core foundation; Pass 1 implementation,02-feature-specs/ERP-056.md; 05-uat/F056-UAT.md,services/api/src/modules/sales/index.js; services/api/src/modules/sales/order-governance.js; services/api/src/modules/sales/pass1-operations.js; apps/web/src/app/(app)/sales/operations/page.tsx; apps/web/tests/pass1-f015-f114.test.mjs,"Pass 1 technical implementation/evidence established; named-human authorization/isolation, functional, responsive and visual UAT remains pending."
F057,Sales,Sales commissions,P0,TESTING,NOT_READY,protected core foundation; Pass 1 implementation,02-feature-specs/ERP-057.md; 05-uat/F057-UAT.md,services/api/src/modules/sales/index.js; services/api/src/modules/sales/order-governance.js; services/api/src/modules/sales/pass1-operations.js; apps/web/src/app/(app)/sales/operations/page.tsx; apps/web/tests/pass1-f015-f114.test.mjs,"Pass 1 technical implementation/evidence established; named-human authorization/isolation, functional, responsive and visual UAT remains pending."
F058,Sales,Payment terms,P0,TESTING,NOT_READY,protected core foundation; Pass 1 implementation,02-feature-specs/ERP-058.md; 05-uat/F058-UAT.md,services/api/src/modules/sales/index.js; services/api/src/modules/sales/order-governance.js; services/api/src/modules/sales/pass1-operations.js; apps/web/src/app/(app)/sales/operations/page.tsx; apps/web/tests/pass1-f015-f114.test.mjs,"Pass 1 technical implementation/evidence established; named-human authorization/isolation, functional, responsive and visual UAT remains pending."
F059,Sales,Order status tracking,P0,TESTING,NOT_READY,protected core foundation; Pass 1 implementation,02-feature-specs/ERP-059.md; 05-uat/F059-UAT.md,services/api/src/modules/sales/index.js; services/api/src/modules/sales/order-governance.js; services/api/src/modules/sales/pass1-operations.js; apps/web/src/app/(app)/sales/operations/page.tsx; apps/web/tests/pass1-f015-f114.test.mjs,"Pass 1 technical implementation/evidence established; named-human authorization/isolation, functional, responsive and visual UAT remains pending."
F060,Sales,Sales analytics,P0,TESTING,NOT_READY,protected core foundation; Pass 1 implementation,02-feature-specs/ERP-060.md; 05-uat/F060-UAT.md,services/api/src/modules/sales/index.js; services/api/src/modules/sales/order-governance.js; services/api/src/modules/sales/pass1-operations.js; apps/web/src/app/(app)/sales/operations/page.tsx; apps/web/tests/pass1-f015-f114.test.mjs,"Pass 1 technical implementation/evidence established; named-human authorization/isolation, functional, responsive and visual UAT remains pending."
F061,Sales,Margin and profitability,P0,TESTING,NOT_READY,protected core foundation; Pass 1 implementation,02-feature-specs/ERP-061.md; 05-uat/F061-UAT.md,services/api/src/modules/sales/index.js; services/api/src/modules/sales/order-governance.js; services/api/src/modules/sales/pass1-operations.js; apps/web/src/app/(app)/sales/operations/page.tsx; apps/web/tests/pass1-f015-f114.test.mjs,"Pass 1 technical implementation/evidence established; named-human authorization/isolation, functional, responsive and visual UAT remains pending."
F062,Sales,Order-to-cash reporting,P0,TESTING,NOT_READY,protected core foundation; Pass 1 implementation,02-feature-specs/ERP-062.md; 05-uat/F062-UAT.md,services/api/src/modules/sales/index.js; services/api/src/modules/sales/order-governance.js; services/api/src/modules/sales/pass1-operations.js; apps/web/src/app/(app)/sales/operations/page.tsx; apps/web/tests/pass1-f015-f114.test.mjs,"Pass 1 technical implementation/evidence established; named-human authorization/isolation, functional, responsive and visual UAT remains pending."
F063,Procurement,Supplier master,P0,TESTING,NOT_READY,protected core foundation; Pass 1 implementation,02-feature-specs/ERP-063.md; 05-uat/F063-UAT.md,services/api/src/modules/procurement/index.js; services/api/src/modules/procurement/governance.js; services/api/src/modules/procurement/pass1-operations.js; apps/web/src/app/(app)/procurement/operations/page.tsx; apps/web/tests/pass1-f015-f114.test.mjs,"Pass 1 technical implementation/evidence established; named-human authorization/isolation, functional, responsive and visual UAT remains pending."
F064,Procurement,Supplier contacts and addresses,P0,TESTING,NOT_READY,protected core foundation; Pass 1 implementation,02-feature-specs/ERP-064.md; 05-uat/F064-UAT.md,services/api/src/modules/procurement/index.js; services/api/src/modules/procurement/governance.js; services/api/src/modules/procurement/pass1-operations.js; apps/web/src/app/(app)/procurement/operations/page.tsx; apps/web/tests/pass1-f015-f114.test.mjs,"Pass 1 technical implementation/evidence established; named-human authorization/isolation, functional, responsive and visual UAT remains pending."
F065,Procurement,Supplier onboarding,P0,TESTING,NOT_READY,protected core foundation; Pass 1 implementation,02-feature-specs/ERP-065.md; 05-uat/F065-UAT.md,services/api/src/modules/procurement/index.js; services/api/src/modules/procurement/governance.js; services/api/src/modules/procurement/pass1-operations.js; apps/web/src/app/(app)/procurement/operations/page.tsx; apps/web/tests/pass1-f015-f114.test.mjs,"Pass 1 technical implementation/evidence established; named-human authorization/isolation, functional, responsive and visual UAT remains pending."
F066,Procurement,Supplier categories,P0,TESTING,NOT_READY,protected core foundation; Pass 1 implementation,02-feature-specs/ERP-066.md; 05-uat/F066-UAT.md,services/api/src/modules/procurement/index.js; services/api/src/modules/procurement/governance.js; services/api/src/modules/procurement/pass1-operations.js; apps/web/src/app/(app)/procurement/operations/page.tsx; apps/web/tests/pass1-f015-f114.test.mjs,"Pass 1 technical implementation/evidence established; named-human authorization/isolation, functional, responsive and visual UAT remains pending."
F067,Procurement,Purchase requisitions,P0,TESTING,NOT_READY,protected core foundation; Pass 1 implementation,02-feature-specs/ERP-067.md; 05-uat/F067-UAT.md,services/api/src/modules/procurement/index.js; services/api/src/modules/procurement/governance.js; services/api/src/modules/procurement/pass1-operations.js; apps/web/src/app/(app)/procurement/operations/page.tsx; apps/web/tests/pass1-f015-f114.test.mjs,"Pass 1 technical implementation/evidence established; named-human authorization/isolation, functional, responsive and visual UAT remains pending."
F068,Procurement,Requisition approvals,P0,TESTING,NOT_READY,protected core foundation; Pass 1 implementation,02-feature-specs/ERP-068.md; 05-uat/F068-UAT.md,services/api/src/modules/procurement/index.js; services/api/src/modules/procurement/governance.js; services/api/src/modules/procurement/pass1-operations.js; apps/web/src/app/(app)/procurement/operations/page.tsx; apps/web/tests/pass1-f015-f114.test.mjs,"Pass 1 technical implementation/evidence established; named-human authorization/isolation, functional, responsive and visual UAT remains pending."
F069,Procurement,RFQ creation,P0,TESTING,NOT_READY,protected core foundation; Pass 1 implementation,02-feature-specs/ERP-069.md; 05-uat/F069-UAT.md,services/api/src/modules/procurement/index.js; services/api/src/modules/procurement/governance.js; services/api/src/modules/procurement/pass1-operations.js; apps/web/src/app/(app)/procurement/operations/page.tsx; apps/web/src/modules/procurement/components/pass1-operations-workspace.tsx; apps/web/tests/pass1-f015-f114.test.mjs,"Pass 1 technical implementation/evidence established; named-human authorization/isolation, functional, responsive and visual UAT remains pending."
F070,Procurement,RFQ to multiple vendors,P0,TESTING,NOT_READY,protected core foundation; Pass 1 implementation,02-feature-specs/ERP-070.md; 05-uat/F070-UAT.md,services/api/src/modules/procurement/index.js; services/api/src/modules/procurement/governance.js; services/api/src/modules/procurement/pass1-operations.js; apps/web/src/app/(app)/procurement/operations/page.tsx; apps/web/src/modules/procurement/components/pass1-operations-workspace.tsx; apps/web/tests/pass1-f015-f114.test.mjs,"Pass 1 technical implementation/evidence established; named-human authorization/isolation, functional, responsive and visual UAT remains pending."
F071,Procurement,Supplier quotations,P0,TESTING,NOT_READY,protected core foundation; Pass 1 implementation,02-feature-specs/ERP-071.md; 05-uat/F071-UAT.md,services/api/src/modules/procurement/index.js; services/api/src/modules/procurement/governance.js; services/api/src/modules/procurement/pass1-operations.js; apps/web/src/app/(app)/procurement/operations/page.tsx; apps/web/src/modules/procurement/components/pass1-operations-workspace.tsx; apps/web/tests/pass1-f015-f114.test.mjs,"Pass 1 technical implementation/evidence established; named-human authorization/isolation, functional, responsive and visual UAT remains pending."
F072,Procurement,Bid comparison,P0,TESTING,NOT_READY,protected core foundation; Pass 1 implementation,02-feature-specs/ERP-072.md; 05-uat/F072-UAT.md,services/api/src/modules/procurement/index.js; services/api/src/modules/procurement/governance.js; services/api/src/modules/procurement/pass1-operations.js; apps/web/src/app/(app)/procurement/operations/page.tsx; apps/web/src/modules/procurement/components/pass1-operations-workspace.tsx; apps/web/tests/pass1-f015-f114.test.mjs,"Pass 1 technical implementation/evidence established; named-human authorization/isolation, functional, responsive and visual UAT remains pending."
F073,Procurement,Supplier selection,P0,TESTING,NOT_READY,protected core foundation; Pass 1 implementation,02-feature-specs/ERP-073.md; 05-uat/F073-UAT.md,services/api/src/modules/procurement/index.js; services/api/src/modules/procurement/governance.js; services/api/src/modules/procurement/pass1-operations.js; apps/web/src/app/(app)/procurement/operations/page.tsx; apps/web/src/modules/procurement/components/pass1-operations-workspace.tsx; apps/web/tests/pass1-f015-f114.test.mjs,"Pass 1 technical implementation/evidence established; named-human authorization/isolation, functional, responsive and visual UAT remains pending."
F074,Procurement,Purchase orders,P0,TESTING,NOT_READY,protected core foundation; Pass 1 implementation,02-feature-specs/ERP-074.md; 05-uat/F074-UAT.md,services/api/src/modules/procurement/index.js; services/api/src/modules/procurement/governance.js; services/api/src/modules/procurement/pass1-operations.js; apps/web/src/app/(app)/procurement/operations/page.tsx; apps/web/tests/pass1-f015-f114.test.mjs,"Pass 1 technical implementation/evidence established; named-human authorization/isolation, functional, responsive and visual UAT remains pending."
F075,Procurement,PO approvals,P0,TESTING,NOT_READY,protected core foundation; Pass 1 implementation,02-feature-specs/ERP-075.md; 05-uat/F075-UAT.md,services/api/src/modules/procurement/index.js; services/api/src/modules/procurement/governance.js; services/api/src/modules/procurement/pass1-operations.js; apps/web/src/app/(app)/procurement/operations/page.tsx; apps/web/tests/pass1-f015-f114.test.mjs,"Pass 1 technical implementation/evidence established; named-human authorization/isolation, functional, responsive and visual UAT remains pending."
F076,Procurement,PO amendments,P0,TESTING,NOT_READY,protected core foundation; Pass 1 implementation,02-feature-specs/ERP-076.md; 05-uat/F076-UAT.md,services/api/src/modules/procurement/index.js; services/api/src/modules/procurement/governance.js; services/api/src/modules/procurement/pass1-operations.js; apps/web/src/app/(app)/procurement/operations/page.tsx; apps/web/tests/pass1-f015-f114.test.mjs,"Pass 1 technical implementation/evidence established; named-human authorization/isolation, functional, responsive and visual UAT remains pending."
F077,Procurement,Blanket purchase orders,P0,TESTING,NOT_READY,protected core foundation; Pass 1 implementation,02-feature-specs/ERP-077.md; 05-uat/F077-UAT.md,services/api/src/modules/procurement/index.js; services/api/src/modules/procurement/governance.js; services/api/src/modules/procurement/pass1-operations.js; apps/web/src/app/(app)/procurement/operations/page.tsx; apps/web/tests/pass1-f015-f114.test.mjs,"Pass 1 technical implementation/evidence established; named-human authorization/isolation, functional, responsive and visual UAT remains pending."
F078,Procurement,Purchase agreements and contracts,P0,TESTING,NOT_READY,protected core foundation; Pass 1 implementation,02-feature-specs/ERP-078.md; 05-uat/F078-UAT.md,services/api/src/modules/procurement/index.js; services/api/src/modules/procurement/governance.js; services/api/src/modules/procurement/pass1-operations.js; apps/web/src/app/(app)/procurement/operations/page.tsx; apps/web/tests/pass1-f015-f114.test.mjs,"Pass 1 technical implementation/evidence established; named-human authorization/isolation, functional, responsive and visual UAT remains pending."
F079,Procurement,Supplier price lists,P0,TESTING,NOT_READY,protected core foundation; Pass 1 implementation,02-feature-specs/ERP-079.md; 05-uat/F079-UAT.md,services/api/src/modules/procurement/index.js; services/api/src/modules/procurement/governance.js; services/api/src/modules/procurement/pass1-operations.js; apps/web/src/app/(app)/procurement/operations/page.tsx; apps/web/src/modules/procurement/components/pass1-operations-workspace.tsx; apps/web/tests/pass1-f015-f114.test.mjs,"Pass 1 technical implementation/evidence established; named-human authorization/isolation, functional, responsive and visual UAT remains pending."
F080,Procurement,Goods receipt / GRN,P0,TESTING,NOT_READY,protected core foundation; Pass 1 implementation,02-feature-specs/ERP-080.md; 05-uat/F080-UAT.md,services/api/src/modules/procurement/index.js; services/api/src/modules/procurement/governance.js; services/api/src/modules/procurement/pass1-operations.js; apps/web/src/app/(app)/procurement/operations/page.tsx; apps/web/tests/pass1-f015-f114.test.mjs,"Pass 1 technical implementation/evidence established; named-human authorization/isolation, functional, responsive and visual UAT remains pending."
F081,Procurement,Partial receipts,P0,TESTING,NOT_READY,protected core foundation; Pass 1 implementation,02-feature-specs/ERP-081.md; 05-uat/F081-UAT.md,services/api/src/modules/procurement/index.js; services/api/src/modules/procurement/governance.js; services/api/src/modules/procurement/pass1-operations.js; apps/web/src/app/(app)/procurement/operations/page.tsx; apps/web/tests/pass1-f015-f114.test.mjs,"Pass 1 technical implementation/evidence established; named-human authorization/isolation, functional, responsive and visual UAT remains pending."
F082,Procurement,Rejected receipts,P0,TESTING,NOT_READY,protected core foundation; Pass 1 implementation,02-feature-specs/ERP-082.md; 05-uat/F082-UAT.md,services/api/src/modules/procurement/index.js; services/api/src/modules/procurement/governance.js; services/api/src/modules/procurement/pass1-operations.js; apps/web/src/app/(app)/procurement/operations/page.tsx; apps/web/tests/pass1-f015-f114.test.mjs,"Pass 1 technical implementation/evidence established; named-human authorization/isolation, functional, responsive and visual UAT remains pending."
F083,Procurement,Purchase returns,P0,TESTING,NOT_READY,protected core foundation; Pass 1 implementation,02-feature-specs/ERP-083.md; 05-uat/F083-UAT.md,services/api/src/modules/procurement/index.js; services/api/src/modules/procurement/governance.js; services/api/src/modules/procurement/pass1-operations.js; apps/web/src/app/(app)/procurement/operations/page.tsx; apps/web/src/modules/procurement/components/pass1-operations-workspace.tsx; apps/web/tests/pass1-f015-f114.test.mjs,"Pass 1 technical implementation/evidence established; named-human authorization/isolation, functional, responsive and visual UAT remains pending."
F084,Procurement,Supplier invoices,P0,TESTING,NOT_READY,protected core foundation; Pass 1 implementation,02-feature-specs/ERP-084.md; 05-uat/F084-UAT.md,services/api/src/modules/procurement/index.js; services/api/src/modules/procurement/governance.js; services/api/src/modules/procurement/pass1-operations.js; apps/web/src/app/(app)/procurement/operations/page.tsx; apps/web/tests/pass1-f015-f114.test.mjs,"Pass 1 technical implementation/evidence established; named-human authorization/isolation, functional, responsive and visual UAT remains pending."
F085,Procurement,2-way matching,P0,TESTING,NOT_READY,protected core foundation; Pass 1 implementation,02-feature-specs/ERP-085.md; 05-uat/F085-UAT.md,services/api/src/modules/procurement/index.js; services/api/src/modules/procurement/governance.js; services/api/src/modules/procurement/pass1-operations.js; apps/web/src/app/(app)/procurement/operations/page.tsx; apps/web/tests/pass1-f015-f114.test.mjs,"Pass 1 technical implementation/evidence established; named-human authorization/isolation, functional, responsive and visual UAT remains pending."
F086,Procurement,3-way matching: PO – GRN – Invoice,P0,TESTING,NOT_READY,protected core foundation; Pass 1 implementation,02-feature-specs/ERP-086.md; 05-uat/F086-UAT.md,services/api/src/modules/procurement/index.js; services/api/src/modules/procurement/governance.js; services/api/src/modules/procurement/pass1-operations.js; apps/web/src/app/(app)/procurement/operations/page.tsx; apps/web/tests/pass1-f015-f114.test.mjs,"Pass 1 technical implementation/evidence established; named-human authorization/isolation, functional, responsive and visual UAT remains pending."
F087,Procurement,Landed costs,P0,TESTING,NOT_READY,protected core foundation; Pass 1 implementation,02-feature-specs/ERP-087.md; 05-uat/F087-UAT.md,services/api/src/modules/procurement/index.js; services/api/src/modules/procurement/governance.js; services/api/src/modules/procurement/pass1-operations.js; apps/web/src/app/(app)/procurement/operations/page.tsx; apps/web/tests/pass1-f015-f114.test.mjs,"Pass 1 technical implementation/evidence established; named-human authorization/isolation, functional, responsive and visual UAT remains pending."
F088,Procurement,Payment terms,P0,TESTING,NOT_READY,protected core foundation; Pass 1 implementation,02-feature-specs/ERP-088.md; 05-uat/F088-UAT.md,services/api/src/modules/procurement/index.js; services/api/src/modules/procurement/governance.js; services/api/src/modules/procurement/pass1-operations.js; apps/web/src/app/(app)/procurement/operations/page.tsx; apps/web/tests/pass1-f015-f114.test.mjs,"Pass 1 technical implementation/evidence established; named-human authorization/isolation, functional, responsive and visual UAT remains pending."
F089,Procurement,Supplier performance,P0,TESTING,NOT_READY,protected core foundation; Pass 1 implementation,02-feature-specs/ERP-089.md; 05-uat/F089-UAT.md,services/api/src/modules/procurement/index.js; services/api/src/modules/procurement/governance.js; services/api/src/modules/procurement/pass1-operations.js; apps/web/src/app/(app)/procurement/operations/page.tsx; apps/web/src/modules/procurement/components/pass1-operations-workspace.tsx; apps/web/tests/pass1-f015-f114.test.mjs,"Pass 1 technical implementation/evidence established; named-human authorization/isolation, functional, responsive and visual UAT remains pending."
F090,Procurement,Supplier rating,P0,TESTING,NOT_READY,protected core foundation; Pass 1 implementation,02-feature-specs/ERP-090.md; 05-uat/F090-UAT.md,services/api/src/modules/procurement/index.js; services/api/src/modules/procurement/governance.js; services/api/src/modules/procurement/pass1-operations.js; apps/web/src/app/(app)/procurement/operations/page.tsx; apps/web/src/modules/procurement/components/pass1-operations-workspace.tsx; apps/web/tests/pass1-f015-f114.test.mjs,"Pass 1 technical implementation/evidence established; named-human authorization/isolation, functional, responsive and visual UAT remains pending."
F091,Procurement,Supplier lead times,P0,TESTING,NOT_READY,protected core foundation; Pass 1 implementation,02-feature-specs/ERP-091.md; 05-uat/F091-UAT.md,services/api/src/modules/procurement/index.js; services/api/src/modules/procurement/governance.js; services/api/src/modules/procurement/pass1-operations.js; apps/web/src/app/(app)/procurement/operations/page.tsx; apps/web/tests/pass1-f015-f114.test.mjs,"Pass 1 technical implementation/evidence established; named-human authorization/isolation, functional, responsive and visual UAT remains pending."
F092,Procurement,Spend analysis,P0,TESTING,NOT_READY,protected core foundation; Pass 1 implementation,02-feature-specs/ERP-092.md; 05-uat/F092-UAT.md,services/api/src/modules/procurement/index.js; services/api/src/modules/procurement/governance.js; services/api/src/modules/procurement/pass1-operations.js; apps/web/src/app/(app)/procurement/operations/page.tsx; apps/web/tests/pass1-f015-f114.test.mjs,"Pass 1 technical implementation/evidence established; named-human authorization/isolation, functional, responsive and visual UAT remains pending."
F093,Procurement,Purchase history,P0,TESTING,NOT_READY,protected core foundation; Pass 1 implementation,02-feature-specs/ERP-093.md; 05-uat/F093-UAT.md,services/api/src/modules/procurement/index.js; services/api/src/modules/procurement/governance.js; services/api/src/modules/procurement/pass1-operations.js; apps/web/src/app/(app)/procurement/operations/page.tsx; apps/web/tests/pass1-f015-f114.test.mjs,"Pass 1 technical implementation/evidence established; named-human authorization/isolation, functional, responsive and visual UAT remains pending."
F094,Procurement,Reorder-generated purchasing,P0,TESTING,NOT_READY,protected core foundation; Pass 1 implementation,02-feature-specs/ERP-094.md; 05-uat/F094-UAT.md,services/api/src/modules/procurement/index.js; services/api/src/modules/procurement/governance.js; services/api/src/modules/procurement/pass1-operations.js; apps/web/src/app/(app)/procurement/operations/page.tsx; services/api/src/orchestration/reorder-purchasing.js; apps/web/tests/pass1-f015-f114.test.mjs,"Pass 1 technical implementation/evidence established; named-human authorization/isolation, functional, responsive and visual UAT remains pending."
F095,Procurement,Subcontract purchasing,P0,TESTING,NOT_READY,protected core foundation; Pass 1 implementation,02-feature-specs/ERP-095.md; 05-uat/F095-UAT.md,services/api/src/modules/procurement/index.js; services/api/src/modules/procurement/governance.js; services/api/src/modules/procurement/pass1-operations.js; apps/web/src/app/(app)/procurement/operations/page.tsx; apps/web/tests/pass1-f015-f114.test.mjs,"Pass 1 technical implementation/evidence established; named-human authorization/isolation, functional, responsive and visual UAT remains pending."
F096,Procurement,Procurement dashboard,P0,TESTING,NOT_READY,protected core foundation; Pass 1 implementation,02-feature-specs/ERP-096.md; 05-uat/F096-UAT.md,services/api/src/modules/procurement/index.js; services/api/src/modules/procurement/governance.js; services/api/src/modules/procurement/pass1-operations.js; apps/web/src/app/(app)/procurement/operations/page.tsx; apps/web/tests/pass1-f015-f114.test.mjs,"Pass 1 technical implementation/evidence established; named-human authorization/isolation, functional, responsive and visual UAT remains pending."
F097,Stock,Item master,P0,TESTING,NOT_READY,protected core foundation; Pass 1 implementation,02-feature-specs/ERP-097.md; 05-uat/F097-UAT.md,services/api/src/modules/stock/index.js; apps/web/src/app/(app)/stock/operations/page.tsx; apps/web/src/app/(app)/stock/availability/page.tsx; services/api/src/core/master-data.js; database/tenant/migrations/071_pass1_f015_f114_operational_gaps.sql; apps/web/tests/pass1-f015-f114.test.mjs,"Pass 1 technical implementation/evidence established; named-human authorization/isolation, functional, responsive and visual UAT remains pending."
F098,Stock,Item categories,P0,TESTING,NOT_READY,protected core foundation; Pass 1 implementation,02-feature-specs/ERP-098.md; 05-uat/F098-UAT.md,services/api/src/modules/stock/index.js; apps/web/src/app/(app)/stock/operations/page.tsx; apps/web/src/app/(app)/stock/availability/page.tsx; services/api/src/core/master-data.js; database/tenant/migrations/071_pass1_f015_f114_operational_gaps.sql; apps/web/tests/pass1-f015-f114.test.mjs,"Pass 1 technical implementation/evidence established; named-human authorization/isolation, functional, responsive and visual UAT remains pending."
F099,Stock,SKUs,P0,TESTING,NOT_READY,protected core foundation; Pass 1 implementation,02-feature-specs/ERP-099.md; 05-uat/F099-UAT.md,services/api/src/modules/stock/index.js; apps/web/src/app/(app)/stock/operations/page.tsx; apps/web/src/app/(app)/stock/availability/page.tsx; services/api/src/core/master-data.js; database/tenant/migrations/071_pass1_f015_f114_operational_gaps.sql; apps/web/tests/pass1-f015-f114.test.mjs,"Pass 1 technical implementation/evidence established; named-human authorization/isolation, functional, responsive and visual UAT remains pending."
F100,Stock,Variants,P0,TESTING,NOT_READY,protected core foundation; Pass 1 implementation,02-feature-specs/ERP-100.md; 05-uat/F100-UAT.md,services/api/src/modules/stock/index.js; apps/web/src/app/(app)/stock/operations/page.tsx; apps/web/src/app/(app)/stock/availability/page.tsx; services/api/src/core/master-data.js; database/tenant/migrations/071_pass1_f015_f114_operational_gaps.sql; apps/web/src/core/master-data.ts; apps/web/tests/pass1-f015-f114.test.mjs,"Pass 1 technical implementation/evidence established; named-human authorization/isolation, functional, responsive and visual UAT remains pending."
F101,Stock,Multiple units of measure,P0,TESTING,NOT_READY,protected core foundation; Pass 1 implementation,02-feature-specs/ERP-101.md; 05-uat/F101-UAT.md,services/api/src/modules/stock/index.js; apps/web/src/app/(app)/stock/operations/page.tsx; apps/web/src/app/(app)/stock/availability/page.tsx; services/api/src/core/master-data.js; database/tenant/migrations/071_pass1_f015_f114_operational_gaps.sql; apps/web/tests/pass1-f015-f114.test.mjs,"Pass 1 technical implementation/evidence established; named-human authorization/isolation, functional, responsive and visual UAT remains pending."
F102,Stock,UOM conversions,P0,TESTING,NOT_READY,protected core foundation; Pass 1 implementation,02-feature-specs/ERP-102.md; 05-uat/F102-UAT.md,services/api/src/modules/stock/index.js; apps/web/src/app/(app)/stock/operations/page.tsx; apps/web/src/app/(app)/stock/availability/page.tsx; services/api/src/core/master-data.js; database/tenant/migrations/071_pass1_f015_f114_operational_gaps.sql; apps/web/src/core/master-data.ts; apps/web/tests/pass1-f015-f114.test.mjs,"Pass 1 technical implementation/evidence established; named-human authorization/isolation, functional, responsive and visual UAT remains pending."
F103,Stock,Warehouses,P0,TESTING,NOT_READY,protected core foundation; Pass 1 implementation,02-feature-specs/ERP-103.md; 05-uat/F103-UAT.md,services/api/src/modules/stock/index.js; apps/web/src/app/(app)/stock/operations/page.tsx; apps/web/src/app/(app)/stock/availability/page.tsx; services/api/src/core/master-data.js; database/tenant/migrations/071_pass1_f015_f114_operational_gaps.sql; apps/web/tests/pass1-f015-f114.test.mjs,"Pass 1 technical implementation/evidence established; named-human authorization/isolation, functional, responsive and visual UAT remains pending."
F104,Stock,Warehouse locations and bins,P0,TESTING,NOT_READY,protected core foundation; Pass 1 implementation,02-feature-specs/ERP-104.md; 05-uat/F104-UAT.md,services/api/src/modules/stock/index.js; apps/web/src/app/(app)/stock/operations/page.tsx; apps/web/src/app/(app)/stock/availability/page.tsx; services/api/src/core/master-data.js; database/tenant/migrations/071_pass1_f015_f114_operational_gaps.sql; apps/web/tests/pass1-f015-f114.test.mjs,"Pass 1 technical implementation/evidence established; named-human authorization/isolation, functional, responsive and visual UAT remains pending."
F105,Stock,Multi-warehouse inventory,P0,TESTING,NOT_READY,protected core foundation; Pass 1 implementation,02-feature-specs/ERP-105.md; 05-uat/F105-UAT.md,services/api/src/modules/stock/index.js; apps/web/src/app/(app)/stock/operations/page.tsx; apps/web/src/app/(app)/stock/availability/page.tsx; services/api/src/core/master-data.js; database/tenant/migrations/071_pass1_f015_f114_operational_gaps.sql; apps/web/tests/pass1-f015-f114.test.mjs,"Pass 1 technical implementation/evidence established; named-human authorization/isolation, functional, responsive and visual UAT remains pending."
F106,Stock,Real-time stock balance,P0,TESTING,NOT_READY,protected core foundation; Pass 1 implementation,02-feature-specs/ERP-106.md; 05-uat/F106-UAT.md,services/api/src/modules/stock/index.js; apps/web/src/app/(app)/stock/operations/page.tsx; apps/web/src/app/(app)/stock/availability/page.tsx; services/api/src/core/master-data.js; database/tenant/migrations/071_pass1_f015_f114_operational_gaps.sql; apps/web/tests/pass1-f015-f114.test.mjs,"Pass 1 technical implementation/evidence established; named-human authorization/isolation, functional, responsive and visual UAT remains pending."
F107,Stock,Stock ledger,P0,TESTING,NOT_READY,protected core foundation; Pass 1 implementation,02-feature-specs/ERP-107.md; 05-uat/F107-UAT.md,services/api/src/modules/stock/index.js; apps/web/src/app/(app)/stock/operations/page.tsx; apps/web/src/app/(app)/stock/availability/page.tsx; services/api/src/core/master-data.js; database/tenant/migrations/071_pass1_f015_f114_operational_gaps.sql; apps/web/tests/pass1-f015-f114.test.mjs,"Pass 1 technical implementation/evidence established; named-human authorization/isolation, functional, responsive and visual UAT remains pending."
F108,Stock,Goods receipts,P0,TESTING,NOT_READY,protected core foundation; Pass 1 implementation,02-feature-specs/ERP-108.md; 05-uat/F108-UAT.md,services/api/src/modules/stock/index.js; apps/web/src/app/(app)/stock/operations/page.tsx; apps/web/src/app/(app)/stock/availability/page.tsx; services/api/src/core/master-data.js; database/tenant/migrations/071_pass1_f015_f114_operational_gaps.sql; apps/web/src/modules/stock/components/operations-workspace.tsx; apps/web/src/app/api/stock/movements/route.ts; apps/web/tests/pass1-f015-f114.test.mjs,"Pass 1 technical implementation/evidence established; named-human authorization/isolation, functional, responsive and visual UAT remains pending."
F109,Stock,Goods issues,P0,TESTING,NOT_READY,protected core foundation; Pass 1 implementation,02-feature-specs/ERP-109.md; 05-uat/F109-UAT.md,services/api/src/modules/stock/index.js; apps/web/src/app/(app)/stock/operations/page.tsx; apps/web/src/app/(app)/stock/availability/page.tsx; services/api/src/core/master-data.js; database/tenant/migrations/071_pass1_f015_f114_operational_gaps.sql; apps/web/src/modules/stock/components/operations-workspace.tsx; apps/web/src/app/api/stock/movements/route.ts; apps/web/tests/pass1-f015-f114.test.mjs,"Pass 1 technical implementation/evidence established; named-human authorization/isolation, functional, responsive and visual UAT remains pending."
F110,Stock,Internal transfers,P0,TESTING,NOT_READY,protected core foundation; Pass 1 implementation,02-feature-specs/ERP-110.md; 05-uat/F110-UAT.md,services/api/src/modules/stock/index.js; apps/web/src/app/(app)/stock/operations/page.tsx; apps/web/src/app/(app)/stock/availability/page.tsx; services/api/src/core/master-data.js; database/tenant/migrations/071_pass1_f015_f114_operational_gaps.sql; apps/web/src/modules/stock/components/operations-workspace.tsx; apps/web/src/app/api/stock/transfers/route.ts; apps/web/tests/pass1-f015-f114.test.mjs,"Pass 1 technical implementation/evidence established; named-human authorization/isolation, functional, responsive and visual UAT remains pending."
F111,Stock,Stock adjustments,P0,TESTING,NOT_READY,protected core foundation; Pass 1 implementation,02-feature-specs/ERP-111.md; 05-uat/F111-UAT.md,services/api/src/modules/stock/index.js; apps/web/src/app/(app)/stock/operations/page.tsx; apps/web/src/app/(app)/stock/availability/page.tsx; services/api/src/core/master-data.js; database/tenant/migrations/071_pass1_f015_f114_operational_gaps.sql; apps/web/src/modules/stock/components/operations-workspace.tsx; apps/web/src/app/api/stock/movements/route.ts; apps/web/tests/pass1-f015-f114.test.mjs,"Pass 1 technical implementation/evidence established; named-human authorization/isolation, functional, responsive and visual UAT remains pending."
F112,Stock,Stock reservations,P0,TESTING,NOT_READY,protected core foundation; Pass 1 implementation,02-feature-specs/ERP-112.md; 05-uat/F112-UAT.md,services/api/src/modules/stock/index.js; apps/web/src/app/(app)/stock/operations/page.tsx; apps/web/src/app/(app)/stock/availability/page.tsx; services/api/src/core/master-data.js; database/tenant/migrations/071_pass1_f015_f114_operational_gaps.sql; apps/web/src/modules/stock/components/availability-workspace.tsx; apps/web/tests/pass1-f015-f114.test.mjs,"Pass 1 technical implementation/evidence established; named-human authorization/isolation, functional, responsive and visual UAT remains pending."
F113,Stock,Available stock,P0,TESTING,NOT_READY,protected core foundation; Pass 1 implementation,02-feature-specs/ERP-113.md; 05-uat/F113-UAT.md,services/api/src/modules/stock/index.js; apps/web/src/app/(app)/stock/operations/page.tsx; apps/web/src/app/(app)/stock/availability/page.tsx; services/api/src/core/master-data.js; database/tenant/migrations/071_pass1_f015_f114_operational_gaps.sql; apps/web/src/modules/stock/components/availability-workspace.tsx; apps/web/tests/pass1-f015-f114.test.mjs,"Pass 1 technical implementation/evidence established; named-human authorization/isolation, functional, responsive and visual UAT remains pending."
F114,Stock,Available-to-promise,P0,TESTING,NOT_READY,protected core foundation; Pass 1 implementation,02-feature-specs/ERP-114.md; 05-uat/F114-UAT.md,services/api/src/modules/stock/index.js; apps/web/src/app/(app)/stock/operations/page.tsx; apps/web/src/app/(app)/stock/availability/page.tsx; services/api/src/core/master-data.js; database/tenant/migrations/071_pass1_f015_f114_operational_gaps.sql; services/api/src/orchestration/sales-stock-reservation.js; apps/web/tests/pass1-f015-f114.test.mjs,"Pass 1 technical implementation/evidence established; named-human authorization/isolation, functional, responsive and visual UAT remains pending."
ERP-115,,,TBD,NOT_STARTED,NOT_READY,,02-feature-specs/ERP-115.md,,
ERP-116,,,TBD,NOT_STARTED,NOT_READY,,02-feature-specs/ERP-116.md,,
ERP-117,,,TBD,NOT_STARTED,NOT_READY,,02-feature-specs/ERP-117.md,,
ERP-118,,,TBD,NOT_STARTED,NOT_READY,,02-feature-specs/ERP-118.md,,
ERP-119,,,TBD,NOT_STARTED,NOT_READY,,02-feature-specs/ERP-119.md,,
ERP-120,,,TBD,NOT_STARTED,NOT_READY,,02-feature-specs/ERP-120.md,,
ERP-121,,,TBD,NOT_STARTED,NOT_READY,,02-feature-specs/ERP-121.md,,
ERP-122,,,TBD,NOT_STARTED,NOT_READY,,02-feature-specs/ERP-122.md,,
ERP-123,,,TBD,NOT_STARTED,NOT_READY,,02-feature-specs/ERP-123.md,,
ERP-124,,,TBD,NOT_STARTED,NOT_READY,,02-feature-specs/ERP-124.md,,
ERP-125,,,TBD,NOT_STARTED,NOT_READY,,02-feature-specs/ERP-125.md,,
ERP-126,,,TBD,NOT_STARTED,NOT_READY,,02-feature-specs/ERP-126.md,,
ERP-127,,,TBD,NOT_STARTED,NOT_READY,,02-feature-specs/ERP-127.md,,
ERP-128,,,TBD,NOT_STARTED,NOT_READY,,02-feature-specs/ERP-128.md,,
ERP-129,,,TBD,NOT_STARTED,NOT_READY,,02-feature-specs/ERP-129.md,,
ERP-130,,,TBD,NOT_STARTED,NOT_READY,,02-feature-specs/ERP-130.md,,
ERP-131,,,TBD,NOT_STARTED,NOT_READY,,02-feature-specs/ERP-131.md,,
ERP-132,,,TBD,NOT_STARTED,NOT_READY,,02-feature-specs/ERP-132.md,,
ERP-133,,,TBD,NOT_STARTED,NOT_READY,,02-feature-specs/ERP-133.md,,
ERP-134,,,TBD,NOT_STARTED,NOT_READY,,02-feature-specs/ERP-134.md,,
ERP-135,,,TBD,NOT_STARTED,NOT_READY,,02-feature-specs/ERP-135.md,,
ERP-136,,,TBD,NOT_STARTED,NOT_READY,,02-feature-specs/ERP-136.md,,
ERP-137,,,TBD,NOT_STARTED,NOT_READY,,02-feature-specs/ERP-137.md,,
ERP-138,,,TBD,NOT_STARTED,NOT_READY,,02-feature-specs/ERP-138.md,,
ERP-139,,,TBD,NOT_STARTED,NOT_READY,,02-feature-specs/ERP-139.md,,
ERP-140,,,TBD,NOT_STARTED,NOT_READY,,02-feature-specs/ERP-140.md,,
ERP-141,,,TBD,NOT_STARTED,NOT_READY,,02-feature-specs/ERP-141.md,,
ERP-142,,,TBD,NOT_STARTED,NOT_READY,,02-feature-specs/ERP-142.md,,
ERP-143,,,TBD,NOT_STARTED,NOT_READY,,02-feature-specs/ERP-143.md,,
ERP-144,,,TBD,NOT_STARTED,NOT_READY,,02-feature-specs/ERP-144.md,,
ERP-145,,,TBD,NOT_STARTED,NOT_READY,,02-feature-specs/ERP-145.md,,
ERP-146,,,TBD,NOT_STARTED,NOT_READY,,02-feature-specs/ERP-146.md,,
ERP-147,,,TBD,NOT_STARTED,NOT_READY,,02-feature-specs/ERP-147.md,,
ERP-148,,,TBD,NOT_STARTED,NOT_READY,,02-feature-specs/ERP-148.md,,
ERP-149,,,TBD,NOT_STARTED,NOT_READY,,02-feature-specs/ERP-149.md,,
ERP-150,,,TBD,NOT_STARTED,NOT_READY,,02-feature-specs/ERP-150.md,,
ERP-151,,,TBD,NOT_STARTED,NOT_READY,,02-feature-specs/ERP-151.md,,
ERP-152,,,TBD,NOT_STARTED,NOT_READY,,02-feature-specs/ERP-152.md,,
ERP-153,,,TBD,NOT_STARTED,NOT_READY,,02-feature-specs/ERP-153.md,,
ERP-154,,,TBD,NOT_STARTED,NOT_READY,,02-feature-specs/ERP-154.md,,
ERP-155,,,TBD,NOT_STARTED,NOT_READY,,02-feature-specs/ERP-155.md,,
ERP-156,,,TBD,NOT_STARTED,NOT_READY,,02-feature-specs/ERP-156.md,,
ERP-157,,,TBD,NOT_STARTED,NOT_READY,,02-feature-specs/ERP-157.md,,
ERP-158,,,TBD,NOT_STARTED,NOT_READY,,02-feature-specs/ERP-158.md,,
ERP-159,,,TBD,NOT_STARTED,NOT_READY,,02-feature-specs/ERP-159.md,,
ERP-160,,,TBD,NOT_STARTED,NOT_READY,,02-feature-specs/ERP-160.md,,
ERP-161,,,TBD,NOT_STARTED,NOT_READY,,02-feature-specs/ERP-161.md,,
ERP-162,,,TBD,NOT_STARTED,NOT_READY,,02-feature-specs/ERP-162.md,,
ERP-163,,,TBD,NOT_STARTED,NOT_READY,,02-feature-specs/ERP-163.md,,
ERP-164,,,TBD,NOT_STARTED,NOT_READY,,02-feature-specs/ERP-164.md,,
ERP-165,,,TBD,NOT_STARTED,NOT_READY,,02-feature-specs/ERP-165.md,,
ERP-166,,,TBD,NOT_STARTED,NOT_READY,,02-feature-specs/ERP-166.md,,
ERP-167,,,TBD,NOT_STARTED,NOT_READY,,02-feature-specs/ERP-167.md,,
ERP-168,,,TBD,NOT_STARTED,NOT_READY,,02-feature-specs/ERP-168.md,,
ERP-169,,,TBD,NOT_STARTED,NOT_READY,,02-feature-specs/ERP-169.md,,
ERP-170,,,TBD,NOT_STARTED,NOT_READY,,02-feature-specs/ERP-170.md,,
ERP-171,,,TBD,NOT_STARTED,NOT_READY,,02-feature-specs/ERP-171.md,,
ERP-172,,,TBD,NOT_STARTED,NOT_READY,,02-feature-specs/ERP-172.md,,
ERP-173,,,TBD,NOT_STARTED,NOT_READY,,02-feature-specs/ERP-173.md,,
ERP-174,,,TBD,NOT_STARTED,NOT_READY,,02-feature-specs/ERP-174.md,,
ERP-175,,,TBD,NOT_STARTED,NOT_READY,,02-feature-specs/ERP-175.md,,
ERP-176,,,TBD,NOT_STARTED,NOT_READY,,02-feature-specs/ERP-176.md,,
ERP-177,,,TBD,NOT_STARTED,NOT_READY,,02-feature-specs/ERP-177.md,,
ERP-178,,,TBD,NOT_STARTED,NOT_READY,,02-feature-specs/ERP-178.md,,
ERP-179,,,TBD,NOT_STARTED,NOT_READY,,02-feature-specs/ERP-179.md,,
ERP-180,,,TBD,NOT_STARTED,NOT_READY,,02-feature-specs/ERP-180.md,,
ERP-181,,,TBD,NOT_STARTED,NOT_READY,,02-feature-specs/ERP-181.md,,
ERP-182,,,TBD,NOT_STARTED,NOT_READY,,02-feature-specs/ERP-182.md,,
ERP-183,,,TBD,NOT_STARTED,NOT_READY,,02-feature-specs/ERP-183.md,,
ERP-184,,,TBD,NOT_STARTED,NOT_READY,,02-feature-specs/ERP-184.md,,
ERP-185,,,TBD,NOT_STARTED,NOT_READY,,02-feature-specs/ERP-185.md,,
ERP-186,,,TBD,NOT_STARTED,NOT_READY,,02-feature-specs/ERP-186.md,,
ERP-187,,,TBD,NOT_STARTED,NOT_READY,,02-feature-specs/ERP-187.md,,
ERP-188,,,TBD,NOT_STARTED,NOT_READY,,02-feature-specs/ERP-188.md,,
ERP-189,,,TBD,NOT_STARTED,NOT_READY,,02-feature-specs/ERP-189.md,,
ERP-190,,,TBD,NOT_STARTED,NOT_READY,,02-feature-specs/ERP-190.md,,
ERP-191,,,TBD,NOT_STARTED,NOT_READY,,02-feature-specs/ERP-191.md,,
ERP-192,,,TBD,NOT_STARTED,NOT_READY,,02-feature-specs/ERP-192.md,,
ERP-193,,,TBD,NOT_STARTED,NOT_READY,,02-feature-specs/ERP-193.md,,
ERP-194,,,TBD,NOT_STARTED,NOT_READY,,02-feature-specs/ERP-194.md,,
ERP-195,,,TBD,NOT_STARTED,NOT_READY,,02-feature-specs/ERP-195.md,,
ERP-196,,,TBD,NOT_STARTED,NOT_READY,,02-feature-specs/ERP-196.md,,
ERP-197,,,TBD,NOT_STARTED,NOT_READY,,02-feature-specs/ERP-197.md,,
ERP-198,,,TBD,NOT_STARTED,NOT_READY,,02-feature-specs/ERP-198.md,,
ERP-199,,,TBD,NOT_STARTED,NOT_READY,,02-feature-specs/ERP-199.md,,
ERP-200,,,TBD,NOT_STARTED,NOT_READY,,02-feature-specs/ERP-200.md,,
ERP-201,,,TBD,NOT_STARTED,NOT_READY,,02-feature-specs/ERP-201.md,,
ERP-202,,,TBD,NOT_STARTED,NOT_READY,,02-feature-specs/ERP-202.md,,
ERP-203,,,TBD,NOT_STARTED,NOT_READY,,02-feature-specs/ERP-203.md,,
ERP-204,,,TBD,NOT_STARTED,NOT_READY,,02-feature-specs/ERP-204.md,,
ERP-205,,,TBD,NOT_STARTED,NOT_READY,,02-feature-specs/ERP-205.md,,
ERP-206,,,TBD,NOT_STARTED,NOT_READY,,02-feature-specs/ERP-206.md,,
ERP-207,,,TBD,NOT_STARTED,NOT_READY,,02-feature-specs/ERP-207.md,,
ERP-208,,,TBD,NOT_STARTED,NOT_READY,,02-feature-specs/ERP-208.md,,
ERP-209,,,TBD,NOT_STARTED,NOT_READY,,02-feature-specs/ERP-209.md,,
ERP-210,,,TBD,NOT_STARTED,NOT_READY,,02-feature-specs/ERP-210.md,,
ERP-211,,,TBD,NOT_STARTED,NOT_READY,,02-feature-specs/ERP-211.md,,
ERP-212,,,TBD,NOT_STARTED,NOT_READY,,02-feature-specs/ERP-212.md,,
ERP-213,,,TBD,NOT_STARTED,NOT_READY,,02-feature-specs/ERP-213.md,,
ERP-214,,,TBD,NOT_STARTED,NOT_READY,,02-feature-specs/ERP-214.md,,
ERP-215,,,TBD,NOT_STARTED,NOT_READY,,02-feature-specs/ERP-215.md,,
ERP-216,,,TBD,NOT_STARTED,NOT_READY,,02-feature-specs/ERP-216.md,,
ERP-217,,,TBD,NOT_STARTED,NOT_READY,,02-feature-specs/ERP-217.md,,
ERP-218,,,TBD,NOT_STARTED,NOT_READY,,02-feature-specs/ERP-218.md,,
ERP-219,,,TBD,NOT_STARTED,NOT_READY,,02-feature-specs/ERP-219.md,,
ERP-220,,,TBD,NOT_STARTED,NOT_READY,,02-feature-specs/ERP-220.md,,
ERP-221,,,TBD,NOT_STARTED,NOT_READY,,02-feature-specs/ERP-221.md,,
ERP-222,,,TBD,NOT_STARTED,NOT_READY,,02-feature-specs/ERP-222.md,,
ERP-223,,,TBD,NOT_STARTED,NOT_READY,,02-feature-specs/ERP-223.md,,
ERP-224,,,TBD,NOT_STARTED,NOT_READY,,02-feature-specs/ERP-224.md,,
ERP-225,,,TBD,NOT_STARTED,NOT_READY,,02-feature-specs/ERP-225.md,,
ERP-226,,,TBD,NOT_STARTED,NOT_READY,,02-feature-specs/ERP-226.md,,
ERP-227,,,TBD,NOT_STARTED,NOT_READY,,02-feature-specs/ERP-227.md,,
ERP-228,,,TBD,NOT_STARTED,NOT_READY,,02-feature-specs/ERP-228.md,,
ERP-229,,,TBD,NOT_STARTED,NOT_READY,,02-feature-specs/ERP-229.md,,
ERP-230,,,TBD,NOT_STARTED,NOT_READY,,02-feature-specs/ERP-230.md,,
ERP-231,,,TBD,NOT_STARTED,NOT_READY,,02-feature-specs/ERP-231.md,,
ERP-232,,,TBD,NOT_STARTED,NOT_READY,,02-feature-specs/ERP-232.md,,
ERP-233,,,TBD,NOT_STARTED,NOT_READY,,02-feature-specs/ERP-233.md,,
ERP-234,,,TBD,NOT_STARTED,NOT_READY,,02-feature-specs/ERP-234.md,,
ERP-235,,,TBD,NOT_STARTED,NOT_READY,,02-feature-specs/ERP-235.md,,
ERP-236,,,TBD,NOT_STARTED,NOT_READY,,02-feature-specs/ERP-236.md,,
ERP-237,,,TBD,NOT_STARTED,NOT_READY,,02-feature-specs/ERP-237.md,,
ERP-238,,,TBD,NOT_STARTED,NOT_READY,,02-feature-specs/ERP-238.md,,
ERP-239,,,TBD,NOT_STARTED,NOT_READY,,02-feature-specs/ERP-239.md,,
ERP-240,,,TBD,NOT_STARTED,NOT_READY,,02-feature-specs/ERP-240.md,,
ERP-241,,,TBD,NOT_STARTED,NOT_READY,,02-feature-specs/ERP-241.md,,
ERP-242,,,TBD,NOT_STARTED,NOT_READY,,02-feature-specs/ERP-242.md,,
ERP-243,,,TBD,NOT_STARTED,NOT_READY,,02-feature-specs/ERP-243.md,,
ERP-244,,,TBD,NOT_STARTED,NOT_READY,,02-feature-specs/ERP-244.md,,
ERP-245,,,TBD,NOT_STARTED,NOT_READY,,02-feature-specs/ERP-245.md,,
ERP-246,,,TBD,NOT_STARTED,NOT_READY,,02-feature-specs/ERP-246.md,,
ERP-247,,,TBD,NOT_STARTED,NOT_READY,,02-feature-specs/ERP-247.md,,
ERP-248,,,TBD,NOT_STARTED,NOT_READY,,02-feature-specs/ERP-248.md,,
ERP-249,,,TBD,NOT_STARTED,NOT_READY,,02-feature-specs/ERP-249.md,,
ERP-250,,,TBD,NOT_STARTED,NOT_READY,,02-feature-specs/ERP-250.md,,
ERP-251,,,TBD,NOT_STARTED,NOT_READY,,02-feature-specs/ERP-251.md,,
ERP-252,,,TBD,NOT_STARTED,NOT_READY,,02-feature-specs/ERP-252.md,,
ERP-253,,,TBD,NOT_STARTED,NOT_READY,,02-feature-specs/ERP-253.md,,
ERP-254,,,TBD,NOT_STARTED,NOT_READY,,02-feature-specs/ERP-254.md,,
ERP-255,,,TBD,NOT_STARTED,NOT_READY,,02-feature-specs/ERP-255.md,,
ERP-256,,,TBD,NOT_STARTED,NOT_READY,,02-feature-specs/ERP-256.md,,
ERP-257,,,TBD,NOT_STARTED,NOT_READY,,02-feature-specs/ERP-257.md,,
ERP-258,,,TBD,NOT_STARTED,NOT_READY,,02-feature-specs/ERP-258.md,,
ERP-259,,,TBD,NOT_STARTED,NOT_READY,,02-feature-specs/ERP-259.md,,
ERP-260,,,TBD,NOT_STARTED,NOT_READY,,02-feature-specs/ERP-260.md,,
ERP-261,,,TBD,NOT_STARTED,NOT_READY,,02-feature-specs/ERP-261.md,,
ERP-262,,,TBD,NOT_STARTED,NOT_READY,,02-feature-specs/ERP-262.md,,
ERP-263,,,TBD,NOT_STARTED,NOT_READY,,02-feature-specs/ERP-263.md,,
ERP-264,,,TBD,NOT_STARTED,NOT_READY,,02-feature-specs/ERP-264.md,,
ERP-265,,,TBD,NOT_STARTED,NOT_READY,,02-feature-specs/ERP-265.md,,
ERP-266,,,TBD,NOT_STARTED,NOT_READY,,02-feature-specs/ERP-266.md,,
ERP-267,,,TBD,NOT_STARTED,NOT_READY,,02-feature-specs/ERP-267.md,,
ERP-268,,,TBD,NOT_STARTED,NOT_READY,,02-feature-specs/ERP-268.md,,
ERP-269,,,TBD,NOT_STARTED,NOT_READY,,02-feature-specs/ERP-269.md,,
ERP-270,,,TBD,NOT_STARTED,NOT_READY,,02-feature-specs/ERP-270.md,,
ERP-271,,,TBD,NOT_STARTED,NOT_READY,,02-feature-specs/ERP-271.md,,
ERP-272,,,TBD,NOT_STARTED,NOT_READY,,02-feature-specs/ERP-272.md,,
ERP-273,,,TBD,NOT_STARTED,NOT_READY,,02-feature-specs/ERP-273.md,,
ERP-274,,,TBD,NOT_STARTED,NOT_READY,,02-feature-specs/ERP-274.md,,
ERP-275,,,TBD,NOT_STARTED,NOT_READY,,02-feature-specs/ERP-275.md,,
ERP-276,,,TBD,NOT_STARTED,NOT_READY,,02-feature-specs/ERP-276.md,,
ERP-277,,,TBD,NOT_STARTED,NOT_READY,,02-feature-specs/ERP-277.md,,
ERP-278,,,TBD,NOT_STARTED,NOT_READY,,02-feature-specs/ERP-278.md,,
ERP-279,,,TBD,NOT_STARTED,NOT_READY,,02-feature-specs/ERP-279.md,,
ERP-280,,,TBD,NOT_STARTED,NOT_READY,,02-feature-specs/ERP-280.md,,
ERP-281,,,TBD,NOT_STARTED,NOT_READY,,02-feature-specs/ERP-281.md,,
ERP-282,,,TBD,NOT_STARTED,NOT_READY,,02-feature-specs/ERP-282.md,,
ERP-283,,,TBD,NOT_STARTED,NOT_READY,,02-feature-specs/ERP-283.md,,
ERP-284,,,TBD,NOT_STARTED,NOT_READY,,02-feature-specs/ERP-284.md,,
ERP-285,,,TBD,NOT_STARTED,NOT_READY,,02-feature-specs/ERP-285.md,,
ERP-286,,,TBD,NOT_STARTED,NOT_READY,,02-feature-specs/ERP-286.md,,
ERP-287,,,TBD,NOT_STARTED,NOT_READY,,02-feature-specs/ERP-287.md,,
ERP-288,,,TBD,NOT_STARTED,NOT_READY,,02-feature-specs/ERP-288.md,,
ERP-289,,,TBD,NOT_STARTED,NOT_READY,,02-feature-specs/ERP-289.md,,
ERP-290,,,TBD,NOT_STARTED,NOT_READY,,02-feature-specs/ERP-290.md,,
ERP-291,,,TBD,NOT_STARTED,NOT_READY,,02-feature-specs/ERP-291.md,,
ERP-292,,,TBD,NOT_STARTED,NOT_READY,,02-feature-specs/ERP-292.md,,
ERP-293,,,TBD,NOT_STARTED,NOT_READY,,02-feature-specs/ERP-293.md,,
ERP-294,,,TBD,NOT_STARTED,NOT_READY,,02-feature-specs/ERP-294.md,,
ERP-295,,,TBD,NOT_STARTED,NOT_READY,,02-feature-specs/ERP-295.md,,
ERP-296,,,TBD,NOT_STARTED,NOT_READY,,02-feature-specs/ERP-296.md,,
ERP-297,,,TBD,NOT_STARTED,NOT_READY,,02-feature-specs/ERP-297.md,,
ERP-298,,,TBD,NOT_STARTED,NOT_READY,,02-feature-specs/ERP-298.md,,
ERP-299,,,TBD,NOT_STARTED,NOT_READY,,02-feature-specs/ERP-299.md,,
ERP-300,,,TBD,NOT_STARTED,NOT_READY,,02-feature-specs/ERP-300.md,,
ERP-301,,,TBD,NOT_STARTED,NOT_READY,,02-feature-specs/ERP-301.md,,
ERP-302,,,TBD,NOT_STARTED,NOT_READY,,02-feature-specs/ERP-302.md,,
ERP-303,,,TBD,NOT_STARTED,NOT_READY,,02-feature-specs/ERP-303.md,,
ERP-304,,,TBD,NOT_STARTED,NOT_READY,,02-feature-specs/ERP-304.md,,
ERP-305,,,TBD,NOT_STARTED,NOT_READY,,02-feature-specs/ERP-305.md,,
ERP-306,,,TBD,NOT_STARTED,NOT_READY,,02-feature-specs/ERP-306.md,,
ERP-307,,,TBD,NOT_STARTED,NOT_READY,,02-feature-specs/ERP-307.md,,
ERP-308,,,TBD,NOT_STARTED,NOT_READY,,02-feature-specs/ERP-308.md,,
ERP-309,,,TBD,NOT_STARTED,NOT_READY,,02-feature-specs/ERP-309.md,,
ERP-310,,,TBD,NOT_STARTED,NOT_READY,,02-feature-specs/ERP-310.md,,
ERP-311,,,TBD,NOT_STARTED,NOT_READY,,02-feature-specs/ERP-311.md,,
ERP-312,,,TBD,NOT_STARTED,NOT_READY,,02-feature-specs/ERP-312.md,,
ERP-313,,,TBD,NOT_STARTED,NOT_READY,,02-feature-specs/ERP-313.md,,
ERP-314,,,TBD,NOT_STARTED,NOT_READY,,02-feature-specs/ERP-314.md,,
ERP-315,,,TBD,NOT_STARTED,NOT_READY,,02-feature-specs/ERP-315.md,,
ERP-316,,,TBD,NOT_STARTED,NOT_READY,,02-feature-specs/ERP-316.md,,
ERP-317,,,TBD,NOT_STARTED,NOT_READY,,02-feature-specs/ERP-317.md,,
ERP-318,,,TBD,NOT_STARTED,NOT_READY,,02-feature-specs/ERP-318.md,,
ERP-319,,,TBD,NOT_STARTED,NOT_READY,,02-feature-specs/ERP-319.md,,
ERP-320,,,TBD,NOT_STARTED,NOT_READY,,02-feature-specs/ERP-320.md,,
ERP-321,,,TBD,NOT_STARTED,NOT_READY,,02-feature-specs/ERP-321.md,,
ERP-322,,,TBD,NOT_STARTED,NOT_READY,,02-feature-specs/ERP-322.md,,
ERP-323,,,TBD,NOT_STARTED,NOT_READY,,02-feature-specs/ERP-323.md,,
ERP-324,,,TBD,NOT_STARTED,NOT_READY,,02-feature-specs/ERP-324.md,,
ERP-325,,,TBD,NOT_STARTED,NOT_READY,,02-feature-specs/ERP-325.md,,
ERP-326,,,TBD,NOT_STARTED,NOT_READY,,02-feature-specs/ERP-326.md,,
ERP-327,,,TBD,NOT_STARTED,NOT_READY,,02-feature-specs/ERP-327.md,,
ERP-328,,,TBD,NOT_STARTED,NOT_READY,,02-feature-specs/ERP-328.md,,
ERP-329,,,TBD,NOT_STARTED,NOT_READY,,02-feature-specs/ERP-329.md,,
ERP-330,,,TBD,NOT_STARTED,NOT_READY,,02-feature-specs/ERP-330.md,,
ERP-331,,,TBD,NOT_STARTED,NOT_READY,,02-feature-specs/ERP-331.md,,
ERP-332,,,TBD,NOT_STARTED,NOT_READY,,02-feature-specs/ERP-332.md,,
ERP-333,,,TBD,NOT_STARTED,NOT_READY,,02-feature-specs/ERP-333.md,,
ERP-334,,,TBD,NOT_STARTED,NOT_READY,,02-feature-specs/ERP-334.md,,
ERP-335,,,TBD,NOT_STARTED,NOT_READY,,02-feature-specs/ERP-335.md,,
ERP-336,,,TBD,NOT_STARTED,NOT_READY,,02-feature-specs/ERP-336.md,,
ERP-337,,,TBD,NOT_STARTED,NOT_READY,,02-feature-specs/ERP-337.md,,
ERP-338,,,TBD,NOT_STARTED,NOT_READY,,02-feature-specs/ERP-338.md,,
ERP-339,,,TBD,NOT_STARTED,NOT_READY,,02-feature-specs/ERP-339.md,,
ERP-340,,,TBD,NOT_STARTED,NOT_READY,,02-feature-specs/ERP-340.md,,
ERP-341,,,TBD,NOT_STARTED,NOT_READY,,02-feature-specs/ERP-341.md,,
ERP-342,,,TBD,NOT_STARTED,NOT_READY,,02-feature-specs/ERP-342.md,,
ERP-343,,,TBD,NOT_STARTED,NOT_READY,,02-feature-specs/ERP-343.md,,
ERP-344,,,TBD,NOT_STARTED,NOT_READY,,02-feature-specs/ERP-344.md,,
ERP-345,,,TBD,NOT_STARTED,NOT_READY,,02-feature-specs/ERP-345.md,,
ERP-346,,,TBD,NOT_STARTED,NOT_READY,,02-feature-specs/ERP-346.md,,
ERP-347,,,TBD,NOT_STARTED,NOT_READY,,02-feature-specs/ERP-347.md,,
ERP-348,,,TBD,NOT_STARTED,NOT_READY,,02-feature-specs/ERP-348.md,,
ERP-349,,,TBD,NOT_STARTED,NOT_READY,,02-feature-specs/ERP-349.md,,
ERP-350,,,TBD,NOT_STARTED,NOT_READY,,02-feature-specs/ERP-350.md,,
ERP-351,,,TBD,NOT_STARTED,NOT_READY,,02-feature-specs/ERP-351.md,,
ERP-352,,,TBD,NOT_STARTED,NOT_READY,,02-feature-specs/ERP-352.md,,
ERP-353,,,TBD,NOT_STARTED,NOT_READY,,02-feature-specs/ERP-353.md,,
ERP-354,,,TBD,NOT_STARTED,NOT_READY,,02-feature-specs/ERP-354.md,,
ERP-355,,,TBD,NOT_STARTED,NOT_READY,,02-feature-specs/ERP-355.md,,
ERP-356,,,TBD,NOT_STARTED,NOT_READY,,02-feature-specs/ERP-356.md,,
ERP-357,,,TBD,NOT_STARTED,NOT_READY,,02-feature-specs/ERP-357.md,,
ERP-358,,,TBD,NOT_STARTED,NOT_READY,,02-feature-specs/ERP-358.md,,
ERP-359,,,TBD,NOT_STARTED,NOT_READY,,02-feature-specs/ERP-359.md,,
ERP-360,,,TBD,NOT_STARTED,NOT_READY,,02-feature-specs/ERP-360.md,,
ERP-361,,,TBD,NOT_STARTED,NOT_READY,,02-feature-specs/ERP-361.md,,
ERP-362,,,TBD,NOT_STARTED,NOT_READY,,02-feature-specs/ERP-362.md,,
ERP-363,,,TBD,NOT_STARTED,NOT_READY,,02-feature-specs/ERP-363.md,,
ERP-364,,,TBD,NOT_STARTED,NOT_READY,,02-feature-specs/ERP-364.md,,
ERP-365,,,TBD,NOT_STARTED,NOT_READY,,02-feature-specs/ERP-365.md,,
ERP-366,,,TBD,NOT_STARTED,NOT_READY,,02-feature-specs/ERP-366.md,,
ERP-367,,,TBD,NOT_STARTED,NOT_READY,,02-feature-specs/ERP-367.md,,
ERP-368,,,TBD,NOT_STARTED,NOT_READY,,02-feature-specs/ERP-368.md,,
ERP-369,,,TBD,NOT_STARTED,NOT_READY,,02-feature-specs/ERP-369.md,,
ERP-370,,,TBD,NOT_STARTED,NOT_READY,,02-feature-specs/ERP-370.md,,
ERP-371,,,TBD,NOT_STARTED,NOT_READY,,02-feature-specs/ERP-371.md,,
ERP-372,,,TBD,NOT_STARTED,NOT_READY,,02-feature-specs/ERP-372.md,,
ERP-373,,,TBD,NOT_STARTED,NOT_READY,,02-feature-specs/ERP-373.md,,
ERP-374,,,TBD,NOT_STARTED,NOT_READY,,02-feature-specs/ERP-374.md,,
ERP-375,,,TBD,NOT_STARTED,NOT_READY,,02-feature-specs/ERP-375.md,,
ERP-376,,,TBD,NOT_STARTED,NOT_READY,,02-feature-specs/ERP-376.md,,
ERP-377,,,TBD,NOT_STARTED,NOT_READY,,02-feature-specs/ERP-377.md,,
ERP-378,,,TBD,NOT_STARTED,NOT_READY,,02-feature-specs/ERP-378.md,,
ERP-379,,,TBD,NOT_STARTED,NOT_READY,,02-feature-specs/ERP-379.md,,
ERP-380,,,TBD,NOT_STARTED,NOT_READY,,02-feature-specs/ERP-380.md,,
ERP-381,,,TBD,NOT_STARTED,NOT_READY,,02-feature-specs/ERP-381.md,,
ERP-382,,,TBD,NOT_STARTED,NOT_READY,,02-feature-specs/ERP-382.md,,
ERP-383,,,TBD,NOT_STARTED,NOT_READY,,02-feature-specs/ERP-383.md,,
ERP-384,,,TBD,NOT_STARTED,NOT_READY,,02-feature-specs/ERP-384.md,,
ERP-385,,,TBD,NOT_STARTED,NOT_READY,,02-feature-specs/ERP-385.md,,
ERP-386,,,TBD,NOT_STARTED,NOT_READY,,02-feature-specs/ERP-386.md,,
ERP-387,,,TBD,NOT_STARTED,NOT_READY,,02-feature-specs/ERP-387.md,,
ERP-388,,,TBD,NOT_STARTED,NOT_READY,,02-feature-specs/ERP-388.md,,
ERP-389,,,TBD,NOT_STARTED,NOT_READY,,02-feature-specs/ERP-389.md,,
ERP-390,,,TBD,NOT_STARTED,NOT_READY,,02-feature-specs/ERP-390.md,,
ERP-391,,,TBD,NOT_STARTED,NOT_READY,,02-feature-specs/ERP-391.md,,
ERP-392,,,TBD,NOT_STARTED,NOT_READY,,02-feature-specs/ERP-392.md,,
ERP-393,,,TBD,NOT_STARTED,NOT_READY,,02-feature-specs/ERP-393.md,,
ERP-394,,,TBD,NOT_STARTED,NOT_READY,,02-feature-specs/ERP-394.md,,
ERP-395,,,TBD,NOT_STARTED,NOT_READY,,02-feature-specs/ERP-395.md,,
ERP-396,,,TBD,NOT_STARTED,NOT_READY,,02-feature-specs/ERP-396.md,,
ERP-397,,,TBD,NOT_STARTED,NOT_READY,,02-feature-specs/ERP-397.md,,
ERP-398,,,TBD,NOT_STARTED,NOT_READY,,02-feature-specs/ERP-398.md,,
ERP-399,,,TBD,NOT_STARTED,NOT_READY,,02-feature-specs/ERP-399.md,,
ERP-400,,,TBD,NOT_STARTED,NOT_READY,,02-feature-specs/ERP-400.md,,
ERP-401,,,TBD,NOT_STARTED,NOT_READY,,02-feature-specs/ERP-401.md,,
ERP-402,,,TBD,NOT_STARTED,NOT_READY,,02-feature-specs/ERP-402.md,,
ERP-403,,,TBD,NOT_STARTED,NOT_READY,,02-feature-specs/ERP-403.md,,
ERP-404,,,TBD,NOT_STARTED,NOT_READY,,02-feature-specs/ERP-404.md,,
ERP-405,,,TBD,NOT_STARTED,NOT_READY,,02-feature-specs/ERP-405.md,,
ERP-406,,,TBD,NOT_STARTED,NOT_READY,,02-feature-specs/ERP-406.md,,
ERP-407,,,TBD,NOT_STARTED,NOT_READY,,02-feature-specs/ERP-407.md,,
ERP-408,,,TBD,NOT_STARTED,NOT_READY,,02-feature-specs/ERP-408.md,,
ERP-409,,,TBD,NOT_STARTED,NOT_READY,,02-feature-specs/ERP-409.md,,
ERP-410,,,TBD,NOT_STARTED,NOT_READY,,02-feature-specs/ERP-410.md,,
ERP-411,,,TBD,NOT_STARTED,NOT_READY,,02-feature-specs/ERP-411.md,,
ERP-412,,,TBD,NOT_STARTED,NOT_READY,,02-feature-specs/ERP-412.md,,
ERP-413,,,TBD,NOT_STARTED,NOT_READY,,02-feature-specs/ERP-413.md,,
ERP-414,,,TBD,NOT_STARTED,NOT_READY,,02-feature-specs/ERP-414.md,,
ERP-415,,,TBD,NOT_STARTED,NOT_READY,,02-feature-specs/ERP-415.md,,
ERP-416,,,TBD,NOT_STARTED,NOT_READY,,02-feature-specs/ERP-416.md,,
ERP-417,,,TBD,NOT_STARTED,NOT_READY,,02-feature-specs/ERP-417.md,,
ERP-418,,,TBD,NOT_STARTED,NOT_READY,,02-feature-specs/ERP-418.md,,
ERP-419,,,TBD,NOT_STARTED,NOT_READY,,02-feature-specs/ERP-419.md,,
ERP-420,,,TBD,NOT_STARTED,NOT_READY,,02-feature-specs/ERP-420.md,,
ERP-421,,,TBD,NOT_STARTED,NOT_READY,,02-feature-specs/ERP-421.md,,
ERP-422,,,TBD,NOT_STARTED,NOT_READY,,02-feature-specs/ERP-422.md,,
ERP-423,,,TBD,NOT_STARTED,NOT_READY,,02-feature-specs/ERP-423.md,,
ERP-424,,,TBD,NOT_STARTED,NOT_READY,,02-feature-specs/ERP-424.md,,
ERP-425,,,TBD,NOT_STARTED,NOT_READY,,02-feature-specs/ERP-425.md,,
ERP-426,,,TBD,NOT_STARTED,NOT_READY,,02-feature-specs/ERP-426.md,,
ERP-427,,,TBD,NOT_STARTED,NOT_READY,,02-feature-specs/ERP-427.md,,
ERP-428,,,TBD,NOT_STARTED,NOT_READY,,02-feature-specs/ERP-428.md,,
ERP-429,,,TBD,NOT_STARTED,NOT_READY,,02-feature-specs/ERP-429.md,,
ERP-430,,,TBD,NOT_STARTED,NOT_READY,,02-feature-specs/ERP-430.md,,
ERP-431,,,TBD,NOT_STARTED,NOT_READY,,02-feature-specs/ERP-431.md,,
ERP-432,,,TBD,NOT_STARTED,NOT_READY,,02-feature-specs/ERP-432.md,,
ERP-433,,,TBD,NOT_STARTED,NOT_READY,,02-feature-specs/ERP-433.md,,
ERP-434,,,TBD,NOT_STARTED,NOT_READY,,02-feature-specs/ERP-434.md,,
ERP-435,,,TBD,NOT_STARTED,NOT_READY,,02-feature-specs/ERP-435.md,,
ERP-436,,,TBD,NOT_STARTED,NOT_READY,,02-feature-specs/ERP-436.md,,
ERP-437,,,TBD,NOT_STARTED,NOT_READY,,02-feature-specs/ERP-437.md,,
ERP-438,,,TBD,NOT_STARTED,NOT_READY,,02-feature-specs/ERP-438.md,,
ERP-439,,,TBD,NOT_STARTED,NOT_READY,,02-feature-specs/ERP-439.md,,
ERP-440,,,TBD,NOT_STARTED,NOT_READY,,02-feature-specs/ERP-440.md,,
ERP-441,,,TBD,NOT_STARTED,NOT_READY,,02-feature-specs/ERP-441.md,,
ERP-442,,,TBD,NOT_STARTED,NOT_READY,,02-feature-specs/ERP-442.md,,
ERP-443,,,TBD,NOT_STARTED,NOT_READY,,02-feature-specs/ERP-443.md,,
ERP-444,,,TBD,NOT_STARTED,NOT_READY,,02-feature-specs/ERP-444.md,,
ERP-445,,,TBD,NOT_STARTED,NOT_READY,,02-feature-specs/ERP-445.md,,
ERP-446,,,TBD,NOT_STARTED,NOT_READY,,02-feature-specs/ERP-446.md,,
ERP-447,,,TBD,NOT_STARTED,NOT_READY,,02-feature-specs/ERP-447.md,,
ERP-448,,,TBD,NOT_STARTED,NOT_READY,,02-feature-specs/ERP-448.md,,
ERP-449,,,TBD,NOT_STARTED,NOT_READY,,02-feature-specs/ERP-449.md,,
ERP-450,,,TBD,NOT_STARTED,NOT_READY,,02-feature-specs/ERP-450.md,,
ERP-451,,,TBD,NOT_STARTED,NOT_READY,,02-feature-specs/ERP-451.md,,
ERP-452,,,TBD,NOT_STARTED,NOT_READY,,02-feature-specs/ERP-452.md,,
ERP-453,,,TBD,NOT_STARTED,NOT_READY,,02-feature-specs/ERP-453.md,,
ERP-454,,,TBD,NOT_STARTED,NOT_READY,,02-feature-specs/ERP-454.md,,
ERP-455,,,TBD,NOT_STARTED,NOT_READY,,02-feature-specs/ERP-455.md,,
ERP-456,,,TBD,NOT_STARTED,NOT_READY,,02-feature-specs/ERP-456.md,,
ERP-457,,,TBD,NOT_STARTED,NOT_READY,,02-feature-specs/ERP-457.md,,
ERP-458,,,TBD,NOT_STARTED,NOT_READY,,02-feature-specs/ERP-458.md,,
ERP-459,,,TBD,NOT_STARTED,NOT_READY,,02-feature-specs/ERP-459.md,,
ERP-460,,,TBD,NOT_STARTED,NOT_READY,,02-feature-specs/ERP-460.md,,
ERP-461,,,TBD,NOT_STARTED,NOT_READY,,02-feature-specs/ERP-461.md,,
ERP-462,,,TBD,NOT_STARTED,NOT_READY,,02-feature-specs/ERP-462.md,,
ERP-463,,,TBD,NOT_STARTED,NOT_READY,,02-feature-specs/ERP-463.md,,
ERP-464,,,TBD,NOT_STARTED,NOT_READY,,02-feature-specs/ERP-464.md,,
ERP-465,,,TBD,NOT_STARTED,NOT_READY,,02-feature-specs/ERP-465.md,,
ERP-466,,,TBD,NOT_STARTED,NOT_READY,,02-feature-specs/ERP-466.md,,
ERP-467,,,TBD,NOT_STARTED,NOT_READY,,02-feature-specs/ERP-467.md,,
ERP-468,,,TBD,NOT_STARTED,NOT_READY,,02-feature-specs/ERP-468.md,,
ERP-469,,,TBD,NOT_STARTED,NOT_READY,,02-feature-specs/ERP-469.md,,
ERP-470,,,TBD,NOT_STARTED,NOT_READY,,02-feature-specs/ERP-470.md,,
ERP-471,,,TBD,NOT_STARTED,NOT_READY,,02-feature-specs/ERP-471.md,,
ERP-472,,,TBD,NOT_STARTED,NOT_READY,,02-feature-specs/ERP-472.md,,
ERP-473,,,TBD,NOT_STARTED,NOT_READY,,02-feature-specs/ERP-473.md,,
ERP-474,,,TBD,NOT_STARTED,NOT_READY,,02-feature-specs/ERP-474.md,,
ERP-475,,,TBD,NOT_STARTED,NOT_READY,,02-feature-specs/ERP-475.md,,
ERP-476,,,TBD,NOT_STARTED,NOT_READY,,02-feature-specs/ERP-476.md,,
ERP-477,,,TBD,NOT_STARTED,NOT_READY,,02-feature-specs/ERP-477.md,,
ERP-478,,,TBD,NOT_STARTED,NOT_READY,,02-feature-specs/ERP-478.md,,
ERP-479,,,TBD,NOT_STARTED,NOT_READY,,02-feature-specs/ERP-479.md,,
ERP-480,,,TBD,NOT_STARTED,NOT_READY,,02-feature-specs/ERP-480.md,,
ERP-481,,,TBD,NOT_STARTED,NOT_READY,,02-feature-specs/ERP-481.md,,
ERP-482,,,TBD,NOT_STARTED,NOT_READY,,02-feature-specs/ERP-482.md,,
ERP-483,,,TBD,NOT_STARTED,NOT_READY,,02-feature-specs/ERP-483.md,,
ERP-484,,,TBD,NOT_STARTED,NOT_READY,,02-feature-specs/ERP-484.md,,
ERP-485,,,TBD,NOT_STARTED,NOT_READY,,02-feature-specs/ERP-485.md,,
ERP-486,,,TBD,NOT_STARTED,NOT_READY,,02-feature-specs/ERP-486.md,,
ERP-487,,,TBD,NOT_STARTED,NOT_READY,,02-feature-specs/ERP-487.md,,
ERP-488,,,TBD,NOT_STARTED,NOT_READY,,02-feature-specs/ERP-488.md,,
ERP-489,,,TBD,NOT_STARTED,NOT_READY,,02-feature-specs/ERP-489.md,,
ERP-490,,,TBD,NOT_STARTED,NOT_READY,,02-feature-specs/ERP-490.md,,
ERP-491,,,TBD,NOT_STARTED,NOT_READY,,02-feature-specs/ERP-491.md,,
ERP-492,,,TBD,NOT_STARTED,NOT_READY,,02-feature-specs/ERP-492.md,,
ERP-493,,,TBD,NOT_STARTED,NOT_READY,,02-feature-specs/ERP-493.md,,
ERP-494,,,TBD,NOT_STARTED,NOT_READY,,02-feature-specs/ERP-494.md,,
ERP-495,,,TBD,NOT_STARTED,NOT_READY,,02-feature-specs/ERP-495.md,,
ERP-496,,,TBD,NOT_STARTED,NOT_READY,,02-feature-specs/ERP-496.md,,
ERP-497,,,TBD,NOT_STARTED,NOT_READY,,02-feature-specs/ERP-497.md,,
ERP-498,,,TBD,NOT_STARTED,NOT_READY,,02-feature-specs/ERP-498.md,,
ERP-499,,,TBD,NOT_STARTED,NOT_READY,,02-feature-specs/ERP-499.md,,
ERP-500,,,TBD,NOT_STARTED,NOT_READY,,02-feature-specs/ERP-500.md,,
ERP-501,,,TBD,NOT_STARTED,NOT_READY,,02-feature-specs/ERP-501.md,,
ERP-502,,,TBD,NOT_STARTED,NOT_READY,,02-feature-specs/ERP-502.md,,
ERP-503,,,TBD,NOT_STARTED,NOT_READY,,02-feature-specs/ERP-503.md,,
ERP-504,,,TBD,NOT_STARTED,NOT_READY,,02-feature-specs/ERP-504.md,,
ERP-505,,,TBD,NOT_STARTED,NOT_READY,,02-feature-specs/ERP-505.md,,
ERP-506,,,TBD,NOT_STARTED,NOT_READY,,02-feature-specs/ERP-506.md,,
ERP-507,,,TBD,NOT_STARTED,NOT_READY,,02-feature-specs/ERP-507.md,,
ERP-508,,,TBD,NOT_STARTED,NOT_READY,,02-feature-specs/ERP-508.md,,
ERP-509,,,TBD,NOT_STARTED,NOT_READY,,02-feature-specs/ERP-509.md,,
ERP-510,,,TBD,NOT_STARTED,NOT_READY,,02-feature-specs/ERP-510.md,,
