feature_id,module,feature_name,specification_status,implementation_status,product_status,benchmark_status,current_code_status,pass
F001,CRM,Leads,SPECIFICATION_READY,NOT_STARTED,NOT_READY,RESEARCH_COMPLETE,AUDITED,1
F002,CRM,Accounts / companies,SPECIFICATION_READY,NOT_STARTED,NOT_READY,RESEARCH_COMPLETE,AUDITED,1
F003,CRM,Contacts,SPECIFICATION_READY,NOT_STARTED,NOT_READY,RESEARCH_COMPLETE,AUDITED,1
F004,CRM,Lead sources,SPECIFICATION_READY,NOT_STARTED,NOT_READY,RESEARCH_COMPLETE,AUDITED,1
F005,CRM,Lead assignment,SPECIFICATION_READY,NOT_STARTED,NOT_READY,RESEARCH_COMPLETE,AUDITED,1
F006,CRM,Lead qualification,SPECIFICATION_READY,NOT_STARTED,NOT_READY,RESEARCH_COMPLETE,AUDITED,1
F007,CRM,Lead stages and statuses,SPECIFICATION_READY,NOT_STARTED,NOT_READY,RESEARCH_COMPLETE,AUDITED,1
F008,CRM,Duplicate detection,SPECIFICATION_READY,NOT_STARTED,NOT_READY,RESEARCH_COMPLETE,AUDITED,1
F009,CRM,Opportunities,SPECIFICATION_READY,NOT_STARTED,NOT_READY,RESEARCH_COMPLETE,AUDITED,1
F010,CRM,Opportunity pipeline,SPECIFICATION_READY,NOT_STARTED,NOT_READY,RESEARCH_COMPLETE,AUDITED,1
F011,CRM,Probability and expected revenue,SPECIFICATION_READY,NOT_STARTED,NOT_READY,RESEARCH_COMPLETE,AUDITED,1
F012,CRM,Sales stages,SPECIFICATION_READY,NOT_STARTED,NOT_READY,RESEARCH_COMPLETE,AUDITED,1
F013,CRM,Calls,SPECIFICATION_READY,NOT_STARTED,NOT_READY,RESEARCH_COMPLETE,AUDITED,1
F014,CRM,Meetings,SPECIFICATION_READY,NOT_STARTED,NOT_READY,RESEARCH_COMPLETE,AUDITED,1
F015,CRM,Tasks,SPECIFICATION_READY,NOT_STARTED,NOT_READY,RESEARCH_COMPLETE,AUDITED,1
F016,CRM,Follow-ups and reminders,SPECIFICATION_READY,NOT_STARTED,NOT_READY,RESEARCH_COMPLETE,AUDITED,1
F017,CRM,Notes and attachments,SPECIFICATION_READY,NOT_STARTED,NOT_READY,RESEARCH_COMPLETE,AUDITED,1
F018,CRM,Email history,SPECIFICATION_READY,NOT_STARTED,NOT_READY,RESEARCH_COMPLETE,AUDITED,1
F019,CRM,Activity timeline,SPECIFICATION_READY,NOT_STARTED,NOT_READY,RESEARCH_COMPLETE,AUDITED,1
F020,CRM,Territories and sales teams,SPECIFICATION_READY,NOT_STARTED,NOT_READY,RESEARCH_COMPLETE,AUDITED,1
F021,CRM,Lead import and export,SPECIFICATION_READY,NOT_STARTED,NOT_READY,RESEARCH_COMPLETE,AUDITED,1
F022,CRM,Lead-to-opportunity conversion,SPECIFICATION_READY,NOT_STARTED,NOT_READY,RESEARCH_COMPLETE,AUDITED,1
F023,CRM,Opportunity-to-quotation conversion,SPECIFICATION_READY,NOT_STARTED,NOT_READY,RESEARCH_COMPLETE,AUDITED,1
F024,CRM,Pipeline dashboard,SPECIFICATION_READY,NOT_STARTED,NOT_READY,RESEARCH_COMPLETE,AUDITED,1
F025,CRM,Sales forecast,SPECIFICATION_READY,NOT_STARTED,NOT_READY,RESEARCH_COMPLETE,AUDITED,1
F026,CRM,Won / lost reasons,SPECIFICATION_READY,NOT_STARTED,NOT_READY,RESEARCH_COMPLETE,AUDITED,1
F027,CRM,Basic lead scoring,SPECIFICATION_READY,NOT_STARTED,NOT_READY,RESEARCH_COMPLETE,AUDITED,1
F028,CRM,Custom fields and tags,SPECIFICATION_READY,NOT_STARTED,NOT_READY,RESEARCH_COMPLETE,AUDITED,1
F029,CRM,Bulk actions,SPECIFICATION_READY,NOT_STARTED,NOT_READY,RESEARCH_COMPLETE,AUDITED,1
F030,CRM,CRM reports,SPECIFICATION_READY,NOT_STARTED,NOT_READY,RESEARCH_COMPLETE,AUDITED,1
F031,Sales,Customer master,SPECIFICATION_READY,NOT_STARTED,NOT_READY,RESEARCHED,AUDITED,2
F032,Sales,Customer addresses and contacts,SPECIFICATION_READY,NOT_STARTED,NOT_READY,RESEARCHED,AUDITED,2
F033,Sales,Products and services,SPECIFICATION_READY,NOT_STARTED,NOT_READY,RESEARCHED,AUDITED,2
F034,Sales,Price lists,SPECIFICATION_READY,NOT_STARTED,NOT_READY,RESEARCHED,AUDITED,2
F035,Sales,Customer-specific prices,SPECIFICATION_READY,NOT_STARTED,NOT_READY,RESEARCHED,AUDITED,2
F036,Sales,Quotations,SPECIFICATION_READY,NOT_STARTED,NOT_READY,RESEARCHED,AUDITED,2
F037,Sales,Quotation versions and revisions,SPECIFICATION_READY,NOT_STARTED,NOT_READY,RESEARCHED,AUDITED,2
F038,Sales,Quotation expiry,SPECIFICATION_READY,NOT_STARTED,NOT_READY,RESEARCHED,AUDITED,2
F039,Sales,Discounts,SPECIFICATION_READY,NOT_STARTED,NOT_READY,RESEARCHED,AUDITED,2
F040,Sales,Taxes,SPECIFICATION_READY,NOT_STARTED,NOT_READY,RESEARCHED,AUDITED,2
F041,Sales,Approval workflow,SPECIFICATION_READY,NOT_STARTED,NOT_READY,RESEARCHED,AUDITED,2
F042,Sales,Sales orders,SPECIFICATION_READY,NOT_STARTED,NOT_READY,RESEARCHED,AUDITED,2
F043,Sales,Order confirmation,SPECIFICATION_READY,NOT_STARTED,NOT_READY,RESEARCHED,AUDITED,2
F044,Sales,Order amendments,SPECIFICATION_READY,NOT_STARTED,NOT_READY,RESEARCHED,AUDITED,2
F045,Sales,Availability check,SPECIFICATION_READY,NOT_STARTED,NOT_READY,RESEARCHED,AUDITED,2
F046,Sales,Stock reservation,SPECIFICATION_READY,NOT_STARTED,NOT_READY,RESEARCHED,AUDITED,2
F047,Sales,Partial fulfilment,SPECIFICATION_READY,NOT_STARTED,NOT_READY,RESEARCHED,AUDITED,2
F048,Sales,Backorders,SPECIFICATION_READY,NOT_STARTED,NOT_READY,RESEARCHED,AUDITED,2
F049,Sales,Delivery and shipment,SPECIFICATION_READY,NOT_STARTED,NOT_READY,RESEARCHED,AUDITED,2
F050,Sales,Sales invoices,SPECIFICATION_READY,NOT_STARTED,NOT_READY,RESEARCHED,AUDITED,2
F051,Sales,Partial invoicing,SPECIFICATION_READY,NOT_STARTED,NOT_READY,RESEARCHED,AUDITED,2
F052,Sales,Advance payments,SPECIFICATION_READY,NOT_STARTED,NOT_READY,RESEARCHED,AUDITED,2
F053,Sales,Credit limits,SPECIFICATION_READY,NOT_STARTED,NOT_READY,RESEARCHED,AUDITED,2
F054,Sales,Customer returns,SPECIFICATION_READY,NOT_STARTED,NOT_READY,RESEARCHED,AUDITED,2
F055,Sales,Credit notes and refunds,SPECIFICATION_READY,NOT_STARTED,NOT_READY,RESEARCHED,AUDITED,2
F056,Sales,Drop shipping,SPECIFICATION_READY,NOT_STARTED,NOT_READY,RESEARCHED,AUDITED,2
F057,Sales,Sales commissions,SPECIFICATION_READY,NOT_STARTED,NOT_READY,RESEARCHED,AUDITED,2
F058,Sales,Payment terms,SPECIFICATION_READY,NOT_STARTED,NOT_READY,RESEARCHED,AUDITED,2
F059,Sales,Order status tracking,SPECIFICATION_READY,NOT_STARTED,NOT_READY,RESEARCHED,AUDITED,2
F060,Sales,Sales analytics,SPECIFICATION_READY,NOT_STARTED,NOT_READY,RESEARCHED,AUDITED,2
F061,Sales,Margin and profitability,SPECIFICATION_READY,NOT_STARTED,NOT_READY,RESEARCHED,AUDITED,2
F062,Sales,Order-to-cash reporting,SPECIFICATION_READY,NOT_STARTED,NOT_READY,RESEARCHED,AUDITED,2
F063,Procurement,Supplier master,SPECIFICATION_READY,NOT_STARTED,NOT_READY,RESEARCHED,AUDITED,3
F064,Procurement,Supplier contacts and addresses,SPECIFICATION_READY,NOT_STARTED,NOT_READY,RESEARCHED,AUDITED,3
F065,Procurement,Supplier onboarding,SPECIFICATION_READY,NOT_STARTED,NOT_READY,RESEARCHED,AUDITED,3
F066,Procurement,Supplier categories,SPECIFICATION_READY,NOT_STARTED,NOT_READY,RESEARCHED,AUDITED,3
F067,Procurement,Purchase requisitions,SPECIFICATION_READY,NOT_STARTED,NOT_READY,RESEARCHED,AUDITED,3
F068,Procurement,Requisition approvals,SPECIFICATION_READY,NOT_STARTED,NOT_READY,RESEARCHED,AUDITED,3
F069,Procurement,RFQ creation,SPECIFICATION_READY,NOT_STARTED,NOT_READY,RESEARCHED,AUDITED,3
F070,Procurement,RFQ to multiple vendors,SPECIFICATION_READY,NOT_STARTED,NOT_READY,RESEARCHED,AUDITED,3
F071,Procurement,Supplier quotations,SPECIFICATION_READY,NOT_STARTED,NOT_READY,RESEARCHED,AUDITED,3
F072,Procurement,Bid comparison,SPECIFICATION_READY,NOT_STARTED,NOT_READY,RESEARCHED,AUDITED,3
F073,Procurement,Supplier selection,SPECIFICATION_READY,NOT_STARTED,NOT_READY,RESEARCHED,AUDITED,3
F074,Procurement,Purchase orders,SPECIFICATION_READY,NOT_STARTED,NOT_READY,RESEARCHED,AUDITED,3
F075,Procurement,PO approvals,SPECIFICATION_READY,NOT_STARTED,NOT_READY,RESEARCHED,AUDITED,3
F076,Procurement,PO amendments,SPECIFICATION_READY,NOT_STARTED,NOT_READY,RESEARCHED,AUDITED,3
F077,Procurement,Blanket purchase orders,SPECIFICATION_READY,NOT_STARTED,NOT_READY,RESEARCHED,AUDITED,3
F078,Procurement,Purchase agreements and contracts,SPECIFICATION_READY,NOT_STARTED,NOT_READY,RESEARCHED,AUDITED,3
F079,Procurement,Supplier price lists,SPECIFICATION_READY,NOT_STARTED,NOT_READY,RESEARCHED,AUDITED,3
F080,Procurement,Goods receipt / GRN,SPECIFICATION_READY,NOT_STARTED,NOT_READY,RESEARCHED,AUDITED,3
F081,Procurement,Partial receipts,SPECIFICATION_READY,NOT_STARTED,NOT_READY,RESEARCHED,AUDITED,3
F082,Procurement,Rejected receipts,SPECIFICATION_READY,NOT_STARTED,NOT_READY,RESEARCHED,AUDITED,3
F083,Procurement,Purchase returns,SPECIFICATION_READY,NOT_STARTED,NOT_READY,RESEARCHED,AUDITED,3
F084,Procurement,Supplier invoices,SPECIFICATION_READY,NOT_STARTED,NOT_READY,RESEARCHED,AUDITED,3
F085,Procurement,2-way matching,SPECIFICATION_READY,NOT_STARTED,NOT_READY,RESEARCHED,AUDITED,3
F086,Procurement,3-way matching: PO – GRN – Invoice,SPECIFICATION_READY,NOT_STARTED,NOT_READY,RESEARCHED,AUDITED,3
F087,Procurement,Landed costs,SPECIFICATION_READY,NOT_STARTED,NOT_READY,RESEARCHED,AUDITED,3
F088,Procurement,Payment terms,SPECIFICATION_READY,NOT_STARTED,NOT_READY,RESEARCHED,AUDITED,3
F089,Procurement,Supplier performance,SPECIFICATION_READY,NOT_STARTED,NOT_READY,RESEARCHED,AUDITED,3
F090,Procurement,Supplier rating,SPECIFICATION_READY,NOT_STARTED,NOT_READY,RESEARCHED,AUDITED,3
F091,Procurement,Supplier lead times,SPECIFICATION_READY,NOT_STARTED,NOT_READY,RESEARCHED,AUDITED,3
F092,Procurement,Spend analysis,SPECIFICATION_READY,NOT_STARTED,NOT_READY,RESEARCHED,AUDITED,3
F093,Procurement,Purchase history,SPECIFICATION_READY,NOT_STARTED,NOT_READY,RESEARCHED,AUDITED,3
F094,Procurement,Reorder-generated purchasing,SPECIFICATION_READY,NOT_STARTED,NOT_READY,RESEARCHED,AUDITED,3
F095,Procurement,Subcontract purchasing,SPECIFICATION_READY,NOT_STARTED,NOT_READY,RESEARCHED,AUDITED,3
F096,Procurement,Procurement dashboard,SPECIFICATION_READY,NOT_STARTED,NOT_READY,RESEARCHED,AUDITED,3
F097,Stock / Inventory,Item master,SPECIFICATION_READY,NOT_STARTED,NOT_READY,RESEARCH_COMPLETE,AUDITED,4
F098,Stock / Inventory,Item categories,SPECIFICATION_READY,NOT_STARTED,NOT_READY,RESEARCH_COMPLETE,AUDITED,4
F099,Stock / Inventory,SKUs,SPECIFICATION_READY,NOT_STARTED,NOT_READY,RESEARCH_COMPLETE,AUDITED,4
F100,Stock / Inventory,Variants,SPECIFICATION_READY,NOT_STARTED,NOT_READY,RESEARCH_COMPLETE,AUDITED,4
F101,Stock / Inventory,Multiple units of measure,SPECIFICATION_READY,NOT_STARTED,NOT_READY,RESEARCH_COMPLETE,AUDITED,4
F102,Stock / Inventory,UOM conversions,SPECIFICATION_READY,NOT_STARTED,NOT_READY,RESEARCH_COMPLETE,AUDITED,4
F103,Stock / Inventory,Warehouses,SPECIFICATION_READY,NOT_STARTED,NOT_READY,RESEARCH_COMPLETE,AUDITED,4
F104,Stock / Inventory,Warehouse locations and bins,SPECIFICATION_READY,NOT_STARTED,NOT_READY,RESEARCH_COMPLETE,AUDITED,4
F105,Stock / Inventory,Multi-warehouse inventory,SPECIFICATION_READY,NOT_STARTED,NOT_READY,RESEARCH_COMPLETE,AUDITED,4
F106,Stock / Inventory,Real-time stock balance,SPECIFICATION_READY,NOT_STARTED,NOT_READY,RESEARCH_COMPLETE,AUDITED,4
F107,Stock / Inventory,Stock ledger,SPECIFICATION_READY,NOT_STARTED,NOT_READY,RESEARCH_COMPLETE,AUDITED,4
F108,Stock / Inventory,Goods receipts,SPECIFICATION_READY,NOT_STARTED,NOT_READY,RESEARCH_COMPLETE,AUDITED,4
F109,Stock / Inventory,Goods issues,SPECIFICATION_READY,NOT_STARTED,NOT_READY,RESEARCH_COMPLETE,AUDITED,4
F110,Stock / Inventory,Internal transfers,SPECIFICATION_READY,NOT_STARTED,NOT_READY,RESEARCH_COMPLETE,AUDITED,4
F111,Stock / Inventory,Stock adjustments,SPECIFICATION_READY,NOT_STARTED,NOT_READY,RESEARCH_COMPLETE,AUDITED,4
F112,Stock / Inventory,Stock reservations,SPECIFICATION_READY,NOT_STARTED,NOT_READY,RESEARCH_COMPLETE,AUDITED,4
F113,Stock / Inventory,Available stock,SPECIFICATION_READY,NOT_STARTED,NOT_READY,RESEARCH_COMPLETE,AUDITED,4
F114,Stock / Inventory,Available-to-promise,SPECIFICATION_READY,NOT_STARTED,NOT_READY,RESEARCH_COMPLETE,AUDITED,4
F115,Stock / Inventory,Batch tracking,SPECIFICATION_READY,NOT_STARTED,NOT_READY,RESEARCH_COMPLETE,AUDITED,4
F116,Stock / Inventory,Lot tracking,SPECIFICATION_READY,NOT_STARTED,NOT_READY,RESEARCH_COMPLETE,AUDITED,4
F117,Stock / Inventory,Serial-number tracking,SPECIFICATION_READY,NOT_STARTED,NOT_READY,RESEARCH_COMPLETE,AUDITED,4
F118,Stock / Inventory,Expiry dates,SPECIFICATION_READY,NOT_STARTED,NOT_READY,RESEARCH_COMPLETE,AUDITED,4
F119,Stock / Inventory,Barcode scanning,SPECIFICATION_READY,NOT_STARTED,NOT_READY,RESEARCH_COMPLETE,AUDITED,4
F120,Stock / Inventory,Cycle counting,SPECIFICATION_READY,NOT_STARTED,NOT_READY,RESEARCH_COMPLETE,AUDITED,4
F121,Stock / Inventory,Physical inventory,SPECIFICATION_READY,NOT_STARTED,NOT_READY,RESEARCH_COMPLETE,AUDITED,4
F122,Stock / Inventory,Reorder point,SPECIFICATION_READY,NOT_STARTED,NOT_READY,RESEARCH_COMPLETE,AUDITED,4
F123,Stock / Inventory,Minimum / maximum stock,SPECIFICATION_READY,NOT_STARTED,NOT_READY,RESEARCH_COMPLETE,AUDITED,4
F124,Stock / Inventory,Safety stock,SPECIFICATION_READY,NOT_STARTED,NOT_READY,RESEARCH_COMPLETE,AUDITED,4
F125,Stock / Inventory,Automatic replenishment,SPECIFICATION_READY,NOT_STARTED,NOT_READY,RESEARCH_COMPLETE,AUDITED,4
F126,Stock / Inventory,Negative-stock control,SPECIFICATION_READY,NOT_STARTED,NOT_READY,RESEARCH_COMPLETE,AUDITED,4
F127,Stock / Inventory,FIFO valuation,SPECIFICATION_READY,NOT_STARTED,NOT_READY,RESEARCH_COMPLETE,AUDITED,4
F128,Stock / Inventory,Weighted / moving-average valuation,SPECIFICATION_READY,NOT_STARTED,NOT_READY,RESEARCH_COMPLETE,AUDITED,4
F129,Stock / Inventory,Standard costing,SPECIFICATION_READY,NOT_STARTED,NOT_READY,RESEARCH_COMPLETE,AUDITED,4
F130,Stock / Inventory,Inventory valuation,SPECIFICATION_READY,NOT_STARTED,NOT_READY,RESEARCH_COMPLETE,AUDITED,4
F131,Stock / Inventory,Landed cost allocation,SPECIFICATION_READY,NOT_STARTED,NOT_READY,RESEARCH_COMPLETE,AUDITED,4
F132,Stock / Inventory,Stock aging,SPECIFICATION_READY,NOT_STARTED,NOT_READY,RESEARCH_COMPLETE,AUDITED,4
F133,Stock / Inventory,Slow-moving inventory,SPECIFICATION_READY,NOT_STARTED,NOT_READY,RESEARCH_COMPLETE,AUDITED,4
F134,Stock / Inventory,Dead-stock reporting,SPECIFICATION_READY,NOT_STARTED,NOT_READY,RESEARCH_COMPLETE,AUDITED,4
F135,Stock / Inventory,Picking,SPECIFICATION_READY,NOT_STARTED,NOT_READY,RESEARCH_COMPLETE,AUDITED,4
F136,Stock / Inventory,Packing,SPECIFICATION_READY,NOT_STARTED,NOT_READY,RESEARCH_COMPLETE,AUDITED,4
F137,Stock / Inventory,Shipping,SPECIFICATION_READY,NOT_STARTED,NOT_READY,RESEARCH_COMPLETE,AUDITED,4
F138,Stock / Inventory,Returns,SPECIFICATION_READY,NOT_STARTED,NOT_READY,RESEARCH_COMPLETE,AUDITED,4
F139,Stock / Inventory,Damaged stock,SPECIFICATION_READY,NOT_STARTED,NOT_READY,RESEARCH_COMPLETE,AUDITED,4
F140,Stock / Inventory,Quarantine and quality-held stock,SPECIFICATION_READY,NOT_STARTED,NOT_READY,RESEARCH_COMPLETE,AUDITED,4
F141,Stock / Inventory,Batch / serial traceability,SPECIFICATION_READY,NOT_STARTED,NOT_READY,RESEARCH_COMPLETE,AUDITED,4
F142,Stock / Inventory,Inventory movement history,SPECIFICATION_READY,NOT_STARTED,NOT_READY,RESEARCH_COMPLETE,AUDITED,4
F143,Stock / Inventory,Stock reports,SPECIFICATION_READY,NOT_STARTED,NOT_READY,RESEARCH_COMPLETE,AUDITED,4
F144,Stock / Inventory,Inventory dashboard,SPECIFICATION_READY,NOT_STARTED,NOT_READY,RESEARCH_COMPLETE,AUDITED,4
F145,Manufacturing,Bill of Materials (BOM),SPECIFICATION_READY,NOT_STARTED,NOT_READY,RESEARCH_COMPLETE,AUDITED,5
F146,Manufacturing,Multi-level BOM,SPECIFICATION_READY,NOT_STARTED,NOT_READY,RESEARCH_COMPLETE,AUDITED,5
F147,Manufacturing,BOM versions,SPECIFICATION_READY,NOT_STARTED,NOT_READY,RESEARCH_COMPLETE,AUDITED,5
F148,Manufacturing,BOM revisions,SPECIFICATION_READY,NOT_STARTED,NOT_READY,RESEARCH_COMPLETE,AUDITED,5
F149,Manufacturing,Alternate BOM,SPECIFICATION_READY,NOT_STARTED,NOT_READY,RESEARCH_COMPLETE,AUDITED,5
F150,Manufacturing,Routings,SPECIFICATION_READY,NOT_STARTED,NOT_READY,RESEARCH_COMPLETE,AUDITED,5
F151,Manufacturing,Operations,SPECIFICATION_READY,NOT_STARTED,NOT_READY,RESEARCH_COMPLETE,AUDITED,5
F152,Manufacturing,Work centres,SPECIFICATION_READY,NOT_STARTED,NOT_READY,RESEARCH_COMPLETE,AUDITED,5
F153,Manufacturing,Machine / work-centre capacity,SPECIFICATION_READY,NOT_STARTED,NOT_READY,RESEARCH_COMPLETE,AUDITED,5
F154,Manufacturing,Shift calendars,SPECIFICATION_READY,NOT_STARTED,NOT_READY,RESEARCH_COMPLETE,AUDITED,5
F155,Manufacturing,Manufacturing orders,SPECIFICATION_READY,NOT_STARTED,NOT_READY,RESEARCH_COMPLETE,AUDITED,5
F156,Manufacturing,Work orders,SPECIFICATION_READY,NOT_STARTED,NOT_READY,RESEARCH_COMPLETE,AUDITED,5
F157,Manufacturing,Job cards,SPECIFICATION_READY,NOT_STARTED,NOT_READY,RESEARCH_COMPLETE,AUDITED,5
F158,Manufacturing,Production planning,SPECIFICATION_READY,NOT_STARTED,NOT_READY,RESEARCH_COMPLETE,AUDITED,5
F159,Manufacturing,MRP,SPECIFICATION_READY,NOT_STARTED,NOT_READY,RESEARCH_COMPLETE,AUDITED,5
F160,Manufacturing,Material requirements,SPECIFICATION_READY,NOT_STARTED,NOT_READY,RESEARCH_COMPLETE,AUDITED,5
F161,Manufacturing,Material availability,SPECIFICATION_READY,NOT_STARTED,NOT_READY,RESEARCH_COMPLETE,AUDITED,5
F162,Manufacturing,Raw-material reservations,SPECIFICATION_READY,NOT_STARTED,NOT_READY,RESEARCH_COMPLETE,AUDITED,5
F163,Manufacturing,Material issue,SPECIFICATION_READY,NOT_STARTED,NOT_READY,RESEARCH_COMPLETE,AUDITED,5
F164,Manufacturing,Material consumption,SPECIFICATION_READY,NOT_STARTED,NOT_READY,RESEARCH_COMPLETE,AUDITED,5
F165,Manufacturing,Backflushing,SPECIFICATION_READY,NOT_STARTED,NOT_READY,RESEARCH_COMPLETE,AUDITED,5
F166,Manufacturing,Work in progress,SPECIFICATION_READY,NOT_STARTED,NOT_READY,RESEARCH_COMPLETE,AUDITED,5
F167,Manufacturing,Finished-goods receipt,SPECIFICATION_READY,NOT_STARTED,NOT_READY,RESEARCH_COMPLETE,AUDITED,5
F168,Manufacturing,Production scheduling,SPECIFICATION_READY,NOT_STARTED,NOT_READY,RESEARCH_COMPLETE,AUDITED,5
F169,Manufacturing,Labor time,SPECIFICATION_READY,NOT_STARTED,NOT_READY,RESEARCH_COMPLETE,AUDITED,5
F170,Manufacturing,Machine time,SPECIFICATION_READY,NOT_STARTED,NOT_READY,RESEARCH_COMPLETE,AUDITED,5
F171,Manufacturing,Setup time,SPECIFICATION_READY,NOT_STARTED,NOT_READY,RESEARCH_COMPLETE,AUDITED,5
F172,Manufacturing,Scrap,SPECIFICATION_READY,NOT_STARTED,NOT_READY,RESEARCH_COMPLETE,AUDITED,5
F173,Manufacturing,Waste,SPECIFICATION_READY,NOT_STARTED,NOT_READY,RESEARCH_COMPLETE,AUDITED,5
F174,Manufacturing,By-products and co-products,SPECIFICATION_READY,NOT_STARTED,NOT_READY,RESEARCH_COMPLETE,AUDITED,5
F175,Manufacturing,Rework,SPECIFICATION_READY,NOT_STARTED,NOT_READY,RESEARCH_COMPLETE,AUDITED,5
F176,Manufacturing,Batch manufacturing,SPECIFICATION_READY,NOT_STARTED,NOT_READY,RESEARCH_COMPLETE,AUDITED,5
F177,Manufacturing,Serial tracking,SPECIFICATION_READY,NOT_STARTED,NOT_READY,RESEARCH_COMPLETE,AUDITED,5
F178,Manufacturing,Make-to-stock,SPECIFICATION_READY,NOT_STARTED,NOT_READY,RESEARCH_COMPLETE,AUDITED,5
F179,Manufacturing,Make-to-order,SPECIFICATION_READY,NOT_STARTED,NOT_READY,RESEARCH_COMPLETE,AUDITED,5
F180,Manufacturing,Subcontract manufacturing,SPECIFICATION_READY,NOT_STARTED,NOT_READY,RESEARCH_COMPLETE,AUDITED,5
F181,Manufacturing,Production quality inspections,SPECIFICATION_READY,NOT_STARTED,NOT_READY,RESEARCH_COMPLETE,AUDITED,5
F182,Manufacturing,Production hold,SPECIFICATION_READY,NOT_STARTED,NOT_READY,RESEARCH_COMPLETE,AUDITED,5
F183,Manufacturing,Production costing,SPECIFICATION_READY,NOT_STARTED,NOT_READY,RESEARCH_COMPLETE,AUDITED,5
F184,Manufacturing,Standard vs actual costing,SPECIFICATION_READY,NOT_STARTED,NOT_READY,RESEARCH_COMPLETE,AUDITED,5
F185,Manufacturing,Cost variance,SPECIFICATION_READY,NOT_STARTED,NOT_READY,RESEARCH_COMPLETE,AUDITED,5
F186,Manufacturing,Yield analysis,SPECIFICATION_READY,NOT_STARTED,NOT_READY,RESEARCH_COMPLETE,AUDITED,5
F187,Manufacturing,Production efficiency,SPECIFICATION_READY,NOT_STARTED,NOT_READY,RESEARCH_COMPLETE,AUDITED,5
F188,Manufacturing,Downtime,SPECIFICATION_READY,NOT_STARTED,NOT_READY,RESEARCH_COMPLETE,AUDITED,5
F189,Manufacturing,Maintenance integration,SPECIFICATION_READY,NOT_STARTED,NOT_READY,RESEARCH_COMPLETE,AUDITED,5
F190,Manufacturing,Engineering change and revision control,SPECIFICATION_READY,NOT_STARTED,NOT_READY,RESEARCH_COMPLETE,AUDITED,5
F191,Manufacturing,Production reports,SPECIFICATION_READY,NOT_STARTED,NOT_READY,RESEARCH_COMPLETE,AUDITED,5
F192,Manufacturing,Production dashboard,SPECIFICATION_READY,NOT_STARTED,NOT_READY,RESEARCH_COMPLETE,AUDITED,5
F193,Projects,Projects,SPECIFICATION_READY,NOT_STARTED,NOT_READY,RESEARCH_COMPLETE,AUDITED,6
F194,Projects,Customer projects,SPECIFICATION_READY,NOT_STARTED,NOT_READY,RESEARCH_COMPLETE,AUDITED,6
F195,Projects,Internal projects,SPECIFICATION_READY,NOT_STARTED,NOT_READY,RESEARCH_COMPLETE,AUDITED,6
F196,Projects,Project templates,SPECIFICATION_READY,NOT_STARTED,NOT_READY,RESEARCH_COMPLETE,AUDITED,6
F197,Projects,Work Breakdown Structure (WBS),SPECIFICATION_READY,NOT_STARTED,NOT_READY,RESEARCH_COMPLETE,AUDITED,6
F198,Projects,Milestones,SPECIFICATION_READY,NOT_STARTED,NOT_READY,RESEARCH_COMPLETE,AUDITED,6
F199,Projects,Tasks,SPECIFICATION_READY,NOT_STARTED,NOT_READY,RESEARCH_COMPLETE,AUDITED,6
F200,Projects,Subtasks,SPECIFICATION_READY,NOT_STARTED,NOT_READY,RESEARCH_COMPLETE,AUDITED,6
F201,Projects,Task dependencies,SPECIFICATION_READY,NOT_STARTED,NOT_READY,RESEARCH_COMPLETE,AUDITED,6
F202,Projects,Assignees,SPECIFICATION_READY,NOT_STARTED,NOT_READY,RESEARCH_COMPLETE,AUDITED,6
F203,Projects,Priority,SPECIFICATION_READY,NOT_STARTED,NOT_READY,RESEARCH_COMPLETE,AUDITED,6
F204,Projects,Project status,SPECIFICATION_READY,NOT_STARTED,NOT_READY,RESEARCH_COMPLETE,AUDITED,6
F205,Projects,Gantt chart,SPECIFICATION_READY,NOT_STARTED,NOT_READY,RESEARCH_COMPLETE,AUDITED,6
F206,Projects,Kanban / task board,SPECIFICATION_READY,NOT_STARTED,NOT_READY,RESEARCH_COMPLETE,AUDITED,6
F207,Projects,Project calendar,SPECIFICATION_READY,NOT_STARTED,NOT_READY,RESEARCH_COMPLETE,AUDITED,6
F208,Projects,Resource allocation,SPECIFICATION_READY,NOT_STARTED,NOT_READY,RESEARCH_COMPLETE,AUDITED,6
F209,Projects,Resource availability,SPECIFICATION_READY,NOT_STARTED,NOT_READY,RESEARCH_COMPLETE,AUDITED,6
F210,Projects,Timesheets,SPECIFICATION_READY,NOT_STARTED,NOT_READY,RESEARCH_COMPLETE,AUDITED,6
F211,Projects,Project expenses,SPECIFICATION_READY,NOT_STARTED,NOT_READY,RESEARCH_COMPLETE,AUDITED,6
F212,Projects,Materials consumed,SPECIFICATION_READY,NOT_STARTED,NOT_READY,RESEARCH_COMPLETE,AUDITED,6
F213,Projects,Project procurement,SPECIFICATION_READY,NOT_STARTED,NOT_READY,RESEARCH_COMPLETE,AUDITED,6
F214,Projects,Project budget,SPECIFICATION_READY,NOT_STARTED,NOT_READY,RESEARCH_COMPLETE,AUDITED,6
F215,Projects,Budget revisions,SPECIFICATION_READY,NOT_STARTED,NOT_READY,RESEARCH_COMPLETE,AUDITED,6
F216,Projects,Cost tracking,SPECIFICATION_READY,NOT_STARTED,NOT_READY,RESEARCH_COMPLETE,AUDITED,6
F217,Projects,Revenue tracking,SPECIFICATION_READY,NOT_STARTED,NOT_READY,RESEARCH_COMPLETE,AUDITED,6
F218,Projects,Fixed-price billing,SPECIFICATION_READY,NOT_STARTED,NOT_READY,RESEARCH_COMPLETE,AUDITED,6
F219,Projects,Time-and-material billing,SPECIFICATION_READY,NOT_STARTED,NOT_READY,RESEARCH_COMPLETE,AUDITED,6
F220,Projects,Milestone billing,SPECIFICATION_READY,NOT_STARTED,NOT_READY,RESEARCH_COMPLETE,AUDITED,6
F221,Projects,Project invoices,SPECIFICATION_READY,NOT_STARTED,NOT_READY,RESEARCH_COMPLETE,AUDITED,6
F222,Projects,Project profitability,SPECIFICATION_READY,NOT_STARTED,NOT_READY,RESEARCH_COMPLETE,AUDITED,6
F223,Projects,Cost variance,SPECIFICATION_READY,NOT_STARTED,NOT_READY,RESEARCH_COMPLETE,AUDITED,6
F224,Projects,Issues,SPECIFICATION_READY,NOT_STARTED,NOT_READY,RESEARCH_COMPLETE,AUDITED,6
F225,Projects,Risks,SPECIFICATION_READY,NOT_STARTED,NOT_READY,RESEARCH_COMPLETE,AUDITED,6
F226,Projects,Documents,SPECIFICATION_READY,NOT_STARTED,NOT_READY,RESEARCH_COMPLETE,AUDITED,6
F227,Projects,Comments and collaboration,SPECIFICATION_READY,NOT_STARTED,NOT_READY,RESEARCH_COMPLETE,AUDITED,6
F228,Projects,Progress tracking,SPECIFICATION_READY,NOT_STARTED,NOT_READY,RESEARCH_COMPLETE,AUDITED,6
F229,Projects,Project dashboard,SPECIFICATION_READY,NOT_STARTED,NOT_READY,RESEARCH_COMPLETE,AUDITED,6
F230,Projects,Project reports,SPECIFICATION_READY,NOT_STARTED,NOT_READY,RESEARCH_COMPLETE,AUDITED,6
F231,Assets,Asset register,SPECIFICATION_READY,NOT_STARTED,NOT_READY,RESEARCH_COMPLETE,AUDITED,7
F232,Assets,Asset categories,SPECIFICATION_READY,NOT_STARTED,NOT_READY,RESEARCH_COMPLETE,AUDITED,7
F233,Assets,Asset identification and code,SPECIFICATION_READY,NOT_STARTED,NOT_READY,RESEARCH_COMPLETE,AUDITED,7
F234,Assets,Asset location,SPECIFICATION_READY,NOT_STARTED,NOT_READY,RESEARCH_COMPLETE,AUDITED,7
F235,Assets,Custodian,SPECIFICATION_READY,NOT_STARTED,NOT_READY,RESEARCH_COMPLETE,AUDITED,7
F236,Assets,Department,SPECIFICATION_READY,NOT_STARTED,NOT_READY,RESEARCH_COMPLETE,AUDITED,7
F237,Assets,Purchase and capitalization,SPECIFICATION_READY,NOT_STARTED,NOT_READY,RESEARCH_COMPLETE,AUDITED,7
F238,Assets,Asset creation from procurement,SPECIFICATION_READY,NOT_STARTED,NOT_READY,RESEARCH_COMPLETE,AUDITED,7
F239,Assets,Asset transfers,SPECIFICATION_READY,NOT_STARTED,NOT_READY,RESEARCH_COMPLETE,AUDITED,7
F240,Assets,Asset assignment,SPECIFICATION_READY,NOT_STARTED,NOT_READY,RESEARCH_COMPLETE,AUDITED,7
F241,Assets,Asset movement history,SPECIFICATION_READY,NOT_STARTED,NOT_READY,RESEARCH_COMPLETE,AUDITED,7
F242,Assets,Asset value,SPECIFICATION_READY,NOT_STARTED,NOT_READY,RESEARCH_COMPLETE,AUDITED,7
F243,Assets,Useful life,SPECIFICATION_READY,NOT_STARTED,NOT_READY,RESEARCH_COMPLETE,AUDITED,7
F244,Assets,Salvage value,SPECIFICATION_READY,NOT_STARTED,NOT_READY,RESEARCH_COMPLETE,AUDITED,7
F245,Assets,Straight-line depreciation,SPECIFICATION_READY,NOT_STARTED,NOT_READY,RESEARCH_COMPLETE,AUDITED,7
F246,Assets,Declining-balance depreciation,SPECIFICATION_READY,NOT_STARTED,NOT_READY,RESEARCH_COMPLETE,AUDITED,7
F247,Assets,Units-of-production depreciation,SPECIFICATION_READY,NOT_STARTED,NOT_READY,RESEARCH_COMPLETE,AUDITED,7
F248,Assets,Depreciation schedule,SPECIFICATION_READY,NOT_STARTED,NOT_READY,RESEARCH_COMPLETE,AUDITED,7
F249,Assets,Depreciation posting,SPECIFICATION_READY,NOT_STARTED,NOT_READY,RESEARCH_COMPLETE,AUDITED,7
F250,Assets,Asset revaluation,SPECIFICATION_READY,NOT_STARTED,NOT_READY,RESEARCH_COMPLETE,AUDITED,7
F251,Assets,Asset impairment,SPECIFICATION_READY,NOT_STARTED,NOT_READY,RESEARCH_COMPLETE,AUDITED,7
F252,Assets,Asset maintenance,SPECIFICATION_READY,NOT_STARTED,NOT_READY,RESEARCH_COMPLETE,AUDITED,7
F253,Assets,Preventive maintenance,SPECIFICATION_READY,NOT_STARTED,NOT_READY,RESEARCH_COMPLETE,AUDITED,7
F254,Assets,Maintenance schedule,SPECIFICATION_READY,NOT_STARTED,NOT_READY,RESEARCH_COMPLETE,AUDITED,7
F255,Assets,Repair history,SPECIFICATION_READY,NOT_STARTED,NOT_READY,RESEARCH_COMPLETE,AUDITED,7
F256,Assets,Downtime,SPECIFICATION_READY,NOT_STARTED,NOT_READY,RESEARCH_COMPLETE,AUDITED,7
F257,Assets,Warranty,SPECIFICATION_READY,NOT_STARTED,NOT_READY,RESEARCH_COMPLETE,AUDITED,7
F258,Assets,Inspection,SPECIFICATION_READY,NOT_STARTED,NOT_READY,RESEARCH_COMPLETE,AUDITED,7
F259,Assets,Calibration,SPECIFICATION_READY,NOT_STARTED,NOT_READY,RESEARCH_COMPLETE,AUDITED,7
F260,Assets,Physical verification and audit,SPECIFICATION_READY,NOT_STARTED,NOT_READY,RESEARCH_COMPLETE,AUDITED,7
F261,Assets,Barcode / QR identification,SPECIFICATION_READY,NOT_STARTED,NOT_READY,RESEARCH_COMPLETE,AUDITED,7
F262,Assets,Asset disposal,SPECIFICATION_READY,NOT_STARTED,NOT_READY,RESEARCH_COMPLETE,AUDITED,7
F263,Assets,Asset sale,SPECIFICATION_READY,NOT_STARTED,NOT_READY,RESEARCH_COMPLETE,AUDITED,7
F264,Assets,Asset scrap,SPECIFICATION_READY,NOT_STARTED,NOT_READY,RESEARCH_COMPLETE,AUDITED,7
F265,Assets,Gain / loss on disposal,SPECIFICATION_READY,NOT_STARTED,NOT_READY,RESEARCH_COMPLETE,AUDITED,7
F266,Assets,Asset accounting integration,SPECIFICATION_READY,NOT_STARTED,NOT_READY,RESEARCH_COMPLETE,AUDITED,7
F267,Assets,Asset reports,SPECIFICATION_READY,NOT_STARTED,NOT_READY,RESEARCH_COMPLETE,AUDITED,7
F268,Point of Sale,Stores and outlets,SPECIFICATION_READY,NOT_STARTED,NOT_READY,RESEARCH_COMPLETE,AUDITED,8
F269,Point of Sale,POS terminals,SPECIFICATION_READY,NOT_STARTED,NOT_READY,RESEARCH_COMPLETE,AUDITED,8
F270,Point of Sale,Cashiers,SPECIFICATION_READY,NOT_STARTED,NOT_READY,RESEARCH_COMPLETE,AUDITED,8
F271,Point of Sale,Cashier permissions,SPECIFICATION_READY,NOT_STARTED,NOT_READY,RESEARCH_COMPLETE,AUDITED,8
F272,Point of Sale,Product search,SPECIFICATION_READY,NOT_STARTED,NOT_READY,RESEARCH_COMPLETE,AUDITED,8
F273,Point of Sale,Barcode scanning,SPECIFICATION_READY,NOT_STARTED,NOT_READY,RESEARCH_COMPLETE,AUDITED,8
F274,Point of Sale,Product variants,SPECIFICATION_READY,NOT_STARTED,NOT_READY,RESEARCH_COMPLETE,AUDITED,8
F275,Point of Sale,Price lists,SPECIFICATION_READY,NOT_STARTED,NOT_READY,RESEARCH_COMPLETE,AUDITED,8
F276,Point of Sale,Customer selection,SPECIFICATION_READY,NOT_STARTED,NOT_READY,RESEARCH_COMPLETE,AUDITED,8
F277,Point of Sale,Cart,SPECIFICATION_READY,NOT_STARTED,NOT_READY,RESEARCH_COMPLETE,AUDITED,8
F278,Point of Sale,Taxes,SPECIFICATION_READY,NOT_STARTED,NOT_READY,RESEARCH_COMPLETE,AUDITED,8
F279,Point of Sale,Discounts,SPECIFICATION_READY,NOT_STARTED,NOT_READY,RESEARCH_COMPLETE,AUDITED,8
F280,Point of Sale,Promotions,SPECIFICATION_READY,NOT_STARTED,NOT_READY,RESEARCH_COMPLETE,AUDITED,8
F281,Point of Sale,Coupons,SPECIFICATION_READY,NOT_STARTED,NOT_READY,RESEARCH_COMPLETE,AUDITED,8
F282,Point of Sale,Cash payments,SPECIFICATION_READY,NOT_STARTED,NOT_READY,RESEARCH_COMPLETE,AUDITED,8
F283,Point of Sale,Card payments,SPECIFICATION_READY,NOT_STARTED,NOT_READY,RESEARCH_COMPLETE,AUDITED,8
F284,Point of Sale,UPI and digital payments,SPECIFICATION_READY,NOT_STARTED,NOT_READY,RESEARCH_COMPLETE,AUDITED,8
F285,Point of Sale,Split payments,SPECIFICATION_READY,NOT_STARTED,NOT_READY,RESEARCH_COMPLETE,AUDITED,8
F286,Point of Sale,Multiple payment methods,SPECIFICATION_READY,NOT_STARTED,NOT_READY,RESEARCH_COMPLETE,AUDITED,8
F287,Point of Sale,Hold / suspend sale,SPECIFICATION_READY,NOT_STARTED,NOT_READY,RESEARCH_COMPLETE,AUDITED,8
F288,Point of Sale,Resume sale,SPECIFICATION_READY,NOT_STARTED,NOT_READY,RESEARCH_COMPLETE,AUDITED,8
F289,Point of Sale,Receipt printing,SPECIFICATION_READY,NOT_STARTED,NOT_READY,RESEARCH_COMPLETE,AUDITED,8
F290,Point of Sale,Invoice generation,SPECIFICATION_READY,NOT_STARTED,NOT_READY,RESEARCH_COMPLETE,AUDITED,8
F291,Point of Sale,Returns,SPECIFICATION_READY,NOT_STARTED,NOT_READY,RESEARCH_COMPLETE,AUDITED,8
F292,Point of Sale,Refunds,SPECIFICATION_READY,NOT_STARTED,NOT_READY,RESEARCH_COMPLETE,AUDITED,8
F293,Point of Sale,Exchanges,SPECIFICATION_READY,NOT_STARTED,NOT_READY,RESEARCH_COMPLETE,AUDITED,8
F294,Point of Sale,Stock reduction,SPECIFICATION_READY,NOT_STARTED,NOT_READY,RESEARCH_COMPLETE,AUDITED,8
F295,Point of Sale,Lot / serial support where required,SPECIFICATION_READY,NOT_STARTED,NOT_READY,RESEARCH_COMPLETE,AUDITED,8
F296,Point of Sale,Real-time inventory,SPECIFICATION_READY,NOT_STARTED,NOT_READY,RESEARCH_COMPLETE,AUDITED,8
F297,Point of Sale,Offline POS,SPECIFICATION_READY,NOT_STARTED,NOT_READY,RESEARCH_COMPLETE,AUDITED,8
F298,Point of Sale,Offline-to-online synchronization,SPECIFICATION_READY,NOT_STARTED,NOT_READY,RESEARCH_COMPLETE,AUDITED,8
F299,Point of Sale,Cash drawer opening balance,SPECIFICATION_READY,NOT_STARTED,NOT_READY,RESEARCH_COMPLETE,AUDITED,8
F300,Point of Sale,Cash movements,SPECIFICATION_READY,NOT_STARTED,NOT_READY,RESEARCH_COMPLETE,AUDITED,8
F301,Point of Sale,Shift opening,SPECIFICATION_READY,NOT_STARTED,NOT_READY,RESEARCH_COMPLETE,AUDITED,8
F302,Point of Sale,Shift closing,SPECIFICATION_READY,NOT_STARTED,NOT_READY,RESEARCH_COMPLETE,AUDITED,8
F303,Point of Sale,Day-end / Z report,SPECIFICATION_READY,NOT_STARTED,NOT_READY,RESEARCH_COMPLETE,AUDITED,8
F304,Point of Sale,Payment reconciliation,SPECIFICATION_READY,NOT_STARTED,NOT_READY,RESEARCH_COMPLETE,AUDITED,8
F305,Point of Sale,POS accounting posting,SPECIFICATION_READY,NOT_STARTED,NOT_READY,RESEARCH_COMPLETE,AUDITED,8
F306,Point of Sale,Loyalty,SPECIFICATION_READY,NOT_STARTED,NOT_READY,RESEARCH_COMPLETE,AUDITED,8
F307,Point of Sale,POS sales analytics,SPECIFICATION_READY,NOT_STARTED,NOT_READY,RESEARCH_COMPLETE,AUDITED,8
F308,Quality,Quality standards,SPECIFICATION_READY,NOT_STARTED,NOT_READY,RESEARCH_COMPLETE,AUDITED,9
F309,Quality,Inspection specifications,SPECIFICATION_READY,NOT_STARTED,NOT_READY,RESEARCH_COMPLETE,AUDITED,9
F310,Quality,Quality plans,SPECIFICATION_READY,NOT_STARTED,NOT_READY,RESEARCH_COMPLETE,AUDITED,9
F311,Quality,Quality control points,SPECIFICATION_READY,NOT_STARTED,NOT_READY,RESEARCH_COMPLETE,AUDITED,9
F312,Quality,Incoming inspection,SPECIFICATION_READY,NOT_STARTED,NOT_READY,RESEARCH_COMPLETE,AUDITED,9
F313,Quality,In-process inspection,SPECIFICATION_READY,NOT_STARTED,NOT_READY,RESEARCH_COMPLETE,AUDITED,9
F314,Quality,Final inspection,SPECIFICATION_READY,NOT_STARTED,NOT_READY,RESEARCH_COMPLETE,AUDITED,9
F315,Quality,Sampling plans,SPECIFICATION_READY,NOT_STARTED,NOT_READY,RESEARCH_COMPLETE,AUDITED,9
F316,Quality,Measurement checks,SPECIFICATION_READY,NOT_STARTED,NOT_READY,RESEARCH_COMPLETE,AUDITED,9
F317,Quality,Pass / fail checks,SPECIFICATION_READY,NOT_STARTED,NOT_READY,RESEARCH_COMPLETE,AUDITED,9
F318,Quality,Tolerances,SPECIFICATION_READY,NOT_STARTED,NOT_READY,RESEARCH_COMPLETE,AUDITED,9
F319,Quality,Inspection results,SPECIFICATION_READY,NOT_STARTED,NOT_READY,RESEARCH_COMPLETE,AUDITED,9
F320,Quality,Defect recording,SPECIFICATION_READY,NOT_STARTED,NOT_READY,RESEARCH_COMPLETE,AUDITED,9
F321,Quality,Non-conformance / NCR,SPECIFICATION_READY,NOT_STARTED,NOT_READY,RESEARCH_COMPLETE,AUDITED,9
F322,Quality,Quality hold,SPECIFICATION_READY,NOT_STARTED,NOT_READY,RESEARCH_COMPLETE,AUDITED,9
F323,Quality,Quality hold must block stock movement,SPECIFICATION_READY,NOT_STARTED,NOT_READY,RESEARCH_COMPLETE,AUDITED,9
F324,Quality,Hold release,SPECIFICATION_READY,NOT_STARTED,NOT_READY,RESEARCH_COMPLETE,AUDITED,9
F325,Quality,Disposition,SPECIFICATION_READY,NOT_STARTED,NOT_READY,RESEARCH_COMPLETE,AUDITED,9
F326,Quality,Rework,SPECIFICATION_READY,NOT_STARTED,NOT_READY,RESEARCH_COMPLETE,AUDITED,9
F327,Quality,Scrap,SPECIFICATION_READY,NOT_STARTED,NOT_READY,RESEARCH_COMPLETE,AUDITED,9
F328,Quality,Return to supplier,SPECIFICATION_READY,NOT_STARTED,NOT_READY,RESEARCH_COMPLETE,AUDITED,9
F329,Quality,Use-as-is approval,SPECIFICATION_READY,NOT_STARTED,NOT_READY,RESEARCH_COMPLETE,AUDITED,9
F330,Quality,Root-cause analysis,SPECIFICATION_READY,NOT_STARTED,NOT_READY,RESEARCH_COMPLETE,AUDITED,9
F331,Quality,CAPA,SPECIFICATION_READY,NOT_STARTED,NOT_READY,RESEARCH_COMPLETE,AUDITED,9
F332,Quality,Corrective actions,SPECIFICATION_READY,NOT_STARTED,NOT_READY,RESEARCH_COMPLETE,AUDITED,9
F333,Quality,Preventive actions,SPECIFICATION_READY,NOT_STARTED,NOT_READY,RESEARCH_COMPLETE,AUDITED,9
F334,Quality,Supplier quality,SPECIFICATION_READY,NOT_STARTED,NOT_READY,RESEARCH_COMPLETE,AUDITED,9
F335,Quality,Customer quality complaints,SPECIFICATION_READY,NOT_STARTED,NOT_READY,RESEARCH_COMPLETE,AUDITED,9
F336,Quality,Calibration,SPECIFICATION_READY,NOT_STARTED,NOT_READY,RESEARCH_COMPLETE,AUDITED,9
F337,Quality,Quality audits,SPECIFICATION_READY,NOT_STARTED,NOT_READY,RESEARCH_COMPLETE,AUDITED,9
F338,Quality,Certificate of Analysis,SPECIFICATION_READY,NOT_STARTED,NOT_READY,RESEARCH_COMPLETE,AUDITED,9
F339,Quality,Lot / batch traceability,SPECIFICATION_READY,NOT_STARTED,NOT_READY,RESEARCH_COMPLETE,AUDITED,9
F340,Quality,Quality documents,SPECIFICATION_READY,NOT_STARTED,NOT_READY,RESEARCH_COMPLETE,AUDITED,9
F341,Quality,Quality cost reporting,SPECIFICATION_READY,NOT_STARTED,NOT_READY,RESEARCH_COMPLETE,AUDITED,9
F342,Quality,Quality KPI dashboard,SPECIFICATION_READY,NOT_STARTED,NOT_READY,RESEARCH_COMPLETE,AUDITED,9
F343,Support / Customer Service,Tickets and cases,SPECIFICATION_READY,NOT_STARTED,NOT_READY,RESEARCH_COMPLETE,AUDITED,10
F344,Support / Customer Service,Ticket number,SPECIFICATION_READY,NOT_STARTED,NOT_READY,RESEARCH_COMPLETE,AUDITED,10
F345,Support / Customer Service,Customer,SPECIFICATION_READY,NOT_STARTED,NOT_READY,RESEARCH_COMPLETE,AUDITED,10
F346,Support / Customer Service,Contact,SPECIFICATION_READY,NOT_STARTED,NOT_READY,RESEARCH_COMPLETE,AUDITED,10
F347,Support / Customer Service,Category,SPECIFICATION_READY,NOT_STARTED,NOT_READY,RESEARCH_COMPLETE,AUDITED,10
F348,Support / Customer Service,Priority,SPECIFICATION_READY,NOT_STARTED,NOT_READY,RESEARCH_COMPLETE,AUDITED,10
F349,Support / Customer Service,Status,SPECIFICATION_READY,NOT_STARTED,NOT_READY,RESEARCH_COMPLETE,AUDITED,10
F350,Support / Customer Service,Queues,SPECIFICATION_READY,NOT_STARTED,NOT_READY,RESEARCH_COMPLETE,AUDITED,10
F351,Support / Customer Service,Agent assignment,SPECIFICATION_READY,NOT_STARTED,NOT_READY,RESEARCH_COMPLETE,AUDITED,10
F352,Support / Customer Service,Automatic routing,SPECIFICATION_READY,NOT_STARTED,NOT_READY,RESEARCH_COMPLETE,AUDITED,10
F353,Support / Customer Service,Email-to-ticket,SPECIFICATION_READY,NOT_STARTED,NOT_READY,RESEARCH_COMPLETE,AUDITED,10
F354,Support / Customer Service,Web ticket creation,SPECIFICATION_READY,NOT_STARTED,NOT_READY,RESEARCH_COMPLETE,AUDITED,10
F355,Support / Customer Service,Manual ticket creation,SPECIFICATION_READY,NOT_STARTED,NOT_READY,RESEARCH_COMPLETE,AUDITED,10
F356,Support / Customer Service,Customer replies,SPECIFICATION_READY,NOT_STARTED,NOT_READY,RESEARCH_COMPLETE,AUDITED,10
F357,Support / Customer Service,Internal / private notes,SPECIFICATION_READY,NOT_STARTED,NOT_READY,RESEARCH_COMPLETE,AUDITED,10
F358,Support / Customer Service,Attachments,SPECIFICATION_READY,NOT_STARTED,NOT_READY,RESEARCH_COMPLETE,AUDITED,10
F359,Support / Customer Service,SLA policies,SPECIFICATION_READY,NOT_STARTED,NOT_READY,RESEARCH_COMPLETE,AUDITED,10
F360,Support / Customer Service,First-response SLA,SPECIFICATION_READY,NOT_STARTED,NOT_READY,RESEARCH_COMPLETE,AUDITED,10
F361,Support / Customer Service,Resolution SLA,SPECIFICATION_READY,NOT_STARTED,NOT_READY,RESEARCH_COMPLETE,AUDITED,10
F362,Support / Customer Service,SLA breach handling,SPECIFICATION_READY,NOT_STARTED,NOT_READY,RESEARCH_COMPLETE,AUDITED,10
F363,Support / Customer Service,Escalations,SPECIFICATION_READY,NOT_STARTED,NOT_READY,RESEARCH_COMPLETE,AUDITED,10
F364,Support / Customer Service,Reassignment,SPECIFICATION_READY,NOT_STARTED,NOT_READY,RESEARCH_COMPLETE,AUDITED,10
F365,Support / Customer Service,Ticket history,SPECIFICATION_READY,NOT_STARTED,NOT_READY,RESEARCH_COMPLETE,AUDITED,10
F366,Support / Customer Service,Reopen ticket,SPECIFICATION_READY,NOT_STARTED,NOT_READY,RESEARCH_COMPLETE,AUDITED,10
F367,Support / Customer Service,Merge duplicate tickets,SPECIFICATION_READY,NOT_STARTED,NOT_READY,RESEARCH_COMPLETE,AUDITED,10
F368,Support / Customer Service,Tags,SPECIFICATION_READY,NOT_STARTED,NOT_READY,RESEARCH_COMPLETE,AUDITED,10
F369,Support / Customer Service,Knowledge base,SPECIFICATION_READY,NOT_STARTED,NOT_READY,RESEARCH_COMPLETE,AUDITED,10
F370,Support / Customer Service,Canned responses,SPECIFICATION_READY,NOT_STARTED,NOT_READY,RESEARCH_COMPLETE,AUDITED,10
F371,Support / Customer Service,Customer portal,SPECIFICATION_READY,NOT_STARTED,NOT_READY,RESEARCH_COMPLETE,AUDITED,10
F372,Support / Customer Service,Customer order history,SPECIFICATION_READY,NOT_STARTED,NOT_READY,RESEARCH_COMPLETE,AUDITED,10
F373,Support / Customer Service,Product linkage,SPECIFICATION_READY,NOT_STARTED,NOT_READY,RESEARCH_COMPLETE,AUDITED,10
F374,Support / Customer Service,Asset linkage,SPECIFICATION_READY,NOT_STARTED,NOT_READY,RESEARCH_COMPLETE,AUDITED,10
F375,Support / Customer Service,Warranty and service entitlement,SPECIFICATION_READY,NOT_STARTED,NOT_READY,RESEARCH_COMPLETE,AUDITED,10
F376,Support / Customer Service,CSAT / customer rating,SPECIFICATION_READY,NOT_STARTED,NOT_READY,RESEARCH_COMPLETE,AUDITED,10
F377,Support / Customer Service,Agent performance,SPECIFICATION_READY,NOT_STARTED,NOT_READY,RESEARCH_COMPLETE,AUDITED,10
F378,Support / Customer Service,SLA reporting,SPECIFICATION_READY,NOT_STARTED,NOT_READY,RESEARCH_COMPLETE,AUDITED,10
F379,Support / Customer Service,Ticket dashboards,SPECIFICATION_READY,NOT_STARTED,NOT_READY,RESEARCH_COMPLETE,AUDITED,10
F380,Support / Customer Service,Complete audit trail,SPECIFICATION_READY,NOT_STARTED,NOT_READY,RESEARCH_COMPLETE,AUDITED,10
F381,HR & Payroll,Employee master,SPECIFICATION_READY,NOT_STARTED,NOT_READY,RESEARCH_COMPLETE,AUDITED,11
F382,HR & Payroll,Employee number,SPECIFICATION_READY,NOT_STARTED,NOT_READY,RESEARCH_COMPLETE,AUDITED,11
F383,HR & Payroll,Departments,SPECIFICATION_READY,NOT_STARTED,NOT_READY,RESEARCH_COMPLETE,AUDITED,11
F384,HR & Payroll,Designations,SPECIFICATION_READY,NOT_STARTED,NOT_READY,RESEARCH_COMPLETE,AUDITED,11
F385,HR & Payroll,Reporting manager,SPECIFICATION_READY,NOT_STARTED,NOT_READY,RESEARCH_COMPLETE,AUDITED,11
F386,HR & Payroll,Branch and location,SPECIFICATION_READY,NOT_STARTED,NOT_READY,RESEARCH_COMPLETE,AUDITED,11
F387,HR & Payroll,Employment type,SPECIFICATION_READY,NOT_STARTED,NOT_READY,RESEARCH_COMPLETE,AUDITED,11
F388,HR & Payroll,Employee documents,SPECIFICATION_READY,NOT_STARTED,NOT_READY,RESEARCH_COMPLETE,AUDITED,11
F389,HR & Payroll,Joining,SPECIFICATION_READY,NOT_STARTED,NOT_READY,RESEARCH_COMPLETE,AUDITED,11
F390,HR & Payroll,Probation,SPECIFICATION_READY,NOT_STARTED,NOT_READY,RESEARCH_COMPLETE,AUDITED,11
F391,HR & Payroll,Confirmation,SPECIFICATION_READY,NOT_STARTED,NOT_READY,RESEARCH_COMPLETE,AUDITED,11
F392,HR & Payroll,Transfers,SPECIFICATION_READY,NOT_STARTED,NOT_READY,RESEARCH_COMPLETE,AUDITED,11
F393,HR & Payroll,Promotions,SPECIFICATION_READY,NOT_STARTED,NOT_READY,RESEARCH_COMPLETE,AUDITED,11
F394,HR & Payroll,Separation,SPECIFICATION_READY,NOT_STARTED,NOT_READY,RESEARCH_COMPLETE,AUDITED,11
F395,HR & Payroll,Offboarding,SPECIFICATION_READY,NOT_STARTED,NOT_READY,RESEARCH_COMPLETE,AUDITED,11
F396,HR & Payroll,Employee self-service,SPECIFICATION_READY,NOT_STARTED,NOT_READY,RESEARCH_COMPLETE,AUDITED,11
F397,HR & Payroll,Job openings,SPECIFICATION_READY,NOT_STARTED,NOT_READY,RESEARCH_COMPLETE,AUDITED,11
F398,HR & Payroll,Candidates,SPECIFICATION_READY,NOT_STARTED,NOT_READY,RESEARCH_COMPLETE,AUDITED,11
F399,HR & Payroll,Recruitment pipeline,SPECIFICATION_READY,NOT_STARTED,NOT_READY,RESEARCH_COMPLETE,AUDITED,11
F400,HR & Payroll,Interviews,SPECIFICATION_READY,NOT_STARTED,NOT_READY,RESEARCH_COMPLETE,AUDITED,11
F401,HR & Payroll,Offers,SPECIFICATION_READY,NOT_STARTED,NOT_READY,RESEARCH_COMPLETE,AUDITED,11
F402,HR & Payroll,Candidate-to-employee conversion,SPECIFICATION_READY,NOT_STARTED,NOT_READY,RESEARCH_COMPLETE,AUDITED,11
F403,HR & Payroll,Shifts,SPECIFICATION_READY,NOT_STARTED,NOT_READY,RESEARCH_COMPLETE,AUDITED,11
F404,HR & Payroll,Attendance,SPECIFICATION_READY,NOT_STARTED,NOT_READY,RESEARCH_COMPLETE,AUDITED,11
F405,HR & Payroll,Check-in and check-out,SPECIFICATION_READY,NOT_STARTED,NOT_READY,RESEARCH_COMPLETE,AUDITED,11
F406,HR & Payroll,Late arrival,SPECIFICATION_READY,NOT_STARTED,NOT_READY,RESEARCH_COMPLETE,AUDITED,11
F407,HR & Payroll,Early exit,SPECIFICATION_READY,NOT_STARTED,NOT_READY,RESEARCH_COMPLETE,AUDITED,11
F408,HR & Payroll,Overtime,SPECIFICATION_READY,NOT_STARTED,NOT_READY,RESEARCH_COMPLETE,AUDITED,11
F409,HR & Payroll,Attendance regularization,SPECIFICATION_READY,NOT_STARTED,NOT_READY,RESEARCH_COMPLETE,AUDITED,11
F410,HR & Payroll,Leave types,SPECIFICATION_READY,NOT_STARTED,NOT_READY,RESEARCH_COMPLETE,AUDITED,11
F411,HR & Payroll,Leave policies,SPECIFICATION_READY,NOT_STARTED,NOT_READY,RESEARCH_COMPLETE,AUDITED,11
F412,HR & Payroll,Leave balances,SPECIFICATION_READY,NOT_STARTED,NOT_READY,RESEARCH_COMPLETE,AUDITED,11
F413,HR & Payroll,Leave accrual,SPECIFICATION_READY,NOT_STARTED,NOT_READY,RESEARCH_COMPLETE,AUDITED,11
F414,HR & Payroll,Carry-forward,SPECIFICATION_READY,NOT_STARTED,NOT_READY,RESEARCH_COMPLETE,AUDITED,11
F415,HR & Payroll,Holiday calendars,SPECIFICATION_READY,NOT_STARTED,NOT_READY,RESEARCH_COMPLETE,AUDITED,11
F416,HR & Payroll,Leave requests,SPECIFICATION_READY,NOT_STARTED,NOT_READY,RESEARCH_COMPLETE,AUDITED,11
F417,HR & Payroll,Leave approval,SPECIFICATION_READY,NOT_STARTED,NOT_READY,RESEARCH_COMPLETE,AUDITED,11
F418,HR & Payroll,Salary components,SPECIFICATION_READY,NOT_STARTED,NOT_READY,RESEARCH_COMPLETE,AUDITED,11
F419,HR & Payroll,Earnings,SPECIFICATION_READY,NOT_STARTED,NOT_READY,RESEARCH_COMPLETE,AUDITED,11
F420,HR & Payroll,Deductions,SPECIFICATION_READY,NOT_STARTED,NOT_READY,RESEARCH_COMPLETE,AUDITED,11
F421,HR & Payroll,Salary structures,SPECIFICATION_READY,NOT_STARTED,NOT_READY,RESEARCH_COMPLETE,AUDITED,11
F422,HR & Payroll,Employee compensation assignment,SPECIFICATION_READY,NOT_STARTED,NOT_READY,RESEARCH_COMPLETE,AUDITED,11
F423,HR & Payroll,Payroll periods,SPECIFICATION_READY,NOT_STARTED,NOT_READY,RESEARCH_COMPLETE,AUDITED,11
F424,HR & Payroll,Payroll calculation,SPECIFICATION_READY,NOT_STARTED,NOT_READY,RESEARCH_COMPLETE,AUDITED,11
F425,HR & Payroll,Attendance-based payroll,SPECIFICATION_READY,NOT_STARTED,NOT_READY,RESEARCH_COMPLETE,AUDITED,11
F426,HR & Payroll,Joining / separation proration,SPECIFICATION_READY,NOT_STARTED,NOT_READY,RESEARCH_COMPLETE,AUDITED,11
F427,HR & Payroll,Overtime calculation,SPECIFICATION_READY,NOT_STARTED,NOT_READY,RESEARCH_COMPLETE,AUDITED,11
F428,HR & Payroll,Bonus,SPECIFICATION_READY,NOT_STARTED,NOT_READY,RESEARCH_COMPLETE,AUDITED,11
F429,HR & Payroll,Incentives,SPECIFICATION_READY,NOT_STARTED,NOT_READY,RESEARCH_COMPLETE,AUDITED,11
F430,HR & Payroll,Reimbursements,SPECIFICATION_READY,NOT_STARTED,NOT_READY,RESEARCH_COMPLETE,AUDITED,11
F431,HR & Payroll,Loans and salary advances,SPECIFICATION_READY,NOT_STARTED,NOT_READY,RESEARCH_COMPLETE,AUDITED,11
F432,HR & Payroll,Arrears,SPECIFICATION_READY,NOT_STARTED,NOT_READY,RESEARCH_COMPLETE,AUDITED,11
F433,HR & Payroll,Final settlement,SPECIFICATION_READY,NOT_STARTED,NOT_READY,RESEARCH_COMPLETE,AUDITED,11
F434,HR & Payroll,Payroll approval,SPECIFICATION_READY,NOT_STARTED,NOT_READY,RESEARCH_COMPLETE,AUDITED,11
F435,HR & Payroll,Payslips,SPECIFICATION_READY,NOT_STARTED,NOT_READY,RESEARCH_COMPLETE,AUDITED,11
F436,HR & Payroll,Bank-transfer file,SPECIFICATION_READY,NOT_STARTED,NOT_READY,RESEARCH_COMPLETE,AUDITED,11
F437,HR & Payroll,Payroll accounting posting,SPECIFICATION_READY,NOT_STARTED,NOT_READY,RESEARCH_COMPLETE,AUDITED,11
F438,HR & Payroll,Payroll reconciliation,SPECIFICATION_READY,NOT_STARTED,NOT_READY,RESEARCH_COMPLETE,AUDITED,11
F439,HR & Payroll,Provident Fund (PF),SPECIFICATION_READY,NOT_STARTED,NOT_READY,RESEARCH_COMPLETE,AUDITED,11
F440,HR & Payroll,ESIC,SPECIFICATION_READY,NOT_STARTED,NOT_READY,RESEARCH_COMPLETE,AUDITED,11
F441,HR & Payroll,Professional Tax,SPECIFICATION_READY,NOT_STARTED,NOT_READY,RESEARCH_COMPLETE,AUDITED,11
F442,HR & Payroll,TDS,SPECIFICATION_READY,NOT_STARTED,NOT_READY,RESEARCH_COMPLETE,AUDITED,11
F443,HR & Payroll,Labour Welfare Fund where applicable,SPECIFICATION_READY,NOT_STARTED,NOT_READY,RESEARCH_COMPLETE,AUDITED,11
F444,HR & Payroll,Gratuity,SPECIFICATION_READY,NOT_STARTED,NOT_READY,RESEARCH_COMPLETE,AUDITED,11
F445,HR & Payroll,Statutory reports,SPECIFICATION_READY,NOT_STARTED,NOT_READY,RESEARCH_COMPLETE,AUDITED,11
F446,HR & Payroll,State-specific statutory configuration,SPECIFICATION_READY,NOT_STARTED,NOT_READY,RESEARCH_COMPLETE,AUDITED,11
F447,HR & Payroll,Payroll compliance reports,SPECIFICATION_READY,NOT_STARTED,NOT_READY,RESEARCH_COMPLETE,AUDITED,11
F448,HR & Payroll,Goals,SPECIFICATION_READY,NOT_STARTED,NOT_READY,RESEARCH_COMPLETE,AUDITED,11
F449,HR & Payroll,Appraisals,SPECIFICATION_READY,NOT_STARTED,NOT_READY,RESEARCH_COMPLETE,AUDITED,11
F450,HR & Payroll,Performance reviews,SPECIFICATION_READY,NOT_STARTED,NOT_READY,RESEARCH_COMPLETE,AUDITED,11
F451,HR & Payroll,Skills,SPECIFICATION_READY,NOT_STARTED,NOT_READY,RESEARCH_COMPLETE,AUDITED,11
F452,HR & Payroll,Training,SPECIFICATION_READY,NOT_STARTED,NOT_READY,RESEARCH_COMPLETE,AUDITED,11
F453,Accounting / Finance,Chart of Accounts,SPECIFICATION_READY,NOT_STARTED,NOT_READY,RESEARCH_COMPLETE,AUDITED,12
F454,Accounting / Finance,General Ledger,SPECIFICATION_READY,NOT_STARTED,NOT_READY,RESEARCH_COMPLETE,AUDITED,12
F455,Accounting / Finance,Journal entries,SPECIFICATION_READY,NOT_STARTED,NOT_READY,RESEARCH_COMPLETE,AUDITED,12
F456,Accounting / Finance,Double-entry enforcement,SPECIFICATION_READY,NOT_STARTED,NOT_READY,RESEARCH_COMPLETE,AUDITED,12
F457,Accounting / Finance,Fiscal years,SPECIFICATION_READY,NOT_STARTED,NOT_READY,RESEARCH_COMPLETE,AUDITED,12
F458,Accounting / Finance,Accounting periods,SPECIFICATION_READY,NOT_STARTED,NOT_READY,RESEARCH_COMPLETE,AUDITED,12
F459,Accounting / Finance,Period locks,SPECIFICATION_READY,NOT_STARTED,NOT_READY,RESEARCH_COMPLETE,AUDITED,12
F460,Accounting / Finance,Cost centres,SPECIFICATION_READY,NOT_STARTED,NOT_READY,RESEARCH_COMPLETE,AUDITED,12
F461,Accounting / Finance,Departments / financial dimensions,SPECIFICATION_READY,NOT_STARTED,NOT_READY,RESEARCH_COMPLETE,AUDITED,12
F462,Accounting / Finance,Custom accounting dimensions,SPECIFICATION_READY,NOT_STARTED,NOT_READY,RESEARCH_COMPLETE,AUDITED,12
F463,Accounting / Finance,Customer invoices,SPECIFICATION_READY,NOT_STARTED,NOT_READY,RESEARCH_COMPLETE,AUDITED,12
F464,Accounting / Finance,Credit notes,SPECIFICATION_READY,NOT_STARTED,NOT_READY,RESEARCH_COMPLETE,AUDITED,12
F465,Accounting / Finance,Customer receipts,SPECIFICATION_READY,NOT_STARTED,NOT_READY,RESEARCH_COMPLETE,AUDITED,12
F466,Accounting / Finance,Payment allocation,SPECIFICATION_READY,NOT_STARTED,NOT_READY,RESEARCH_COMPLETE,AUDITED,12
F467,Accounting / Finance,Outstanding balances,SPECIFICATION_READY,NOT_STARTED,NOT_READY,RESEARCH_COMPLETE,AUDITED,12
F468,Accounting / Finance,AR aging,SPECIFICATION_READY,NOT_STARTED,NOT_READY,RESEARCH_COMPLETE,AUDITED,12
F469,Accounting / Finance,Customer statements,SPECIFICATION_READY,NOT_STARTED,NOT_READY,RESEARCH_COMPLETE,AUDITED,12
F470,Accounting / Finance,Credit control,SPECIFICATION_READY,NOT_STARTED,NOT_READY,RESEARCH_COMPLETE,AUDITED,12
F471,Accounting / Finance,Supplier invoices,SPECIFICATION_READY,NOT_STARTED,NOT_READY,RESEARCH_COMPLETE,AUDITED,12
F472,Accounting / Finance,Debit notes,SPECIFICATION_READY,NOT_STARTED,NOT_READY,RESEARCH_COMPLETE,AUDITED,12
F473,Accounting / Finance,Supplier payments,SPECIFICATION_READY,NOT_STARTED,NOT_READY,RESEARCH_COMPLETE,AUDITED,12
F474,Accounting / Finance,Supplier payment allocation,SPECIFICATION_READY,NOT_STARTED,NOT_READY,RESEARCH_COMPLETE,AUDITED,12
F475,Accounting / Finance,AP aging,SPECIFICATION_READY,NOT_STARTED,NOT_READY,RESEARCH_COMPLETE,AUDITED,12
F476,Accounting / Finance,Bank accounts,SPECIFICATION_READY,NOT_STARTED,NOT_READY,RESEARCH_COMPLETE,AUDITED,12
F477,Accounting / Finance,Cash accounts,SPECIFICATION_READY,NOT_STARTED,NOT_READY,RESEARCH_COMPLETE,AUDITED,12
F478,Accounting / Finance,Bank transactions,SPECIFICATION_READY,NOT_STARTED,NOT_READY,RESEARCH_COMPLETE,AUDITED,12
F479,Accounting / Finance,Bank reconciliation,SPECIFICATION_READY,NOT_STARTED,NOT_READY,RESEARCH_COMPLETE,AUDITED,12
F480,Accounting / Finance,Payment reconciliation,SPECIFICATION_READY,NOT_STARTED,NOT_READY,RESEARCH_COMPLETE,AUDITED,12
F481,Accounting / Finance,Tax codes,SPECIFICATION_READY,NOT_STARTED,NOT_READY,RESEARCH_COMPLETE,AUDITED,12
F482,Accounting / Finance,Tax calculation,SPECIFICATION_READY,NOT_STARTED,NOT_READY,RESEARCH_COMPLETE,AUDITED,12
F483,Accounting / Finance,GST,SPECIFICATION_READY,NOT_STARTED,NOT_READY,RESEARCH_COMPLETE,AUDITED,12
F484,Accounting / Finance,CGST / SGST / IGST,SPECIFICATION_READY,NOT_STARTED,NOT_READY,RESEARCH_COMPLETE,AUDITED,12
F485,Accounting / Finance,TDS,SPECIFICATION_READY,NOT_STARTED,NOT_READY,RESEARCH_COMPLETE,AUDITED,12
F486,Accounting / Finance,TCS,SPECIFICATION_READY,NOT_STARTED,NOT_READY,RESEARCH_COMPLETE,AUDITED,12
F487,Accounting / Finance,Tax reports,SPECIFICATION_READY,NOT_STARTED,NOT_READY,RESEARCH_COMPLETE,AUDITED,12
F488,Accounting / Finance,Budgets,SPECIFICATION_READY,NOT_STARTED,NOT_READY,RESEARCH_COMPLETE,AUDITED,12
F489,Accounting / Finance,Budget vs actual,SPECIFICATION_READY,NOT_STARTED,NOT_READY,RESEARCH_COMPLETE,AUDITED,12
F490,Accounting / Finance,Recurring journals,SPECIFICATION_READY,NOT_STARTED,NOT_READY,RESEARCH_COMPLETE,AUDITED,12
F491,Accounting / Finance,Accruals,SPECIFICATION_READY,NOT_STARTED,NOT_READY,RESEARCH_COMPLETE,AUDITED,12
F492,Accounting / Finance,Deferrals and prepayments,SPECIFICATION_READY,NOT_STARTED,NOT_READY,RESEARCH_COMPLETE,AUDITED,12
F493,Accounting / Finance,Revenue recognition,SPECIFICATION_READY,NOT_STARTED,NOT_READY,RESEARCH_COMPLETE,AUDITED,12
F494,Accounting / Finance,Multi-currency,SPECIFICATION_READY,NOT_STARTED,NOT_READY,RESEARCH_COMPLETE,AUDITED,12
F495,Accounting / Finance,Exchange rates,SPECIFICATION_READY,NOT_STARTED,NOT_READY,RESEARCH_COMPLETE,AUDITED,12
F496,Accounting / Finance,FX gains and losses,SPECIFICATION_READY,NOT_STARTED,NOT_READY,RESEARCH_COMPLETE,AUDITED,12
F497,Accounting / Finance,Intercompany,SPECIFICATION_READY,NOT_STARTED,NOT_READY,RESEARCH_COMPLETE,AUDITED,12
F498,Accounting / Finance,Multi-company,SPECIFICATION_READY,NOT_STARTED,NOT_READY,RESEARCH_COMPLETE,AUDITED,12
F499,Accounting / Finance,Consolidation,SPECIFICATION_READY,NOT_STARTED,NOT_READY,RESEARCH_COMPLETE,AUDITED,12
F500,Accounting / Finance,Financial close,SPECIFICATION_READY,NOT_STARTED,NOT_READY,RESEARCH_COMPLETE,AUDITED,12
F501,Accounting / Finance,Trial balance,SPECIFICATION_READY,NOT_STARTED,NOT_READY,RESEARCH_COMPLETE,AUDITED,12
F502,Accounting / Finance,Profit & Loss,SPECIFICATION_READY,NOT_STARTED,NOT_READY,RESEARCH_COMPLETE,AUDITED,12
F503,Accounting / Finance,Balance Sheet,SPECIFICATION_READY,NOT_STARTED,NOT_READY,RESEARCH_COMPLETE,AUDITED,12
F504,Accounting / Finance,Cash Flow Statement,SPECIFICATION_READY,NOT_STARTED,NOT_READY,RESEARCH_COMPLETE,AUDITED,12
F505,Accounting / Finance,General Ledger report,SPECIFICATION_READY,NOT_STARTED,NOT_READY,RESEARCH_COMPLETE,AUDITED,12
F506,Accounting / Finance,AR aging report,SPECIFICATION_READY,NOT_STARTED,NOT_READY,RESEARCH_COMPLETE,AUDITED,12
F507,Accounting / Finance,AP aging report,SPECIFICATION_READY,NOT_STARTED,NOT_READY,RESEARCH_COMPLETE,AUDITED,12
F508,Accounting / Finance,Cost-centre / dimension reports,SPECIFICATION_READY,NOT_STARTED,NOT_READY,RESEARCH_COMPLETE,AUDITED,12
F509,Accounting / Finance,Financial dashboards,SPECIFICATION_READY,NOT_STARTED,NOT_READY,RESEARCH_COMPLETE,AUDITED,12
F510,Accounting / Finance,Audit trail,SPECIFICATION_READY,NOT_STARTED,NOT_READY,RESEARCH_COMPLETE,AUDITED,12
