feature_id,feature_name,module,web_classification,mobile_classification,offline_classification,desktop_authority,accessibility,status
F001,Leads,CRM,FULL_RESPONSIVE,FULL,OPT_IN_ONLY_WHERE_DOSSIER_REQUIRES,FULL_OPERATOR_EXPERIENCE,WCAG_2_2_AA_INTENT,FROZEN
F002,Accounts / companies,CRM,FULL_RESPONSIVE,FULL,OPT_IN_ONLY_WHERE_DOSSIER_REQUIRES,FULL_OPERATOR_EXPERIENCE,WCAG_2_2_AA_INTENT,FROZEN
F003,Contacts,CRM,FULL_RESPONSIVE,FULL,OPT_IN_ONLY_WHERE_DOSSIER_REQUIRES,FULL_OPERATOR_EXPERIENCE,WCAG_2_2_AA_INTENT,FROZEN
F004,Lead sources,CRM,FULL_RESPONSIVE,FULL,OPT_IN_ONLY_WHERE_DOSSIER_REQUIRES,FULL_OPERATOR_EXPERIENCE,WCAG_2_2_AA_INTENT,FROZEN
F005,Lead assignment,CRM,FULL_RESPONSIVE,FULL,OPT_IN_ONLY_WHERE_DOSSIER_REQUIRES,FULL_OPERATOR_EXPERIENCE,WCAG_2_2_AA_INTENT,FROZEN
F006,Lead qualification,CRM,FULL_RESPONSIVE,FULL,OPT_IN_ONLY_WHERE_DOSSIER_REQUIRES,FULL_OPERATOR_EXPERIENCE,WCAG_2_2_AA_INTENT,FROZEN
F007,Lead stages and statuses,CRM,FULL_RESPONSIVE,FULL,OPT_IN_ONLY_WHERE_DOSSIER_REQUIRES,FULL_OPERATOR_EXPERIENCE,WCAG_2_2_AA_INTENT,FROZEN
F008,Duplicate detection,CRM,FULL_RESPONSIVE,FULL,OPT_IN_ONLY_WHERE_DOSSIER_REQUIRES,FULL_OPERATOR_EXPERIENCE,WCAG_2_2_AA_INTENT,FROZEN
F009,Opportunities,CRM,FULL_RESPONSIVE,FULL,OPT_IN_ONLY_WHERE_DOSSIER_REQUIRES,FULL_OPERATOR_EXPERIENCE,WCAG_2_2_AA_INTENT,FROZEN
F010,Opportunity pipeline,CRM,FULL_RESPONSIVE,FULL,OPT_IN_ONLY_WHERE_DOSSIER_REQUIRES,FULL_OPERATOR_EXPERIENCE,WCAG_2_2_AA_INTENT,FROZEN
F011,Probability and expected revenue,CRM,FULL_RESPONSIVE,FULL,OPT_IN_ONLY_WHERE_DOSSIER_REQUIRES,FULL_OPERATOR_EXPERIENCE,WCAG_2_2_AA_INTENT,FROZEN
F012,Sales stages,CRM,FULL_RESPONSIVE,FULL,OPT_IN_ONLY_WHERE_DOSSIER_REQUIRES,FULL_OPERATOR_EXPERIENCE,WCAG_2_2_AA_INTENT,FROZEN
F013,Calls,CRM,FULL_RESPONSIVE,FIELD_OPTIMIZED,OPT_IN_ONLY_WHERE_DOSSIER_REQUIRES,FULL_OPERATOR_EXPERIENCE,WCAG_2_2_AA_INTENT,FROZEN
F014,Meetings,CRM,FULL_RESPONSIVE,FIELD_OPTIMIZED,OPT_IN_ONLY_WHERE_DOSSIER_REQUIRES,FULL_OPERATOR_EXPERIENCE,WCAG_2_2_AA_INTENT,FROZEN
F015,Tasks,CRM,FULL_RESPONSIVE,FIELD_OPTIMIZED,OPT_IN_ONLY_WHERE_DOSSIER_REQUIRES,FULL_OPERATOR_EXPERIENCE,WCAG_2_2_AA_INTENT,FROZEN
F016,Follow-ups and reminders,CRM,FULL_RESPONSIVE,FIELD_OPTIMIZED,OPT_IN_ONLY_WHERE_DOSSIER_REQUIRES,FULL_OPERATOR_EXPERIENCE,WCAG_2_2_AA_INTENT,FROZEN
F017,Notes and attachments,CRM,FULL_RESPONSIVE,FULL,OPT_IN_ONLY_WHERE_DOSSIER_REQUIRES,FULL_OPERATOR_EXPERIENCE,WCAG_2_2_AA_INTENT,FROZEN
F018,Email history,CRM,FULL_RESPONSIVE,FULL,OPT_IN_ONLY_WHERE_DOSSIER_REQUIRES,FULL_OPERATOR_EXPERIENCE,WCAG_2_2_AA_INTENT,FROZEN
F019,Activity timeline,CRM,FULL_RESPONSIVE,FULL,OPT_IN_ONLY_WHERE_DOSSIER_REQUIRES,FULL_OPERATOR_EXPERIENCE,WCAG_2_2_AA_INTENT,FROZEN
F020,Territories and sales teams,CRM,FULL_RESPONSIVE,FULL,OPT_IN_ONLY_WHERE_DOSSIER_REQUIRES,FULL_OPERATOR_EXPERIENCE,WCAG_2_2_AA_INTENT,FROZEN
F021,Lead import and export,CRM,FULL_RESPONSIVE,FULL,OPT_IN_ONLY_WHERE_DOSSIER_REQUIRES,FULL_OPERATOR_EXPERIENCE,WCAG_2_2_AA_INTENT,FROZEN
F022,Lead-to-opportunity conversion,CRM,FULL_RESPONSIVE,FULL,OPT_IN_ONLY_WHERE_DOSSIER_REQUIRES,FULL_OPERATOR_EXPERIENCE,WCAG_2_2_AA_INTENT,FROZEN
F023,Opportunity-to-quotation conversion,CRM,FULL_RESPONSIVE,FULL,OPT_IN_ONLY_WHERE_DOSSIER_REQUIRES,FULL_OPERATOR_EXPERIENCE,WCAG_2_2_AA_INTENT,FROZEN
F024,Pipeline dashboard,CRM,FULL_RESPONSIVE,READ_ONLY,OPT_IN_ONLY_WHERE_DOSSIER_REQUIRES,FULL_OPERATOR_EXPERIENCE,WCAG_2_2_AA_INTENT,FROZEN
F025,Sales forecast,CRM,FULL_RESPONSIVE,READ_ONLY,OPT_IN_ONLY_WHERE_DOSSIER_REQUIRES,FULL_OPERATOR_EXPERIENCE,WCAG_2_2_AA_INTENT,FROZEN
F026,Won / lost reasons,CRM,FULL_RESPONSIVE,FULL,OPT_IN_ONLY_WHERE_DOSSIER_REQUIRES,FULL_OPERATOR_EXPERIENCE,WCAG_2_2_AA_INTENT,FROZEN
F027,Basic lead scoring,CRM,FULL_RESPONSIVE,FULL,OPT_IN_ONLY_WHERE_DOSSIER_REQUIRES,FULL_OPERATOR_EXPERIENCE,WCAG_2_2_AA_INTENT,FROZEN
F028,Custom fields and tags,CRM,FULL_RESPONSIVE,FULL,OPT_IN_ONLY_WHERE_DOSSIER_REQUIRES,FULL_OPERATOR_EXPERIENCE,WCAG_2_2_AA_INTENT,FROZEN
F029,Bulk actions,CRM,FULL_RESPONSIVE,FULL,OPT_IN_ONLY_WHERE_DOSSIER_REQUIRES,FULL_OPERATOR_EXPERIENCE,WCAG_2_2_AA_INTENT,FROZEN
F030,CRM reports,CRM,FULL_RESPONSIVE,READ_ONLY,OPT_IN_ONLY_WHERE_DOSSIER_REQUIRES,FULL_OPERATOR_EXPERIENCE,WCAG_2_2_AA_INTENT,FROZEN
F031,Customer master,Sales,FULL_RESPONSIVE,READ_ONLY,OPT_IN_ONLY_WHERE_DOSSIER_REQUIRES,FULL_OPERATOR_EXPERIENCE,WCAG_2_2_AA_INTENT,FROZEN
F032,Customer addresses and contacts,Sales,FULL_RESPONSIVE,READ_ONLY,OPT_IN_ONLY_WHERE_DOSSIER_REQUIRES,FULL_OPERATOR_EXPERIENCE,WCAG_2_2_AA_INTENT,FROZEN
F033,Products and services,Sales,FULL_RESPONSIVE,READ_ONLY,OPT_IN_ONLY_WHERE_DOSSIER_REQUIRES,FULL_OPERATOR_EXPERIENCE,WCAG_2_2_AA_INTENT,FROZEN
F034,Price lists,Sales,FULL_RESPONSIVE,READ_ONLY,OPT_IN_ONLY_WHERE_DOSSIER_REQUIRES,FULL_OPERATOR_EXPERIENCE,WCAG_2_2_AA_INTENT,FROZEN
F035,Customer-specific prices,Sales,FULL_RESPONSIVE,READ_ONLY,OPT_IN_ONLY_WHERE_DOSSIER_REQUIRES,FULL_OPERATOR_EXPERIENCE,WCAG_2_2_AA_INTENT,FROZEN
F036,Quotations,Sales,FULL_RESPONSIVE,READ_ONLY,OPT_IN_ONLY_WHERE_DOSSIER_REQUIRES,FULL_OPERATOR_EXPERIENCE,WCAG_2_2_AA_INTENT,FROZEN
F037,Quotation versions and revisions,Sales,FULL_RESPONSIVE,READ_ONLY,OPT_IN_ONLY_WHERE_DOSSIER_REQUIRES,FULL_OPERATOR_EXPERIENCE,WCAG_2_2_AA_INTENT,FROZEN
F038,Quotation expiry,Sales,FULL_RESPONSIVE,READ_ONLY,OPT_IN_ONLY_WHERE_DOSSIER_REQUIRES,FULL_OPERATOR_EXPERIENCE,WCAG_2_2_AA_INTENT,FROZEN
F039,Discounts,Sales,FULL_RESPONSIVE,READ_ONLY,OPT_IN_ONLY_WHERE_DOSSIER_REQUIRES,FULL_OPERATOR_EXPERIENCE,WCAG_2_2_AA_INTENT,FROZEN
F040,Taxes,Sales,FULL_RESPONSIVE,READ_ONLY,OPT_IN_ONLY_WHERE_DOSSIER_REQUIRES,FULL_OPERATOR_EXPERIENCE,WCAG_2_2_AA_INTENT,FROZEN
F041,Approval workflow,Sales,FULL_RESPONSIVE,APPROVAL_ONLY,OPT_IN_ONLY_WHERE_DOSSIER_REQUIRES,FULL_OPERATOR_EXPERIENCE,WCAG_2_2_AA_INTENT,FROZEN
F042,Sales orders,Sales,FULL_RESPONSIVE,READ_ONLY,OPT_IN_ONLY_WHERE_DOSSIER_REQUIRES,FULL_OPERATOR_EXPERIENCE,WCAG_2_2_AA_INTENT,FROZEN
F043,Order confirmation,Sales,FULL_RESPONSIVE,APPROVAL_ONLY,OPT_IN_ONLY_WHERE_DOSSIER_REQUIRES,FULL_OPERATOR_EXPERIENCE,WCAG_2_2_AA_INTENT,FROZEN
F044,Order amendments,Sales,FULL_RESPONSIVE,READ_ONLY,OPT_IN_ONLY_WHERE_DOSSIER_REQUIRES,FULL_OPERATOR_EXPERIENCE,WCAG_2_2_AA_INTENT,FROZEN
F045,Availability check,Sales,FULL_RESPONSIVE,READ_ONLY,OPT_IN_ONLY_WHERE_DOSSIER_REQUIRES,FULL_OPERATOR_EXPERIENCE,WCAG_2_2_AA_INTENT,FROZEN
F046,Stock reservation,Sales,FULL_RESPONSIVE,READ_ONLY,OPT_IN_ONLY_WHERE_DOSSIER_REQUIRES,FULL_OPERATOR_EXPERIENCE,WCAG_2_2_AA_INTENT,FROZEN
F047,Partial fulfilment,Sales,FULL_RESPONSIVE,READ_ONLY,OPT_IN_ONLY_WHERE_DOSSIER_REQUIRES,FULL_OPERATOR_EXPERIENCE,WCAG_2_2_AA_INTENT,FROZEN
F048,Backorders,Sales,FULL_RESPONSIVE,READ_ONLY,OPT_IN_ONLY_WHERE_DOSSIER_REQUIRES,FULL_OPERATOR_EXPERIENCE,WCAG_2_2_AA_INTENT,FROZEN
F049,Delivery and shipment,Sales,FULL_RESPONSIVE,READ_ONLY,OPT_IN_ONLY_WHERE_DOSSIER_REQUIRES,FULL_OPERATOR_EXPERIENCE,WCAG_2_2_AA_INTENT,FROZEN
F050,Sales invoices,Sales,FULL_RESPONSIVE,READ_ONLY,OPT_IN_ONLY_WHERE_DOSSIER_REQUIRES,FULL_OPERATOR_EXPERIENCE,WCAG_2_2_AA_INTENT,FROZEN
F051,Partial invoicing,Sales,FULL_RESPONSIVE,READ_ONLY,OPT_IN_ONLY_WHERE_DOSSIER_REQUIRES,FULL_OPERATOR_EXPERIENCE,WCAG_2_2_AA_INTENT,FROZEN
F052,Advance payments,Sales,FULL_RESPONSIVE,READ_ONLY,OPT_IN_ONLY_WHERE_DOSSIER_REQUIRES,FULL_OPERATOR_EXPERIENCE,WCAG_2_2_AA_INTENT,FROZEN
F053,Credit limits,Sales,FULL_RESPONSIVE,READ_ONLY,OPT_IN_ONLY_WHERE_DOSSIER_REQUIRES,FULL_OPERATOR_EXPERIENCE,WCAG_2_2_AA_INTENT,FROZEN
F054,Customer returns,Sales,FULL_RESPONSIVE,READ_ONLY,OPT_IN_ONLY_WHERE_DOSSIER_REQUIRES,FULL_OPERATOR_EXPERIENCE,WCAG_2_2_AA_INTENT,FROZEN
F055,Credit notes and refunds,Sales,FULL_RESPONSIVE,READ_ONLY,OPT_IN_ONLY_WHERE_DOSSIER_REQUIRES,FULL_OPERATOR_EXPERIENCE,WCAG_2_2_AA_INTENT,FROZEN
F056,Drop shipping,Sales,FULL_RESPONSIVE,FIELD_OPTIMIZED,OPT_IN_ONLY_WHERE_DOSSIER_REQUIRES,FULL_OPERATOR_EXPERIENCE,WCAG_2_2_AA_INTENT,FROZEN
F057,Sales commissions,Sales,FULL_RESPONSIVE,READ_ONLY,OPT_IN_ONLY_WHERE_DOSSIER_REQUIRES,FULL_OPERATOR_EXPERIENCE,WCAG_2_2_AA_INTENT,FROZEN
F058,Payment terms,Sales,FULL_RESPONSIVE,READ_ONLY,OPT_IN_ONLY_WHERE_DOSSIER_REQUIRES,FULL_OPERATOR_EXPERIENCE,WCAG_2_2_AA_INTENT,FROZEN
F059,Order status tracking,Sales,FULL_RESPONSIVE,READ_ONLY,OPT_IN_ONLY_WHERE_DOSSIER_REQUIRES,FULL_OPERATOR_EXPERIENCE,WCAG_2_2_AA_INTENT,FROZEN
F060,Sales analytics,Sales,FULL_RESPONSIVE,READ_ONLY,OPT_IN_ONLY_WHERE_DOSSIER_REQUIRES,FULL_OPERATOR_EXPERIENCE,WCAG_2_2_AA_INTENT,FROZEN
F061,Margin and profitability,Sales,FULL_RESPONSIVE,READ_ONLY,OPT_IN_ONLY_WHERE_DOSSIER_REQUIRES,FULL_OPERATOR_EXPERIENCE,WCAG_2_2_AA_INTENT,FROZEN
F062,Order-to-cash reporting,Sales,FULL_RESPONSIVE,READ_ONLY,OPT_IN_ONLY_WHERE_DOSSIER_REQUIRES,FULL_OPERATOR_EXPERIENCE,WCAG_2_2_AA_INTENT,FROZEN
F063,Supplier master,Procurement,FULL_RESPONSIVE,READ_ONLY,OPT_IN_ONLY_WHERE_DOSSIER_REQUIRES,FULL_OPERATOR_EXPERIENCE,WCAG_2_2_AA_INTENT,FROZEN
F064,Supplier contacts and addresses,Procurement,FULL_RESPONSIVE,READ_ONLY,OPT_IN_ONLY_WHERE_DOSSIER_REQUIRES,FULL_OPERATOR_EXPERIENCE,WCAG_2_2_AA_INTENT,FROZEN
F065,Supplier onboarding,Procurement,FULL_RESPONSIVE,READ_ONLY,OPT_IN_ONLY_WHERE_DOSSIER_REQUIRES,FULL_OPERATOR_EXPERIENCE,WCAG_2_2_AA_INTENT,FROZEN
F066,Supplier categories,Procurement,FULL_RESPONSIVE,READ_ONLY,OPT_IN_ONLY_WHERE_DOSSIER_REQUIRES,FULL_OPERATOR_EXPERIENCE,WCAG_2_2_AA_INTENT,FROZEN
F067,Purchase requisitions,Procurement,FULL_RESPONSIVE,READ_ONLY,OPT_IN_ONLY_WHERE_DOSSIER_REQUIRES,FULL_OPERATOR_EXPERIENCE,WCAG_2_2_AA_INTENT,FROZEN
F068,Requisition approvals,Procurement,FULL_RESPONSIVE,APPROVAL_ONLY,OPT_IN_ONLY_WHERE_DOSSIER_REQUIRES,FULL_OPERATOR_EXPERIENCE,WCAG_2_2_AA_INTENT,FROZEN
F069,RFQ creation,Procurement,FULL_RESPONSIVE,READ_ONLY,OPT_IN_ONLY_WHERE_DOSSIER_REQUIRES,FULL_OPERATOR_EXPERIENCE,WCAG_2_2_AA_INTENT,FROZEN
F070,RFQ to multiple vendors,Procurement,FULL_RESPONSIVE,READ_ONLY,OPT_IN_ONLY_WHERE_DOSSIER_REQUIRES,FULL_OPERATOR_EXPERIENCE,WCAG_2_2_AA_INTENT,FROZEN
F071,Supplier quotations,Procurement,FULL_RESPONSIVE,READ_ONLY,OPT_IN_ONLY_WHERE_DOSSIER_REQUIRES,FULL_OPERATOR_EXPERIENCE,WCAG_2_2_AA_INTENT,FROZEN
F072,Bid comparison,Procurement,FULL_RESPONSIVE,READ_ONLY,OPT_IN_ONLY_WHERE_DOSSIER_REQUIRES,FULL_OPERATOR_EXPERIENCE,WCAG_2_2_AA_INTENT,FROZEN
F073,Supplier selection,Procurement,FULL_RESPONSIVE,READ_ONLY,OPT_IN_ONLY_WHERE_DOSSIER_REQUIRES,FULL_OPERATOR_EXPERIENCE,WCAG_2_2_AA_INTENT,FROZEN
F074,Purchase orders,Procurement,FULL_RESPONSIVE,READ_ONLY,OPT_IN_ONLY_WHERE_DOSSIER_REQUIRES,FULL_OPERATOR_EXPERIENCE,WCAG_2_2_AA_INTENT,FROZEN
F075,PO approvals,Procurement,FULL_RESPONSIVE,APPROVAL_ONLY,OPT_IN_ONLY_WHERE_DOSSIER_REQUIRES,FULL_OPERATOR_EXPERIENCE,WCAG_2_2_AA_INTENT,FROZEN
F076,PO amendments,Procurement,FULL_RESPONSIVE,READ_ONLY,OPT_IN_ONLY_WHERE_DOSSIER_REQUIRES,FULL_OPERATOR_EXPERIENCE,WCAG_2_2_AA_INTENT,FROZEN
F077,Blanket purchase orders,Procurement,FULL_RESPONSIVE,READ_ONLY,OPT_IN_ONLY_WHERE_DOSSIER_REQUIRES,FULL_OPERATOR_EXPERIENCE,WCAG_2_2_AA_INTENT,FROZEN
F078,Purchase agreements and contracts,Procurement,FULL_RESPONSIVE,READ_ONLY,OPT_IN_ONLY_WHERE_DOSSIER_REQUIRES,FULL_OPERATOR_EXPERIENCE,WCAG_2_2_AA_INTENT,FROZEN
F079,Supplier price lists,Procurement,FULL_RESPONSIVE,READ_ONLY,OPT_IN_ONLY_WHERE_DOSSIER_REQUIRES,FULL_OPERATOR_EXPERIENCE,WCAG_2_2_AA_INTENT,FROZEN
F080,Goods receipt / GRN,Procurement,FULL_RESPONSIVE,FIELD_OPTIMIZED,OPT_IN_ONLY_WHERE_DOSSIER_REQUIRES,FULL_OPERATOR_EXPERIENCE,WCAG_2_2_AA_INTENT,FROZEN
F081,Partial receipts,Procurement,FULL_RESPONSIVE,FIELD_OPTIMIZED,OPT_IN_ONLY_WHERE_DOSSIER_REQUIRES,FULL_OPERATOR_EXPERIENCE,WCAG_2_2_AA_INTENT,FROZEN
F082,Rejected receipts,Procurement,FULL_RESPONSIVE,FIELD_OPTIMIZED,OPT_IN_ONLY_WHERE_DOSSIER_REQUIRES,FULL_OPERATOR_EXPERIENCE,WCAG_2_2_AA_INTENT,FROZEN
F083,Purchase returns,Procurement,FULL_RESPONSIVE,READ_ONLY,OPT_IN_ONLY_WHERE_DOSSIER_REQUIRES,FULL_OPERATOR_EXPERIENCE,WCAG_2_2_AA_INTENT,FROZEN
F084,Supplier invoices,Procurement,FULL_RESPONSIVE,READ_ONLY,OPT_IN_ONLY_WHERE_DOSSIER_REQUIRES,FULL_OPERATOR_EXPERIENCE,WCAG_2_2_AA_INTENT,FROZEN
F085,2-way matching,Procurement,FULL_RESPONSIVE,READ_ONLY,OPT_IN_ONLY_WHERE_DOSSIER_REQUIRES,FULL_OPERATOR_EXPERIENCE,WCAG_2_2_AA_INTENT,FROZEN
F086,3-way matching: PO – GRN – Invoice,Procurement,FULL_RESPONSIVE,READ_ONLY,OPT_IN_ONLY_WHERE_DOSSIER_REQUIRES,FULL_OPERATOR_EXPERIENCE,WCAG_2_2_AA_INTENT,FROZEN
F087,Landed costs,Procurement,FULL_RESPONSIVE,READ_ONLY,OPT_IN_ONLY_WHERE_DOSSIER_REQUIRES,FULL_OPERATOR_EXPERIENCE,WCAG_2_2_AA_INTENT,FROZEN
F088,Payment terms,Procurement,FULL_RESPONSIVE,READ_ONLY,OPT_IN_ONLY_WHERE_DOSSIER_REQUIRES,FULL_OPERATOR_EXPERIENCE,WCAG_2_2_AA_INTENT,FROZEN
F089,Supplier performance,Procurement,FULL_RESPONSIVE,READ_ONLY,OPT_IN_ONLY_WHERE_DOSSIER_REQUIRES,FULL_OPERATOR_EXPERIENCE,WCAG_2_2_AA_INTENT,FROZEN
F090,Supplier rating,Procurement,FULL_RESPONSIVE,READ_ONLY,OPT_IN_ONLY_WHERE_DOSSIER_REQUIRES,FULL_OPERATOR_EXPERIENCE,WCAG_2_2_AA_INTENT,FROZEN
F091,Supplier lead times,Procurement,FULL_RESPONSIVE,READ_ONLY,OPT_IN_ONLY_WHERE_DOSSIER_REQUIRES,FULL_OPERATOR_EXPERIENCE,WCAG_2_2_AA_INTENT,FROZEN
F092,Spend analysis,Procurement,FULL_RESPONSIVE,READ_ONLY,OPT_IN_ONLY_WHERE_DOSSIER_REQUIRES,FULL_OPERATOR_EXPERIENCE,WCAG_2_2_AA_INTENT,FROZEN
F093,Purchase history,Procurement,FULL_RESPONSIVE,READ_ONLY,OPT_IN_ONLY_WHERE_DOSSIER_REQUIRES,FULL_OPERATOR_EXPERIENCE,WCAG_2_2_AA_INTENT,FROZEN
F094,Reorder-generated purchasing,Procurement,FULL_RESPONSIVE,READ_ONLY,OPT_IN_ONLY_WHERE_DOSSIER_REQUIRES,FULL_OPERATOR_EXPERIENCE,WCAG_2_2_AA_INTENT,FROZEN
F095,Subcontract purchasing,Procurement,FULL_RESPONSIVE,READ_ONLY,OPT_IN_ONLY_WHERE_DOSSIER_REQUIRES,FULL_OPERATOR_EXPERIENCE,WCAG_2_2_AA_INTENT,FROZEN
F096,Procurement dashboard,Procurement,FULL_RESPONSIVE,READ_ONLY,OPT_IN_ONLY_WHERE_DOSSIER_REQUIRES,FULL_OPERATOR_EXPERIENCE,WCAG_2_2_AA_INTENT,FROZEN
F097,Item master,Stock / Inventory,FULL_RESPONSIVE,READ_ONLY,OPT_IN_ONLY_WHERE_DOSSIER_REQUIRES,FULL_OPERATOR_EXPERIENCE,WCAG_2_2_AA_INTENT,FROZEN
F098,Item categories,Stock / Inventory,FULL_RESPONSIVE,READ_ONLY,OPT_IN_ONLY_WHERE_DOSSIER_REQUIRES,FULL_OPERATOR_EXPERIENCE,WCAG_2_2_AA_INTENT,FROZEN
F099,SKUs,Stock / Inventory,FULL_RESPONSIVE,READ_ONLY,OPT_IN_ONLY_WHERE_DOSSIER_REQUIRES,FULL_OPERATOR_EXPERIENCE,WCAG_2_2_AA_INTENT,FROZEN
F100,Variants,Stock / Inventory,FULL_RESPONSIVE,READ_ONLY,OPT_IN_ONLY_WHERE_DOSSIER_REQUIRES,FULL_OPERATOR_EXPERIENCE,WCAG_2_2_AA_INTENT,FROZEN
F101,Multiple units of measure,Stock / Inventory,FULL_RESPONSIVE,READ_ONLY,OPT_IN_ONLY_WHERE_DOSSIER_REQUIRES,FULL_OPERATOR_EXPERIENCE,WCAG_2_2_AA_INTENT,FROZEN
F102,UOM conversions,Stock / Inventory,FULL_RESPONSIVE,READ_ONLY,OPT_IN_ONLY_WHERE_DOSSIER_REQUIRES,FULL_OPERATOR_EXPERIENCE,WCAG_2_2_AA_INTENT,FROZEN
F103,Warehouses,Stock / Inventory,FULL_RESPONSIVE,READ_ONLY,OPT_IN_ONLY_WHERE_DOSSIER_REQUIRES,FULL_OPERATOR_EXPERIENCE,WCAG_2_2_AA_INTENT,FROZEN
F104,Warehouse locations and bins,Stock / Inventory,FULL_RESPONSIVE,READ_ONLY,OPT_IN_ONLY_WHERE_DOSSIER_REQUIRES,FULL_OPERATOR_EXPERIENCE,WCAG_2_2_AA_INTENT,FROZEN
F105,Multi-warehouse inventory,Stock / Inventory,FULL_RESPONSIVE,READ_ONLY,OPT_IN_ONLY_WHERE_DOSSIER_REQUIRES,FULL_OPERATOR_EXPERIENCE,WCAG_2_2_AA_INTENT,FROZEN
F106,Real-time stock balance,Stock / Inventory,FULL_RESPONSIVE,READ_ONLY,OPT_IN_ONLY_WHERE_DOSSIER_REQUIRES,FULL_OPERATOR_EXPERIENCE,WCAG_2_2_AA_INTENT,FROZEN
F107,Stock ledger,Stock / Inventory,FULL_RESPONSIVE,READ_ONLY,OPT_IN_ONLY_WHERE_DOSSIER_REQUIRES,FULL_OPERATOR_EXPERIENCE,WCAG_2_2_AA_INTENT,FROZEN
F108,Goods receipts,Stock / Inventory,FULL_RESPONSIVE,FIELD_OPTIMIZED,OPT_IN_ONLY_WHERE_DOSSIER_REQUIRES,FULL_OPERATOR_EXPERIENCE,WCAG_2_2_AA_INTENT,FROZEN
F109,Goods issues,Stock / Inventory,FULL_RESPONSIVE,FIELD_OPTIMIZED,OPT_IN_ONLY_WHERE_DOSSIER_REQUIRES,FULL_OPERATOR_EXPERIENCE,WCAG_2_2_AA_INTENT,FROZEN
F110,Internal transfers,Stock / Inventory,FULL_RESPONSIVE,FIELD_OPTIMIZED,OPT_IN_ONLY_WHERE_DOSSIER_REQUIRES,FULL_OPERATOR_EXPERIENCE,WCAG_2_2_AA_INTENT,FROZEN
F111,Stock adjustments,Stock / Inventory,FULL_RESPONSIVE,READ_ONLY,OPT_IN_ONLY_WHERE_DOSSIER_REQUIRES,FULL_OPERATOR_EXPERIENCE,WCAG_2_2_AA_INTENT,FROZEN
F112,Stock reservations,Stock / Inventory,FULL_RESPONSIVE,READ_ONLY,OPT_IN_ONLY_WHERE_DOSSIER_REQUIRES,FULL_OPERATOR_EXPERIENCE,WCAG_2_2_AA_INTENT,FROZEN
F113,Available stock,Stock / Inventory,FULL_RESPONSIVE,READ_ONLY,OPT_IN_ONLY_WHERE_DOSSIER_REQUIRES,FULL_OPERATOR_EXPERIENCE,WCAG_2_2_AA_INTENT,FROZEN
F114,Available-to-promise,Stock / Inventory,FULL_RESPONSIVE,READ_ONLY,OPT_IN_ONLY_WHERE_DOSSIER_REQUIRES,FULL_OPERATOR_EXPERIENCE,WCAG_2_2_AA_INTENT,FROZEN
F115,Batch tracking,Stock / Inventory,FULL_RESPONSIVE,READ_ONLY,OPT_IN_ONLY_WHERE_DOSSIER_REQUIRES,FULL_OPERATOR_EXPERIENCE,WCAG_2_2_AA_INTENT,FROZEN
F116,Lot tracking,Stock / Inventory,FULL_RESPONSIVE,READ_ONLY,OPT_IN_ONLY_WHERE_DOSSIER_REQUIRES,FULL_OPERATOR_EXPERIENCE,WCAG_2_2_AA_INTENT,FROZEN
F117,Serial-number tracking,Stock / Inventory,FULL_RESPONSIVE,READ_ONLY,OPT_IN_ONLY_WHERE_DOSSIER_REQUIRES,FULL_OPERATOR_EXPERIENCE,WCAG_2_2_AA_INTENT,FROZEN
F118,Expiry dates,Stock / Inventory,FULL_RESPONSIVE,READ_ONLY,OPT_IN_ONLY_WHERE_DOSSIER_REQUIRES,FULL_OPERATOR_EXPERIENCE,WCAG_2_2_AA_INTENT,FROZEN
F119,Barcode scanning,Stock / Inventory,FULL_RESPONSIVE,FIELD_OPTIMIZED,OPT_IN_ONLY_WHERE_DOSSIER_REQUIRES,FULL_OPERATOR_EXPERIENCE,WCAG_2_2_AA_INTENT,FROZEN
F120,Cycle counting,Stock / Inventory,FULL_RESPONSIVE,FIELD_OPTIMIZED,OPT_IN_ONLY_WHERE_DOSSIER_REQUIRES,FULL_OPERATOR_EXPERIENCE,WCAG_2_2_AA_INTENT,FROZEN
F121,Physical inventory,Stock / Inventory,FULL_RESPONSIVE,FIELD_OPTIMIZED,OPT_IN_ONLY_WHERE_DOSSIER_REQUIRES,FULL_OPERATOR_EXPERIENCE,WCAG_2_2_AA_INTENT,FROZEN
F122,Reorder point,Stock / Inventory,FULL_RESPONSIVE,READ_ONLY,OPT_IN_ONLY_WHERE_DOSSIER_REQUIRES,FULL_OPERATOR_EXPERIENCE,WCAG_2_2_AA_INTENT,FROZEN
F123,Minimum / maximum stock,Stock / Inventory,FULL_RESPONSIVE,READ_ONLY,OPT_IN_ONLY_WHERE_DOSSIER_REQUIRES,FULL_OPERATOR_EXPERIENCE,WCAG_2_2_AA_INTENT,FROZEN
F124,Safety stock,Stock / Inventory,FULL_RESPONSIVE,READ_ONLY,OPT_IN_ONLY_WHERE_DOSSIER_REQUIRES,FULL_OPERATOR_EXPERIENCE,WCAG_2_2_AA_INTENT,FROZEN
F125,Automatic replenishment,Stock / Inventory,FULL_RESPONSIVE,READ_ONLY,OPT_IN_ONLY_WHERE_DOSSIER_REQUIRES,FULL_OPERATOR_EXPERIENCE,WCAG_2_2_AA_INTENT,FROZEN
F126,Negative-stock control,Stock / Inventory,FULL_RESPONSIVE,READ_ONLY,OPT_IN_ONLY_WHERE_DOSSIER_REQUIRES,FULL_OPERATOR_EXPERIENCE,WCAG_2_2_AA_INTENT,FROZEN
F127,FIFO valuation,Stock / Inventory,FULL_RESPONSIVE,READ_ONLY,OPT_IN_ONLY_WHERE_DOSSIER_REQUIRES,FULL_OPERATOR_EXPERIENCE,WCAG_2_2_AA_INTENT,FROZEN
F128,Weighted / moving-average valuation,Stock / Inventory,FULL_RESPONSIVE,READ_ONLY,OPT_IN_ONLY_WHERE_DOSSIER_REQUIRES,FULL_OPERATOR_EXPERIENCE,WCAG_2_2_AA_INTENT,FROZEN
F129,Standard costing,Stock / Inventory,FULL_RESPONSIVE,READ_ONLY,OPT_IN_ONLY_WHERE_DOSSIER_REQUIRES,FULL_OPERATOR_EXPERIENCE,WCAG_2_2_AA_INTENT,FROZEN
F130,Inventory valuation,Stock / Inventory,FULL_RESPONSIVE,READ_ONLY,OPT_IN_ONLY_WHERE_DOSSIER_REQUIRES,FULL_OPERATOR_EXPERIENCE,WCAG_2_2_AA_INTENT,FROZEN
F131,Landed cost allocation,Stock / Inventory,FULL_RESPONSIVE,READ_ONLY,OPT_IN_ONLY_WHERE_DOSSIER_REQUIRES,FULL_OPERATOR_EXPERIENCE,WCAG_2_2_AA_INTENT,FROZEN
F132,Stock aging,Stock / Inventory,FULL_RESPONSIVE,READ_ONLY,OPT_IN_ONLY_WHERE_DOSSIER_REQUIRES,FULL_OPERATOR_EXPERIENCE,WCAG_2_2_AA_INTENT,FROZEN
F133,Slow-moving inventory,Stock / Inventory,FULL_RESPONSIVE,READ_ONLY,OPT_IN_ONLY_WHERE_DOSSIER_REQUIRES,FULL_OPERATOR_EXPERIENCE,WCAG_2_2_AA_INTENT,FROZEN
F134,Dead-stock reporting,Stock / Inventory,FULL_RESPONSIVE,READ_ONLY,OPT_IN_ONLY_WHERE_DOSSIER_REQUIRES,FULL_OPERATOR_EXPERIENCE,WCAG_2_2_AA_INTENT,FROZEN
F135,Picking,Stock / Inventory,FULL_RESPONSIVE,FIELD_OPTIMIZED,OPT_IN_ONLY_WHERE_DOSSIER_REQUIRES,FULL_OPERATOR_EXPERIENCE,WCAG_2_2_AA_INTENT,FROZEN
F136,Packing,Stock / Inventory,FULL_RESPONSIVE,FIELD_OPTIMIZED,OPT_IN_ONLY_WHERE_DOSSIER_REQUIRES,FULL_OPERATOR_EXPERIENCE,WCAG_2_2_AA_INTENT,FROZEN
F137,Shipping,Stock / Inventory,FULL_RESPONSIVE,FIELD_OPTIMIZED,OPT_IN_ONLY_WHERE_DOSSIER_REQUIRES,FULL_OPERATOR_EXPERIENCE,WCAG_2_2_AA_INTENT,FROZEN
F138,Returns,Stock / Inventory,FULL_RESPONSIVE,READ_ONLY,OPT_IN_ONLY_WHERE_DOSSIER_REQUIRES,FULL_OPERATOR_EXPERIENCE,WCAG_2_2_AA_INTENT,FROZEN
F139,Damaged stock,Stock / Inventory,FULL_RESPONSIVE,READ_ONLY,OPT_IN_ONLY_WHERE_DOSSIER_REQUIRES,FULL_OPERATOR_EXPERIENCE,WCAG_2_2_AA_INTENT,FROZEN
F140,Quarantine and quality-held stock,Stock / Inventory,FULL_RESPONSIVE,READ_ONLY,OPT_IN_ONLY_WHERE_DOSSIER_REQUIRES,FULL_OPERATOR_EXPERIENCE,WCAG_2_2_AA_INTENT,FROZEN
F141,Batch / serial traceability,Stock / Inventory,FULL_RESPONSIVE,READ_ONLY,OPT_IN_ONLY_WHERE_DOSSIER_REQUIRES,FULL_OPERATOR_EXPERIENCE,WCAG_2_2_AA_INTENT,FROZEN
F142,Inventory movement history,Stock / Inventory,FULL_RESPONSIVE,READ_ONLY,OPT_IN_ONLY_WHERE_DOSSIER_REQUIRES,FULL_OPERATOR_EXPERIENCE,WCAG_2_2_AA_INTENT,FROZEN
F143,Stock reports,Stock / Inventory,FULL_RESPONSIVE,READ_ONLY,OPT_IN_ONLY_WHERE_DOSSIER_REQUIRES,FULL_OPERATOR_EXPERIENCE,WCAG_2_2_AA_INTENT,FROZEN
F144,Inventory dashboard,Stock / Inventory,FULL_RESPONSIVE,READ_ONLY,OPT_IN_ONLY_WHERE_DOSSIER_REQUIRES,FULL_OPERATOR_EXPERIENCE,WCAG_2_2_AA_INTENT,FROZEN
F145,Bill of Materials (BOM),Manufacturing,FULL_RESPONSIVE,READ_ONLY,OPT_IN_ONLY_WHERE_DOSSIER_REQUIRES,FULL_OPERATOR_EXPERIENCE,WCAG_2_2_AA_INTENT,FROZEN
F146,Multi-level BOM,Manufacturing,FULL_RESPONSIVE,READ_ONLY,OPT_IN_ONLY_WHERE_DOSSIER_REQUIRES,FULL_OPERATOR_EXPERIENCE,WCAG_2_2_AA_INTENT,FROZEN
F147,BOM versions,Manufacturing,FULL_RESPONSIVE,READ_ONLY,OPT_IN_ONLY_WHERE_DOSSIER_REQUIRES,FULL_OPERATOR_EXPERIENCE,WCAG_2_2_AA_INTENT,FROZEN
F148,BOM revisions,Manufacturing,FULL_RESPONSIVE,READ_ONLY,OPT_IN_ONLY_WHERE_DOSSIER_REQUIRES,FULL_OPERATOR_EXPERIENCE,WCAG_2_2_AA_INTENT,FROZEN
F149,Alternate BOM,Manufacturing,FULL_RESPONSIVE,READ_ONLY,OPT_IN_ONLY_WHERE_DOSSIER_REQUIRES,FULL_OPERATOR_EXPERIENCE,WCAG_2_2_AA_INTENT,FROZEN
F150,Routings,Manufacturing,FULL_RESPONSIVE,READ_ONLY,OPT_IN_ONLY_WHERE_DOSSIER_REQUIRES,FULL_OPERATOR_EXPERIENCE,WCAG_2_2_AA_INTENT,FROZEN
F151,Operations,Manufacturing,FULL_RESPONSIVE,READ_ONLY,OPT_IN_ONLY_WHERE_DOSSIER_REQUIRES,FULL_OPERATOR_EXPERIENCE,WCAG_2_2_AA_INTENT,FROZEN
F152,Work centres,Manufacturing,FULL_RESPONSIVE,READ_ONLY,OPT_IN_ONLY_WHERE_DOSSIER_REQUIRES,FULL_OPERATOR_EXPERIENCE,WCAG_2_2_AA_INTENT,FROZEN
F153,Machine / work-centre capacity,Manufacturing,FULL_RESPONSIVE,READ_ONLY,OPT_IN_ONLY_WHERE_DOSSIER_REQUIRES,FULL_OPERATOR_EXPERIENCE,WCAG_2_2_AA_INTENT,FROZEN
F154,Shift calendars,Manufacturing,FULL_RESPONSIVE,READ_ONLY,OPT_IN_ONLY_WHERE_DOSSIER_REQUIRES,FULL_OPERATOR_EXPERIENCE,WCAG_2_2_AA_INTENT,FROZEN
F155,Manufacturing orders,Manufacturing,FULL_RESPONSIVE,READ_ONLY,OPT_IN_ONLY_WHERE_DOSSIER_REQUIRES,FULL_OPERATOR_EXPERIENCE,WCAG_2_2_AA_INTENT,FROZEN
F156,Work orders,Manufacturing,FULL_RESPONSIVE,FIELD_OPTIMIZED,OPT_IN_ONLY_WHERE_DOSSIER_REQUIRES,FULL_OPERATOR_EXPERIENCE,WCAG_2_2_AA_INTENT,FROZEN
F157,Job cards,Manufacturing,FULL_RESPONSIVE,FIELD_OPTIMIZED,OPT_IN_ONLY_WHERE_DOSSIER_REQUIRES,FULL_OPERATOR_EXPERIENCE,WCAG_2_2_AA_INTENT,FROZEN
F158,Production planning,Manufacturing,FULL_RESPONSIVE,READ_ONLY,OPT_IN_ONLY_WHERE_DOSSIER_REQUIRES,FULL_OPERATOR_EXPERIENCE,WCAG_2_2_AA_INTENT,FROZEN
F159,MRP,Manufacturing,FULL_RESPONSIVE,READ_ONLY,OPT_IN_ONLY_WHERE_DOSSIER_REQUIRES,FULL_OPERATOR_EXPERIENCE,WCAG_2_2_AA_INTENT,FROZEN
F160,Material requirements,Manufacturing,FULL_RESPONSIVE,READ_ONLY,OPT_IN_ONLY_WHERE_DOSSIER_REQUIRES,FULL_OPERATOR_EXPERIENCE,WCAG_2_2_AA_INTENT,FROZEN
F161,Material availability,Manufacturing,FULL_RESPONSIVE,READ_ONLY,OPT_IN_ONLY_WHERE_DOSSIER_REQUIRES,FULL_OPERATOR_EXPERIENCE,WCAG_2_2_AA_INTENT,FROZEN
F162,Raw-material reservations,Manufacturing,FULL_RESPONSIVE,READ_ONLY,OPT_IN_ONLY_WHERE_DOSSIER_REQUIRES,FULL_OPERATOR_EXPERIENCE,WCAG_2_2_AA_INTENT,FROZEN
F163,Material issue,Manufacturing,FULL_RESPONSIVE,FIELD_OPTIMIZED,OPT_IN_ONLY_WHERE_DOSSIER_REQUIRES,FULL_OPERATOR_EXPERIENCE,WCAG_2_2_AA_INTENT,FROZEN
F164,Material consumption,Manufacturing,FULL_RESPONSIVE,READ_ONLY,OPT_IN_ONLY_WHERE_DOSSIER_REQUIRES,FULL_OPERATOR_EXPERIENCE,WCAG_2_2_AA_INTENT,FROZEN
F165,Backflushing,Manufacturing,FULL_RESPONSIVE,READ_ONLY,OPT_IN_ONLY_WHERE_DOSSIER_REQUIRES,FULL_OPERATOR_EXPERIENCE,WCAG_2_2_AA_INTENT,FROZEN
F166,Work in progress,Manufacturing,FULL_RESPONSIVE,READ_ONLY,OPT_IN_ONLY_WHERE_DOSSIER_REQUIRES,FULL_OPERATOR_EXPERIENCE,WCAG_2_2_AA_INTENT,FROZEN
F167,Finished-goods receipt,Manufacturing,FULL_RESPONSIVE,FIELD_OPTIMIZED,OPT_IN_ONLY_WHERE_DOSSIER_REQUIRES,FULL_OPERATOR_EXPERIENCE,WCAG_2_2_AA_INTENT,FROZEN
F168,Production scheduling,Manufacturing,FULL_RESPONSIVE,READ_ONLY,OPT_IN_ONLY_WHERE_DOSSIER_REQUIRES,FULL_OPERATOR_EXPERIENCE,WCAG_2_2_AA_INTENT,FROZEN
F169,Labor time,Manufacturing,FULL_RESPONSIVE,READ_ONLY,OPT_IN_ONLY_WHERE_DOSSIER_REQUIRES,FULL_OPERATOR_EXPERIENCE,WCAG_2_2_AA_INTENT,FROZEN
F170,Machine time,Manufacturing,FULL_RESPONSIVE,READ_ONLY,OPT_IN_ONLY_WHERE_DOSSIER_REQUIRES,FULL_OPERATOR_EXPERIENCE,WCAG_2_2_AA_INTENT,FROZEN
F171,Setup time,Manufacturing,FULL_RESPONSIVE,READ_ONLY,OPT_IN_ONLY_WHERE_DOSSIER_REQUIRES,FULL_OPERATOR_EXPERIENCE,WCAG_2_2_AA_INTENT,FROZEN
F172,Scrap,Manufacturing,FULL_RESPONSIVE,READ_ONLY,OPT_IN_ONLY_WHERE_DOSSIER_REQUIRES,FULL_OPERATOR_EXPERIENCE,WCAG_2_2_AA_INTENT,FROZEN
F173,Waste,Manufacturing,FULL_RESPONSIVE,READ_ONLY,OPT_IN_ONLY_WHERE_DOSSIER_REQUIRES,FULL_OPERATOR_EXPERIENCE,WCAG_2_2_AA_INTENT,FROZEN
F174,By-products and co-products,Manufacturing,FULL_RESPONSIVE,READ_ONLY,OPT_IN_ONLY_WHERE_DOSSIER_REQUIRES,FULL_OPERATOR_EXPERIENCE,WCAG_2_2_AA_INTENT,FROZEN
F175,Rework,Manufacturing,FULL_RESPONSIVE,READ_ONLY,OPT_IN_ONLY_WHERE_DOSSIER_REQUIRES,FULL_OPERATOR_EXPERIENCE,WCAG_2_2_AA_INTENT,FROZEN
F176,Batch manufacturing,Manufacturing,FULL_RESPONSIVE,READ_ONLY,OPT_IN_ONLY_WHERE_DOSSIER_REQUIRES,FULL_OPERATOR_EXPERIENCE,WCAG_2_2_AA_INTENT,FROZEN
F177,Serial tracking,Manufacturing,FULL_RESPONSIVE,READ_ONLY,OPT_IN_ONLY_WHERE_DOSSIER_REQUIRES,FULL_OPERATOR_EXPERIENCE,WCAG_2_2_AA_INTENT,FROZEN
F178,Make-to-stock,Manufacturing,FULL_RESPONSIVE,READ_ONLY,OPT_IN_ONLY_WHERE_DOSSIER_REQUIRES,FULL_OPERATOR_EXPERIENCE,WCAG_2_2_AA_INTENT,FROZEN
F179,Make-to-order,Manufacturing,FULL_RESPONSIVE,READ_ONLY,OPT_IN_ONLY_WHERE_DOSSIER_REQUIRES,FULL_OPERATOR_EXPERIENCE,WCAG_2_2_AA_INTENT,FROZEN
F180,Subcontract manufacturing,Manufacturing,FULL_RESPONSIVE,READ_ONLY,OPT_IN_ONLY_WHERE_DOSSIER_REQUIRES,FULL_OPERATOR_EXPERIENCE,WCAG_2_2_AA_INTENT,FROZEN
F181,Production quality inspections,Manufacturing,FULL_RESPONSIVE,FIELD_OPTIMIZED,OPT_IN_ONLY_WHERE_DOSSIER_REQUIRES,FULL_OPERATOR_EXPERIENCE,WCAG_2_2_AA_INTENT,FROZEN
F182,Production hold,Manufacturing,FULL_RESPONSIVE,READ_ONLY,OPT_IN_ONLY_WHERE_DOSSIER_REQUIRES,FULL_OPERATOR_EXPERIENCE,WCAG_2_2_AA_INTENT,FROZEN
F183,Production costing,Manufacturing,FULL_RESPONSIVE,READ_ONLY,OPT_IN_ONLY_WHERE_DOSSIER_REQUIRES,FULL_OPERATOR_EXPERIENCE,WCAG_2_2_AA_INTENT,FROZEN
F184,Standard vs actual costing,Manufacturing,FULL_RESPONSIVE,READ_ONLY,OPT_IN_ONLY_WHERE_DOSSIER_REQUIRES,FULL_OPERATOR_EXPERIENCE,WCAG_2_2_AA_INTENT,FROZEN
F185,Cost variance,Manufacturing,FULL_RESPONSIVE,READ_ONLY,OPT_IN_ONLY_WHERE_DOSSIER_REQUIRES,FULL_OPERATOR_EXPERIENCE,WCAG_2_2_AA_INTENT,FROZEN
F186,Yield analysis,Manufacturing,FULL_RESPONSIVE,READ_ONLY,OPT_IN_ONLY_WHERE_DOSSIER_REQUIRES,FULL_OPERATOR_EXPERIENCE,WCAG_2_2_AA_INTENT,FROZEN
F187,Production efficiency,Manufacturing,FULL_RESPONSIVE,READ_ONLY,OPT_IN_ONLY_WHERE_DOSSIER_REQUIRES,FULL_OPERATOR_EXPERIENCE,WCAG_2_2_AA_INTENT,FROZEN
F188,Downtime,Manufacturing,FULL_RESPONSIVE,FIELD_OPTIMIZED,OPT_IN_ONLY_WHERE_DOSSIER_REQUIRES,FULL_OPERATOR_EXPERIENCE,WCAG_2_2_AA_INTENT,FROZEN
F189,Maintenance integration,Manufacturing,FULL_RESPONSIVE,READ_ONLY,OPT_IN_ONLY_WHERE_DOSSIER_REQUIRES,FULL_OPERATOR_EXPERIENCE,WCAG_2_2_AA_INTENT,FROZEN
F190,Engineering change and revision control,Manufacturing,FULL_RESPONSIVE,READ_ONLY,OPT_IN_ONLY_WHERE_DOSSIER_REQUIRES,FULL_OPERATOR_EXPERIENCE,WCAG_2_2_AA_INTENT,FROZEN
F191,Production reports,Manufacturing,FULL_RESPONSIVE,READ_ONLY,OPT_IN_ONLY_WHERE_DOSSIER_REQUIRES,FULL_OPERATOR_EXPERIENCE,WCAG_2_2_AA_INTENT,FROZEN
F192,Production dashboard,Manufacturing,FULL_RESPONSIVE,READ_ONLY,OPT_IN_ONLY_WHERE_DOSSIER_REQUIRES,FULL_OPERATOR_EXPERIENCE,WCAG_2_2_AA_INTENT,FROZEN
F193,Projects,Projects,FULL_RESPONSIVE,READ_ONLY,OPT_IN_ONLY_WHERE_DOSSIER_REQUIRES,FULL_OPERATOR_EXPERIENCE,WCAG_2_2_AA_INTENT,FROZEN
F194,Customer projects,Projects,FULL_RESPONSIVE,READ_ONLY,OPT_IN_ONLY_WHERE_DOSSIER_REQUIRES,FULL_OPERATOR_EXPERIENCE,WCAG_2_2_AA_INTENT,FROZEN
F195,Internal projects,Projects,FULL_RESPONSIVE,READ_ONLY,OPT_IN_ONLY_WHERE_DOSSIER_REQUIRES,FULL_OPERATOR_EXPERIENCE,WCAG_2_2_AA_INTENT,FROZEN
F196,Project templates,Projects,FULL_RESPONSIVE,READ_ONLY,OPT_IN_ONLY_WHERE_DOSSIER_REQUIRES,FULL_OPERATOR_EXPERIENCE,WCAG_2_2_AA_INTENT,FROZEN
F197,Work Breakdown Structure (WBS),Projects,FULL_RESPONSIVE,READ_ONLY,OPT_IN_ONLY_WHERE_DOSSIER_REQUIRES,FULL_OPERATOR_EXPERIENCE,WCAG_2_2_AA_INTENT,FROZEN
F198,Milestones,Projects,FULL_RESPONSIVE,READ_ONLY,OPT_IN_ONLY_WHERE_DOSSIER_REQUIRES,FULL_OPERATOR_EXPERIENCE,WCAG_2_2_AA_INTENT,FROZEN
F199,Tasks,Projects,FULL_RESPONSIVE,FIELD_OPTIMIZED,OPT_IN_ONLY_WHERE_DOSSIER_REQUIRES,FULL_OPERATOR_EXPERIENCE,WCAG_2_2_AA_INTENT,FROZEN
F200,Subtasks,Projects,FULL_RESPONSIVE,FIELD_OPTIMIZED,OPT_IN_ONLY_WHERE_DOSSIER_REQUIRES,FULL_OPERATOR_EXPERIENCE,WCAG_2_2_AA_INTENT,FROZEN
F201,Task dependencies,Projects,FULL_RESPONSIVE,FIELD_OPTIMIZED,OPT_IN_ONLY_WHERE_DOSSIER_REQUIRES,FULL_OPERATOR_EXPERIENCE,WCAG_2_2_AA_INTENT,FROZEN
F202,Assignees,Projects,FULL_RESPONSIVE,READ_ONLY,OPT_IN_ONLY_WHERE_DOSSIER_REQUIRES,FULL_OPERATOR_EXPERIENCE,WCAG_2_2_AA_INTENT,FROZEN
F203,Priority,Projects,FULL_RESPONSIVE,READ_ONLY,OPT_IN_ONLY_WHERE_DOSSIER_REQUIRES,FULL_OPERATOR_EXPERIENCE,WCAG_2_2_AA_INTENT,FROZEN
F204,Project status,Projects,FULL_RESPONSIVE,READ_ONLY,OPT_IN_ONLY_WHERE_DOSSIER_REQUIRES,FULL_OPERATOR_EXPERIENCE,WCAG_2_2_AA_INTENT,FROZEN
F205,Gantt chart,Projects,FULL_RESPONSIVE,READ_ONLY,OPT_IN_ONLY_WHERE_DOSSIER_REQUIRES,FULL_OPERATOR_EXPERIENCE,WCAG_2_2_AA_INTENT,FROZEN
F206,Kanban / task board,Projects,FULL_RESPONSIVE,FIELD_OPTIMIZED,OPT_IN_ONLY_WHERE_DOSSIER_REQUIRES,FULL_OPERATOR_EXPERIENCE,WCAG_2_2_AA_INTENT,FROZEN
F207,Project calendar,Projects,FULL_RESPONSIVE,READ_ONLY,OPT_IN_ONLY_WHERE_DOSSIER_REQUIRES,FULL_OPERATOR_EXPERIENCE,WCAG_2_2_AA_INTENT,FROZEN
F208,Resource allocation,Projects,FULL_RESPONSIVE,READ_ONLY,OPT_IN_ONLY_WHERE_DOSSIER_REQUIRES,FULL_OPERATOR_EXPERIENCE,WCAG_2_2_AA_INTENT,FROZEN
F209,Resource availability,Projects,FULL_RESPONSIVE,READ_ONLY,OPT_IN_ONLY_WHERE_DOSSIER_REQUIRES,FULL_OPERATOR_EXPERIENCE,WCAG_2_2_AA_INTENT,FROZEN
F210,Timesheets,Projects,FULL_RESPONSIVE,FIELD_OPTIMIZED,OPT_IN_ONLY_WHERE_DOSSIER_REQUIRES,FULL_OPERATOR_EXPERIENCE,WCAG_2_2_AA_INTENT,FROZEN
F211,Project expenses,Projects,FULL_RESPONSIVE,FIELD_OPTIMIZED,OPT_IN_ONLY_WHERE_DOSSIER_REQUIRES,FULL_OPERATOR_EXPERIENCE,WCAG_2_2_AA_INTENT,FROZEN
F212,Materials consumed,Projects,FULL_RESPONSIVE,READ_ONLY,OPT_IN_ONLY_WHERE_DOSSIER_REQUIRES,FULL_OPERATOR_EXPERIENCE,WCAG_2_2_AA_INTENT,FROZEN
F213,Project procurement,Projects,FULL_RESPONSIVE,READ_ONLY,OPT_IN_ONLY_WHERE_DOSSIER_REQUIRES,FULL_OPERATOR_EXPERIENCE,WCAG_2_2_AA_INTENT,FROZEN
F214,Project budget,Projects,FULL_RESPONSIVE,READ_ONLY,OPT_IN_ONLY_WHERE_DOSSIER_REQUIRES,FULL_OPERATOR_EXPERIENCE,WCAG_2_2_AA_INTENT,FROZEN
F215,Budget revisions,Projects,FULL_RESPONSIVE,READ_ONLY,OPT_IN_ONLY_WHERE_DOSSIER_REQUIRES,FULL_OPERATOR_EXPERIENCE,WCAG_2_2_AA_INTENT,FROZEN
F216,Cost tracking,Projects,FULL_RESPONSIVE,READ_ONLY,OPT_IN_ONLY_WHERE_DOSSIER_REQUIRES,FULL_OPERATOR_EXPERIENCE,WCAG_2_2_AA_INTENT,FROZEN
F217,Revenue tracking,Projects,FULL_RESPONSIVE,READ_ONLY,OPT_IN_ONLY_WHERE_DOSSIER_REQUIRES,FULL_OPERATOR_EXPERIENCE,WCAG_2_2_AA_INTENT,FROZEN
F218,Fixed-price billing,Projects,FULL_RESPONSIVE,READ_ONLY,OPT_IN_ONLY_WHERE_DOSSIER_REQUIRES,FULL_OPERATOR_EXPERIENCE,WCAG_2_2_AA_INTENT,FROZEN
F219,Time-and-material billing,Projects,FULL_RESPONSIVE,READ_ONLY,OPT_IN_ONLY_WHERE_DOSSIER_REQUIRES,FULL_OPERATOR_EXPERIENCE,WCAG_2_2_AA_INTENT,FROZEN
F220,Milestone billing,Projects,FULL_RESPONSIVE,READ_ONLY,OPT_IN_ONLY_WHERE_DOSSIER_REQUIRES,FULL_OPERATOR_EXPERIENCE,WCAG_2_2_AA_INTENT,FROZEN
F221,Project invoices,Projects,FULL_RESPONSIVE,READ_ONLY,OPT_IN_ONLY_WHERE_DOSSIER_REQUIRES,FULL_OPERATOR_EXPERIENCE,WCAG_2_2_AA_INTENT,FROZEN
F222,Project profitability,Projects,FULL_RESPONSIVE,READ_ONLY,OPT_IN_ONLY_WHERE_DOSSIER_REQUIRES,FULL_OPERATOR_EXPERIENCE,WCAG_2_2_AA_INTENT,FROZEN
F223,Cost variance,Projects,FULL_RESPONSIVE,READ_ONLY,OPT_IN_ONLY_WHERE_DOSSIER_REQUIRES,FULL_OPERATOR_EXPERIENCE,WCAG_2_2_AA_INTENT,FROZEN
F224,Issues,Projects,FULL_RESPONSIVE,FIELD_OPTIMIZED,OPT_IN_ONLY_WHERE_DOSSIER_REQUIRES,FULL_OPERATOR_EXPERIENCE,WCAG_2_2_AA_INTENT,FROZEN
F225,Risks,Projects,FULL_RESPONSIVE,READ_ONLY,OPT_IN_ONLY_WHERE_DOSSIER_REQUIRES,FULL_OPERATOR_EXPERIENCE,WCAG_2_2_AA_INTENT,FROZEN
F226,Documents,Projects,FULL_RESPONSIVE,READ_ONLY,OPT_IN_ONLY_WHERE_DOSSIER_REQUIRES,FULL_OPERATOR_EXPERIENCE,WCAG_2_2_AA_INTENT,FROZEN
F227,Comments and collaboration,Projects,FULL_RESPONSIVE,READ_ONLY,OPT_IN_ONLY_WHERE_DOSSIER_REQUIRES,FULL_OPERATOR_EXPERIENCE,WCAG_2_2_AA_INTENT,FROZEN
F228,Progress tracking,Projects,FULL_RESPONSIVE,READ_ONLY,OPT_IN_ONLY_WHERE_DOSSIER_REQUIRES,FULL_OPERATOR_EXPERIENCE,WCAG_2_2_AA_INTENT,FROZEN
F229,Project dashboard,Projects,FULL_RESPONSIVE,READ_ONLY,OPT_IN_ONLY_WHERE_DOSSIER_REQUIRES,FULL_OPERATOR_EXPERIENCE,WCAG_2_2_AA_INTENT,FROZEN
F230,Project reports,Projects,FULL_RESPONSIVE,READ_ONLY,OPT_IN_ONLY_WHERE_DOSSIER_REQUIRES,FULL_OPERATOR_EXPERIENCE,WCAG_2_2_AA_INTENT,FROZEN
F231,Asset register,Assets,FULL_RESPONSIVE,READ_ONLY,OPT_IN_ONLY_WHERE_DOSSIER_REQUIRES,FULL_OPERATOR_EXPERIENCE,WCAG_2_2_AA_INTENT,FROZEN
F232,Asset categories,Assets,FULL_RESPONSIVE,READ_ONLY,OPT_IN_ONLY_WHERE_DOSSIER_REQUIRES,FULL_OPERATOR_EXPERIENCE,WCAG_2_2_AA_INTENT,FROZEN
F233,Asset identification and code,Assets,FULL_RESPONSIVE,READ_ONLY,OPT_IN_ONLY_WHERE_DOSSIER_REQUIRES,FULL_OPERATOR_EXPERIENCE,WCAG_2_2_AA_INTENT,FROZEN
F234,Asset location,Assets,FULL_RESPONSIVE,READ_ONLY,OPT_IN_ONLY_WHERE_DOSSIER_REQUIRES,FULL_OPERATOR_EXPERIENCE,WCAG_2_2_AA_INTENT,FROZEN
F235,Custodian,Assets,FULL_RESPONSIVE,READ_ONLY,OPT_IN_ONLY_WHERE_DOSSIER_REQUIRES,FULL_OPERATOR_EXPERIENCE,WCAG_2_2_AA_INTENT,FROZEN
F236,Department,Assets,FULL_RESPONSIVE,READ_ONLY,OPT_IN_ONLY_WHERE_DOSSIER_REQUIRES,FULL_OPERATOR_EXPERIENCE,WCAG_2_2_AA_INTENT,FROZEN
F237,Purchase and capitalization,Assets,FULL_RESPONSIVE,READ_ONLY,OPT_IN_ONLY_WHERE_DOSSIER_REQUIRES,FULL_OPERATOR_EXPERIENCE,WCAG_2_2_AA_INTENT,FROZEN
F238,Asset creation from procurement,Assets,FULL_RESPONSIVE,READ_ONLY,OPT_IN_ONLY_WHERE_DOSSIER_REQUIRES,FULL_OPERATOR_EXPERIENCE,WCAG_2_2_AA_INTENT,FROZEN
F239,Asset transfers,Assets,FULL_RESPONSIVE,FIELD_OPTIMIZED,OPT_IN_ONLY_WHERE_DOSSIER_REQUIRES,FULL_OPERATOR_EXPERIENCE,WCAG_2_2_AA_INTENT,FROZEN
F240,Asset assignment,Assets,FULL_RESPONSIVE,READ_ONLY,OPT_IN_ONLY_WHERE_DOSSIER_REQUIRES,FULL_OPERATOR_EXPERIENCE,WCAG_2_2_AA_INTENT,FROZEN
F241,Asset movement history,Assets,FULL_RESPONSIVE,READ_ONLY,OPT_IN_ONLY_WHERE_DOSSIER_REQUIRES,FULL_OPERATOR_EXPERIENCE,WCAG_2_2_AA_INTENT,FROZEN
F242,Asset value,Assets,FULL_RESPONSIVE,READ_ONLY,OPT_IN_ONLY_WHERE_DOSSIER_REQUIRES,FULL_OPERATOR_EXPERIENCE,WCAG_2_2_AA_INTENT,FROZEN
F243,Useful life,Assets,FULL_RESPONSIVE,READ_ONLY,OPT_IN_ONLY_WHERE_DOSSIER_REQUIRES,FULL_OPERATOR_EXPERIENCE,WCAG_2_2_AA_INTENT,FROZEN
F244,Salvage value,Assets,FULL_RESPONSIVE,READ_ONLY,OPT_IN_ONLY_WHERE_DOSSIER_REQUIRES,FULL_OPERATOR_EXPERIENCE,WCAG_2_2_AA_INTENT,FROZEN
F245,Straight-line depreciation,Assets,FULL_RESPONSIVE,READ_ONLY,OPT_IN_ONLY_WHERE_DOSSIER_REQUIRES,FULL_OPERATOR_EXPERIENCE,WCAG_2_2_AA_INTENT,FROZEN
F246,Declining-balance depreciation,Assets,FULL_RESPONSIVE,READ_ONLY,OPT_IN_ONLY_WHERE_DOSSIER_REQUIRES,FULL_OPERATOR_EXPERIENCE,WCAG_2_2_AA_INTENT,FROZEN
F247,Units-of-production depreciation,Assets,FULL_RESPONSIVE,READ_ONLY,OPT_IN_ONLY_WHERE_DOSSIER_REQUIRES,FULL_OPERATOR_EXPERIENCE,WCAG_2_2_AA_INTENT,FROZEN
F248,Depreciation schedule,Assets,FULL_RESPONSIVE,READ_ONLY,OPT_IN_ONLY_WHERE_DOSSIER_REQUIRES,FULL_OPERATOR_EXPERIENCE,WCAG_2_2_AA_INTENT,FROZEN
F249,Depreciation posting,Assets,FULL_RESPONSIVE,READ_ONLY,OPT_IN_ONLY_WHERE_DOSSIER_REQUIRES,FULL_OPERATOR_EXPERIENCE,WCAG_2_2_AA_INTENT,FROZEN
F250,Asset revaluation,Assets,FULL_RESPONSIVE,READ_ONLY,OPT_IN_ONLY_WHERE_DOSSIER_REQUIRES,FULL_OPERATOR_EXPERIENCE,WCAG_2_2_AA_INTENT,FROZEN
F251,Asset impairment,Assets,FULL_RESPONSIVE,READ_ONLY,OPT_IN_ONLY_WHERE_DOSSIER_REQUIRES,FULL_OPERATOR_EXPERIENCE,WCAG_2_2_AA_INTENT,FROZEN
F252,Asset maintenance,Assets,FULL_RESPONSIVE,READ_ONLY,OPT_IN_ONLY_WHERE_DOSSIER_REQUIRES,FULL_OPERATOR_EXPERIENCE,WCAG_2_2_AA_INTENT,FROZEN
F253,Preventive maintenance,Assets,FULL_RESPONSIVE,READ_ONLY,OPT_IN_ONLY_WHERE_DOSSIER_REQUIRES,FULL_OPERATOR_EXPERIENCE,WCAG_2_2_AA_INTENT,FROZEN
F254,Maintenance schedule,Assets,FULL_RESPONSIVE,READ_ONLY,OPT_IN_ONLY_WHERE_DOSSIER_REQUIRES,FULL_OPERATOR_EXPERIENCE,WCAG_2_2_AA_INTENT,FROZEN
F255,Repair history,Assets,FULL_RESPONSIVE,READ_ONLY,OPT_IN_ONLY_WHERE_DOSSIER_REQUIRES,FULL_OPERATOR_EXPERIENCE,WCAG_2_2_AA_INTENT,FROZEN
F256,Downtime,Assets,FULL_RESPONSIVE,FIELD_OPTIMIZED,OPT_IN_ONLY_WHERE_DOSSIER_REQUIRES,FULL_OPERATOR_EXPERIENCE,WCAG_2_2_AA_INTENT,FROZEN
F257,Warranty,Assets,FULL_RESPONSIVE,READ_ONLY,OPT_IN_ONLY_WHERE_DOSSIER_REQUIRES,FULL_OPERATOR_EXPERIENCE,WCAG_2_2_AA_INTENT,FROZEN
F258,Inspection,Assets,FULL_RESPONSIVE,FIELD_OPTIMIZED,OPT_IN_ONLY_WHERE_DOSSIER_REQUIRES,FULL_OPERATOR_EXPERIENCE,WCAG_2_2_AA_INTENT,FROZEN
F259,Calibration,Assets,FULL_RESPONSIVE,READ_ONLY,OPT_IN_ONLY_WHERE_DOSSIER_REQUIRES,FULL_OPERATOR_EXPERIENCE,WCAG_2_2_AA_INTENT,FROZEN
F260,Physical verification and audit,Assets,FULL_RESPONSIVE,READ_ONLY,OPT_IN_ONLY_WHERE_DOSSIER_REQUIRES,FULL_OPERATOR_EXPERIENCE,WCAG_2_2_AA_INTENT,FROZEN
F261,Barcode / QR identification,Assets,FULL_RESPONSIVE,FIELD_OPTIMIZED,OPT_IN_ONLY_WHERE_DOSSIER_REQUIRES,FULL_OPERATOR_EXPERIENCE,WCAG_2_2_AA_INTENT,FROZEN
F262,Asset disposal,Assets,FULL_RESPONSIVE,READ_ONLY,OPT_IN_ONLY_WHERE_DOSSIER_REQUIRES,FULL_OPERATOR_EXPERIENCE,WCAG_2_2_AA_INTENT,FROZEN
F263,Asset sale,Assets,FULL_RESPONSIVE,READ_ONLY,OPT_IN_ONLY_WHERE_DOSSIER_REQUIRES,FULL_OPERATOR_EXPERIENCE,WCAG_2_2_AA_INTENT,FROZEN
F264,Asset scrap,Assets,FULL_RESPONSIVE,READ_ONLY,OPT_IN_ONLY_WHERE_DOSSIER_REQUIRES,FULL_OPERATOR_EXPERIENCE,WCAG_2_2_AA_INTENT,FROZEN
F265,Gain / loss on disposal,Assets,FULL_RESPONSIVE,READ_ONLY,OPT_IN_ONLY_WHERE_DOSSIER_REQUIRES,FULL_OPERATOR_EXPERIENCE,WCAG_2_2_AA_INTENT,FROZEN
F266,Asset accounting integration,Assets,FULL_RESPONSIVE,READ_ONLY,OPT_IN_ONLY_WHERE_DOSSIER_REQUIRES,FULL_OPERATOR_EXPERIENCE,WCAG_2_2_AA_INTENT,FROZEN
F267,Asset reports,Assets,FULL_RESPONSIVE,READ_ONLY,OPT_IN_ONLY_WHERE_DOSSIER_REQUIRES,FULL_OPERATOR_EXPERIENCE,WCAG_2_2_AA_INTENT,FROZEN
F268,Stores and outlets,Point of Sale,FULL_RESPONSIVE,FULL,OPT_IN_ONLY_WHERE_DOSSIER_REQUIRES,FULL_OPERATOR_EXPERIENCE,WCAG_2_2_AA_INTENT,FROZEN
F269,POS terminals,Point of Sale,FULL_RESPONSIVE,FULL,OPT_IN_ONLY_WHERE_DOSSIER_REQUIRES,FULL_OPERATOR_EXPERIENCE,WCAG_2_2_AA_INTENT,FROZEN
F270,Cashiers,Point of Sale,FULL_RESPONSIVE,FULL,OPT_IN_ONLY_WHERE_DOSSIER_REQUIRES,FULL_OPERATOR_EXPERIENCE,WCAG_2_2_AA_INTENT,FROZEN
F271,Cashier permissions,Point of Sale,FULL_RESPONSIVE,FULL,OPT_IN_ONLY_WHERE_DOSSIER_REQUIRES,FULL_OPERATOR_EXPERIENCE,WCAG_2_2_AA_INTENT,FROZEN
F272,Product search,Point of Sale,FULL_RESPONSIVE,FULL,OPT_IN_ONLY_WHERE_DOSSIER_REQUIRES,FULL_OPERATOR_EXPERIENCE,WCAG_2_2_AA_INTENT,FROZEN
F273,Barcode scanning,Point of Sale,FULL_RESPONSIVE,FULL,OPT_IN_ONLY_WHERE_DOSSIER_REQUIRES,FULL_OPERATOR_EXPERIENCE,WCAG_2_2_AA_INTENT,FROZEN
F274,Product variants,Point of Sale,FULL_RESPONSIVE,FULL,OPT_IN_ONLY_WHERE_DOSSIER_REQUIRES,FULL_OPERATOR_EXPERIENCE,WCAG_2_2_AA_INTENT,FROZEN
F275,Price lists,Point of Sale,FULL_RESPONSIVE,FULL,OPT_IN_ONLY_WHERE_DOSSIER_REQUIRES,FULL_OPERATOR_EXPERIENCE,WCAG_2_2_AA_INTENT,FROZEN
F276,Customer selection,Point of Sale,FULL_RESPONSIVE,FULL,OPT_IN_ONLY_WHERE_DOSSIER_REQUIRES,FULL_OPERATOR_EXPERIENCE,WCAG_2_2_AA_INTENT,FROZEN
F277,Cart,Point of Sale,FULL_RESPONSIVE,FULL,OPT_IN_ONLY_WHERE_DOSSIER_REQUIRES,FULL_OPERATOR_EXPERIENCE,WCAG_2_2_AA_INTENT,FROZEN
F278,Taxes,Point of Sale,FULL_RESPONSIVE,FULL,OPT_IN_ONLY_WHERE_DOSSIER_REQUIRES,FULL_OPERATOR_EXPERIENCE,WCAG_2_2_AA_INTENT,FROZEN
F279,Discounts,Point of Sale,FULL_RESPONSIVE,FULL,OPT_IN_ONLY_WHERE_DOSSIER_REQUIRES,FULL_OPERATOR_EXPERIENCE,WCAG_2_2_AA_INTENT,FROZEN
F280,Promotions,Point of Sale,FULL_RESPONSIVE,FULL,OPT_IN_ONLY_WHERE_DOSSIER_REQUIRES,FULL_OPERATOR_EXPERIENCE,WCAG_2_2_AA_INTENT,FROZEN
F281,Coupons,Point of Sale,FULL_RESPONSIVE,FULL,OPT_IN_ONLY_WHERE_DOSSIER_REQUIRES,FULL_OPERATOR_EXPERIENCE,WCAG_2_2_AA_INTENT,FROZEN
F282,Cash payments,Point of Sale,FULL_RESPONSIVE,FULL,OPT_IN_ONLY_WHERE_DOSSIER_REQUIRES,FULL_OPERATOR_EXPERIENCE,WCAG_2_2_AA_INTENT,FROZEN
F283,Card payments,Point of Sale,FULL_RESPONSIVE,FULL,OPT_IN_ONLY_WHERE_DOSSIER_REQUIRES,FULL_OPERATOR_EXPERIENCE,WCAG_2_2_AA_INTENT,FROZEN
F284,UPI and digital payments,Point of Sale,FULL_RESPONSIVE,FULL,OPT_IN_ONLY_WHERE_DOSSIER_REQUIRES,FULL_OPERATOR_EXPERIENCE,WCAG_2_2_AA_INTENT,FROZEN
F285,Split payments,Point of Sale,FULL_RESPONSIVE,FULL,OPT_IN_ONLY_WHERE_DOSSIER_REQUIRES,FULL_OPERATOR_EXPERIENCE,WCAG_2_2_AA_INTENT,FROZEN
F286,Multiple payment methods,Point of Sale,FULL_RESPONSIVE,FULL,OPT_IN_ONLY_WHERE_DOSSIER_REQUIRES,FULL_OPERATOR_EXPERIENCE,WCAG_2_2_AA_INTENT,FROZEN
F287,Hold / suspend sale,Point of Sale,FULL_RESPONSIVE,FULL,OPT_IN_ONLY_WHERE_DOSSIER_REQUIRES,FULL_OPERATOR_EXPERIENCE,WCAG_2_2_AA_INTENT,FROZEN
F288,Resume sale,Point of Sale,FULL_RESPONSIVE,FULL,OPT_IN_ONLY_WHERE_DOSSIER_REQUIRES,FULL_OPERATOR_EXPERIENCE,WCAG_2_2_AA_INTENT,FROZEN
F289,Receipt printing,Point of Sale,FULL_RESPONSIVE,FULL,OPT_IN_ONLY_WHERE_DOSSIER_REQUIRES,FULL_OPERATOR_EXPERIENCE,WCAG_2_2_AA_INTENT,FROZEN
F290,Invoice generation,Point of Sale,FULL_RESPONSIVE,FULL,OPT_IN_ONLY_WHERE_DOSSIER_REQUIRES,FULL_OPERATOR_EXPERIENCE,WCAG_2_2_AA_INTENT,FROZEN
F291,Returns,Point of Sale,FULL_RESPONSIVE,FULL,OPT_IN_ONLY_WHERE_DOSSIER_REQUIRES,FULL_OPERATOR_EXPERIENCE,WCAG_2_2_AA_INTENT,FROZEN
F292,Refunds,Point of Sale,FULL_RESPONSIVE,FULL,OPT_IN_ONLY_WHERE_DOSSIER_REQUIRES,FULL_OPERATOR_EXPERIENCE,WCAG_2_2_AA_INTENT,FROZEN
F293,Exchanges,Point of Sale,FULL_RESPONSIVE,FULL,OPT_IN_ONLY_WHERE_DOSSIER_REQUIRES,FULL_OPERATOR_EXPERIENCE,WCAG_2_2_AA_INTENT,FROZEN
F294,Stock reduction,Point of Sale,FULL_RESPONSIVE,FULL,OPT_IN_ONLY_WHERE_DOSSIER_REQUIRES,FULL_OPERATOR_EXPERIENCE,WCAG_2_2_AA_INTENT,FROZEN
F295,Lot / serial support where required,Point of Sale,FULL_RESPONSIVE,FULL,OPT_IN_ONLY_WHERE_DOSSIER_REQUIRES,FULL_OPERATOR_EXPERIENCE,WCAG_2_2_AA_INTENT,FROZEN
F296,Real-time inventory,Point of Sale,FULL_RESPONSIVE,FULL,OPT_IN_ONLY_WHERE_DOSSIER_REQUIRES,FULL_OPERATOR_EXPERIENCE,WCAG_2_2_AA_INTENT,FROZEN
F297,Offline POS,Point of Sale,FULL_RESPONSIVE,FULL,OPT_IN_ONLY_WHERE_DOSSIER_REQUIRES,FULL_OPERATOR_EXPERIENCE,WCAG_2_2_AA_INTENT,FROZEN
F298,Offline-to-online synchronization,Point of Sale,FULL_RESPONSIVE,FULL,OPT_IN_ONLY_WHERE_DOSSIER_REQUIRES,FULL_OPERATOR_EXPERIENCE,WCAG_2_2_AA_INTENT,FROZEN
F299,Cash drawer opening balance,Point of Sale,FULL_RESPONSIVE,FULL,OPT_IN_ONLY_WHERE_DOSSIER_REQUIRES,FULL_OPERATOR_EXPERIENCE,WCAG_2_2_AA_INTENT,FROZEN
F300,Cash movements,Point of Sale,FULL_RESPONSIVE,FULL,OPT_IN_ONLY_WHERE_DOSSIER_REQUIRES,FULL_OPERATOR_EXPERIENCE,WCAG_2_2_AA_INTENT,FROZEN
F301,Shift opening,Point of Sale,FULL_RESPONSIVE,FULL,OPT_IN_ONLY_WHERE_DOSSIER_REQUIRES,FULL_OPERATOR_EXPERIENCE,WCAG_2_2_AA_INTENT,FROZEN
F302,Shift closing,Point of Sale,FULL_RESPONSIVE,FULL,OPT_IN_ONLY_WHERE_DOSSIER_REQUIRES,FULL_OPERATOR_EXPERIENCE,WCAG_2_2_AA_INTENT,FROZEN
F303,Day-end / Z report,Point of Sale,FULL_RESPONSIVE,FULL,OPT_IN_ONLY_WHERE_DOSSIER_REQUIRES,FULL_OPERATOR_EXPERIENCE,WCAG_2_2_AA_INTENT,FROZEN
F304,Payment reconciliation,Point of Sale,FULL_RESPONSIVE,FULL,OPT_IN_ONLY_WHERE_DOSSIER_REQUIRES,FULL_OPERATOR_EXPERIENCE,WCAG_2_2_AA_INTENT,FROZEN
F305,POS accounting posting,Point of Sale,FULL_RESPONSIVE,FULL,OPT_IN_ONLY_WHERE_DOSSIER_REQUIRES,FULL_OPERATOR_EXPERIENCE,WCAG_2_2_AA_INTENT,FROZEN
F306,Loyalty,Point of Sale,FULL_RESPONSIVE,FULL,OPT_IN_ONLY_WHERE_DOSSIER_REQUIRES,FULL_OPERATOR_EXPERIENCE,WCAG_2_2_AA_INTENT,FROZEN
F307,POS sales analytics,Point of Sale,FULL_RESPONSIVE,FULL,OPT_IN_ONLY_WHERE_DOSSIER_REQUIRES,FULL_OPERATOR_EXPERIENCE,WCAG_2_2_AA_INTENT,FROZEN
F308,Quality standards,Quality,FULL_RESPONSIVE,READ_ONLY,OPT_IN_ONLY_WHERE_DOSSIER_REQUIRES,FULL_OPERATOR_EXPERIENCE,WCAG_2_2_AA_INTENT,FROZEN
F309,Inspection specifications,Quality,FULL_RESPONSIVE,FIELD_OPTIMIZED,OPT_IN_ONLY_WHERE_DOSSIER_REQUIRES,FULL_OPERATOR_EXPERIENCE,WCAG_2_2_AA_INTENT,FROZEN
F310,Quality plans,Quality,FULL_RESPONSIVE,READ_ONLY,OPT_IN_ONLY_WHERE_DOSSIER_REQUIRES,FULL_OPERATOR_EXPERIENCE,WCAG_2_2_AA_INTENT,FROZEN
F311,Quality control points,Quality,FULL_RESPONSIVE,READ_ONLY,OPT_IN_ONLY_WHERE_DOSSIER_REQUIRES,FULL_OPERATOR_EXPERIENCE,WCAG_2_2_AA_INTENT,FROZEN
F312,Incoming inspection,Quality,FULL_RESPONSIVE,FIELD_OPTIMIZED,OPT_IN_ONLY_WHERE_DOSSIER_REQUIRES,FULL_OPERATOR_EXPERIENCE,WCAG_2_2_AA_INTENT,FROZEN
F313,In-process inspection,Quality,FULL_RESPONSIVE,FIELD_OPTIMIZED,OPT_IN_ONLY_WHERE_DOSSIER_REQUIRES,FULL_OPERATOR_EXPERIENCE,WCAG_2_2_AA_INTENT,FROZEN
F314,Final inspection,Quality,FULL_RESPONSIVE,FIELD_OPTIMIZED,OPT_IN_ONLY_WHERE_DOSSIER_REQUIRES,FULL_OPERATOR_EXPERIENCE,WCAG_2_2_AA_INTENT,FROZEN
F315,Sampling plans,Quality,FULL_RESPONSIVE,READ_ONLY,OPT_IN_ONLY_WHERE_DOSSIER_REQUIRES,FULL_OPERATOR_EXPERIENCE,WCAG_2_2_AA_INTENT,FROZEN
F316,Measurement checks,Quality,FULL_RESPONSIVE,READ_ONLY,OPT_IN_ONLY_WHERE_DOSSIER_REQUIRES,FULL_OPERATOR_EXPERIENCE,WCAG_2_2_AA_INTENT,FROZEN
F317,Pass / fail checks,Quality,FULL_RESPONSIVE,READ_ONLY,OPT_IN_ONLY_WHERE_DOSSIER_REQUIRES,FULL_OPERATOR_EXPERIENCE,WCAG_2_2_AA_INTENT,FROZEN
F318,Tolerances,Quality,FULL_RESPONSIVE,READ_ONLY,OPT_IN_ONLY_WHERE_DOSSIER_REQUIRES,FULL_OPERATOR_EXPERIENCE,WCAG_2_2_AA_INTENT,FROZEN
F319,Inspection results,Quality,FULL_RESPONSIVE,FIELD_OPTIMIZED,OPT_IN_ONLY_WHERE_DOSSIER_REQUIRES,FULL_OPERATOR_EXPERIENCE,WCAG_2_2_AA_INTENT,FROZEN
F320,Defect recording,Quality,FULL_RESPONSIVE,READ_ONLY,OPT_IN_ONLY_WHERE_DOSSIER_REQUIRES,FULL_OPERATOR_EXPERIENCE,WCAG_2_2_AA_INTENT,FROZEN
F321,Non-conformance / NCR,Quality,FULL_RESPONSIVE,READ_ONLY,OPT_IN_ONLY_WHERE_DOSSIER_REQUIRES,FULL_OPERATOR_EXPERIENCE,WCAG_2_2_AA_INTENT,FROZEN
F322,Quality hold,Quality,FULL_RESPONSIVE,READ_ONLY,OPT_IN_ONLY_WHERE_DOSSIER_REQUIRES,FULL_OPERATOR_EXPERIENCE,WCAG_2_2_AA_INTENT,FROZEN
F323,Quality hold must block stock movement,Quality,FULL_RESPONSIVE,READ_ONLY,OPT_IN_ONLY_WHERE_DOSSIER_REQUIRES,FULL_OPERATOR_EXPERIENCE,WCAG_2_2_AA_INTENT,FROZEN
F324,Hold release,Quality,FULL_RESPONSIVE,APPROVAL_ONLY,OPT_IN_ONLY_WHERE_DOSSIER_REQUIRES,FULL_OPERATOR_EXPERIENCE,WCAG_2_2_AA_INTENT,FROZEN
F325,Disposition,Quality,FULL_RESPONSIVE,READ_ONLY,OPT_IN_ONLY_WHERE_DOSSIER_REQUIRES,FULL_OPERATOR_EXPERIENCE,WCAG_2_2_AA_INTENT,FROZEN
F326,Rework,Quality,FULL_RESPONSIVE,READ_ONLY,OPT_IN_ONLY_WHERE_DOSSIER_REQUIRES,FULL_OPERATOR_EXPERIENCE,WCAG_2_2_AA_INTENT,FROZEN
F327,Scrap,Quality,FULL_RESPONSIVE,READ_ONLY,OPT_IN_ONLY_WHERE_DOSSIER_REQUIRES,FULL_OPERATOR_EXPERIENCE,WCAG_2_2_AA_INTENT,FROZEN
F328,Return to supplier,Quality,FULL_RESPONSIVE,READ_ONLY,OPT_IN_ONLY_WHERE_DOSSIER_REQUIRES,FULL_OPERATOR_EXPERIENCE,WCAG_2_2_AA_INTENT,FROZEN
F329,Use-as-is approval,Quality,FULL_RESPONSIVE,APPROVAL_ONLY,OPT_IN_ONLY_WHERE_DOSSIER_REQUIRES,FULL_OPERATOR_EXPERIENCE,WCAG_2_2_AA_INTENT,FROZEN
F330,Root-cause analysis,Quality,FULL_RESPONSIVE,READ_ONLY,OPT_IN_ONLY_WHERE_DOSSIER_REQUIRES,FULL_OPERATOR_EXPERIENCE,WCAG_2_2_AA_INTENT,FROZEN
F331,CAPA,Quality,FULL_RESPONSIVE,READ_ONLY,OPT_IN_ONLY_WHERE_DOSSIER_REQUIRES,FULL_OPERATOR_EXPERIENCE,WCAG_2_2_AA_INTENT,FROZEN
F332,Corrective actions,Quality,FULL_RESPONSIVE,READ_ONLY,OPT_IN_ONLY_WHERE_DOSSIER_REQUIRES,FULL_OPERATOR_EXPERIENCE,WCAG_2_2_AA_INTENT,FROZEN
F333,Preventive actions,Quality,FULL_RESPONSIVE,READ_ONLY,OPT_IN_ONLY_WHERE_DOSSIER_REQUIRES,FULL_OPERATOR_EXPERIENCE,WCAG_2_2_AA_INTENT,FROZEN
F334,Supplier quality,Quality,FULL_RESPONSIVE,READ_ONLY,OPT_IN_ONLY_WHERE_DOSSIER_REQUIRES,FULL_OPERATOR_EXPERIENCE,WCAG_2_2_AA_INTENT,FROZEN
F335,Customer quality complaints,Quality,FULL_RESPONSIVE,READ_ONLY,OPT_IN_ONLY_WHERE_DOSSIER_REQUIRES,FULL_OPERATOR_EXPERIENCE,WCAG_2_2_AA_INTENT,FROZEN
F336,Calibration,Quality,FULL_RESPONSIVE,READ_ONLY,OPT_IN_ONLY_WHERE_DOSSIER_REQUIRES,FULL_OPERATOR_EXPERIENCE,WCAG_2_2_AA_INTENT,FROZEN
F337,Quality audits,Quality,FULL_RESPONSIVE,READ_ONLY,OPT_IN_ONLY_WHERE_DOSSIER_REQUIRES,FULL_OPERATOR_EXPERIENCE,WCAG_2_2_AA_INTENT,FROZEN
F338,Certificate of Analysis,Quality,FULL_RESPONSIVE,READ_ONLY,OPT_IN_ONLY_WHERE_DOSSIER_REQUIRES,FULL_OPERATOR_EXPERIENCE,WCAG_2_2_AA_INTENT,FROZEN
F339,Lot / batch traceability,Quality,FULL_RESPONSIVE,READ_ONLY,OPT_IN_ONLY_WHERE_DOSSIER_REQUIRES,FULL_OPERATOR_EXPERIENCE,WCAG_2_2_AA_INTENT,FROZEN
F340,Quality documents,Quality,FULL_RESPONSIVE,READ_ONLY,OPT_IN_ONLY_WHERE_DOSSIER_REQUIRES,FULL_OPERATOR_EXPERIENCE,WCAG_2_2_AA_INTENT,FROZEN
F341,Quality cost reporting,Quality,FULL_RESPONSIVE,READ_ONLY,OPT_IN_ONLY_WHERE_DOSSIER_REQUIRES,FULL_OPERATOR_EXPERIENCE,WCAG_2_2_AA_INTENT,FROZEN
F342,Quality KPI dashboard,Quality,FULL_RESPONSIVE,READ_ONLY,OPT_IN_ONLY_WHERE_DOSSIER_REQUIRES,FULL_OPERATOR_EXPERIENCE,WCAG_2_2_AA_INTENT,FROZEN
F343,Tickets and cases,Support / Customer Service,FULL_RESPONSIVE,FIELD_OPTIMIZED,OPT_IN_ONLY_WHERE_DOSSIER_REQUIRES,FULL_OPERATOR_EXPERIENCE,WCAG_2_2_AA_INTENT,FROZEN
F344,Ticket number,Support / Customer Service,FULL_RESPONSIVE,FIELD_OPTIMIZED,OPT_IN_ONLY_WHERE_DOSSIER_REQUIRES,FULL_OPERATOR_EXPERIENCE,WCAG_2_2_AA_INTENT,FROZEN
F345,Customer,Support / Customer Service,FULL_RESPONSIVE,FULL,OPT_IN_ONLY_WHERE_DOSSIER_REQUIRES,FULL_OPERATOR_EXPERIENCE,WCAG_2_2_AA_INTENT,FROZEN
F346,Contact,Support / Customer Service,FULL_RESPONSIVE,FULL,OPT_IN_ONLY_WHERE_DOSSIER_REQUIRES,FULL_OPERATOR_EXPERIENCE,WCAG_2_2_AA_INTENT,FROZEN
F347,Category,Support / Customer Service,FULL_RESPONSIVE,READ_ONLY,OPT_IN_ONLY_WHERE_DOSSIER_REQUIRES,FULL_OPERATOR_EXPERIENCE,WCAG_2_2_AA_INTENT,FROZEN
F348,Priority,Support / Customer Service,FULL_RESPONSIVE,FULL,OPT_IN_ONLY_WHERE_DOSSIER_REQUIRES,FULL_OPERATOR_EXPERIENCE,WCAG_2_2_AA_INTENT,FROZEN
F349,Status,Support / Customer Service,FULL_RESPONSIVE,FULL,OPT_IN_ONLY_WHERE_DOSSIER_REQUIRES,FULL_OPERATOR_EXPERIENCE,WCAG_2_2_AA_INTENT,FROZEN
F350,Queues,Support / Customer Service,FULL_RESPONSIVE,FULL,OPT_IN_ONLY_WHERE_DOSSIER_REQUIRES,FULL_OPERATOR_EXPERIENCE,WCAG_2_2_AA_INTENT,FROZEN
F351,Agent assignment,Support / Customer Service,FULL_RESPONSIVE,FULL,OPT_IN_ONLY_WHERE_DOSSIER_REQUIRES,FULL_OPERATOR_EXPERIENCE,WCAG_2_2_AA_INTENT,FROZEN
F352,Automatic routing,Support / Customer Service,FULL_RESPONSIVE,READ_ONLY,OPT_IN_ONLY_WHERE_DOSSIER_REQUIRES,FULL_OPERATOR_EXPERIENCE,WCAG_2_2_AA_INTENT,FROZEN
F353,Email-to-ticket,Support / Customer Service,FULL_RESPONSIVE,FIELD_OPTIMIZED,OPT_IN_ONLY_WHERE_DOSSIER_REQUIRES,FULL_OPERATOR_EXPERIENCE,WCAG_2_2_AA_INTENT,FROZEN
F354,Web ticket creation,Support / Customer Service,FULL_RESPONSIVE,FIELD_OPTIMIZED,OPT_IN_ONLY_WHERE_DOSSIER_REQUIRES,FULL_OPERATOR_EXPERIENCE,WCAG_2_2_AA_INTENT,FROZEN
F355,Manual ticket creation,Support / Customer Service,FULL_RESPONSIVE,FIELD_OPTIMIZED,OPT_IN_ONLY_WHERE_DOSSIER_REQUIRES,FULL_OPERATOR_EXPERIENCE,WCAG_2_2_AA_INTENT,FROZEN
F356,Customer replies,Support / Customer Service,FULL_RESPONSIVE,FULL,OPT_IN_ONLY_WHERE_DOSSIER_REQUIRES,FULL_OPERATOR_EXPERIENCE,WCAG_2_2_AA_INTENT,FROZEN
F357,Internal / private notes,Support / Customer Service,FULL_RESPONSIVE,FULL,OPT_IN_ONLY_WHERE_DOSSIER_REQUIRES,FULL_OPERATOR_EXPERIENCE,WCAG_2_2_AA_INTENT,FROZEN
F358,Attachments,Support / Customer Service,FULL_RESPONSIVE,FULL,OPT_IN_ONLY_WHERE_DOSSIER_REQUIRES,FULL_OPERATOR_EXPERIENCE,WCAG_2_2_AA_INTENT,FROZEN
F359,SLA policies,Support / Customer Service,FULL_RESPONSIVE,FULL,OPT_IN_ONLY_WHERE_DOSSIER_REQUIRES,FULL_OPERATOR_EXPERIENCE,WCAG_2_2_AA_INTENT,FROZEN
F360,First-response SLA,Support / Customer Service,FULL_RESPONSIVE,FULL,OPT_IN_ONLY_WHERE_DOSSIER_REQUIRES,FULL_OPERATOR_EXPERIENCE,WCAG_2_2_AA_INTENT,FROZEN
F361,Resolution SLA,Support / Customer Service,FULL_RESPONSIVE,FULL,OPT_IN_ONLY_WHERE_DOSSIER_REQUIRES,FULL_OPERATOR_EXPERIENCE,WCAG_2_2_AA_INTENT,FROZEN
F362,SLA breach handling,Support / Customer Service,FULL_RESPONSIVE,FULL,OPT_IN_ONLY_WHERE_DOSSIER_REQUIRES,FULL_OPERATOR_EXPERIENCE,WCAG_2_2_AA_INTENT,FROZEN
F363,Escalations,Support / Customer Service,FULL_RESPONSIVE,FULL,OPT_IN_ONLY_WHERE_DOSSIER_REQUIRES,FULL_OPERATOR_EXPERIENCE,WCAG_2_2_AA_INTENT,FROZEN
F364,Reassignment,Support / Customer Service,FULL_RESPONSIVE,FULL,OPT_IN_ONLY_WHERE_DOSSIER_REQUIRES,FULL_OPERATOR_EXPERIENCE,WCAG_2_2_AA_INTENT,FROZEN
F365,Ticket history,Support / Customer Service,FULL_RESPONSIVE,FIELD_OPTIMIZED,OPT_IN_ONLY_WHERE_DOSSIER_REQUIRES,FULL_OPERATOR_EXPERIENCE,WCAG_2_2_AA_INTENT,FROZEN
F366,Reopen ticket,Support / Customer Service,FULL_RESPONSIVE,FIELD_OPTIMIZED,OPT_IN_ONLY_WHERE_DOSSIER_REQUIRES,FULL_OPERATOR_EXPERIENCE,WCAG_2_2_AA_INTENT,FROZEN
F367,Merge duplicate tickets,Support / Customer Service,FULL_RESPONSIVE,FIELD_OPTIMIZED,OPT_IN_ONLY_WHERE_DOSSIER_REQUIRES,FULL_OPERATOR_EXPERIENCE,WCAG_2_2_AA_INTENT,FROZEN
F368,Tags,Support / Customer Service,FULL_RESPONSIVE,FULL,OPT_IN_ONLY_WHERE_DOSSIER_REQUIRES,FULL_OPERATOR_EXPERIENCE,WCAG_2_2_AA_INTENT,FROZEN
F369,Knowledge base,Support / Customer Service,FULL_RESPONSIVE,FULL,OPT_IN_ONLY_WHERE_DOSSIER_REQUIRES,FULL_OPERATOR_EXPERIENCE,WCAG_2_2_AA_INTENT,FROZEN
F370,Canned responses,Support / Customer Service,FULL_RESPONSIVE,FULL,OPT_IN_ONLY_WHERE_DOSSIER_REQUIRES,FULL_OPERATOR_EXPERIENCE,WCAG_2_2_AA_INTENT,FROZEN
F371,Customer portal,Support / Customer Service,FULL_RESPONSIVE,FULL,OPT_IN_ONLY_WHERE_DOSSIER_REQUIRES,FULL_OPERATOR_EXPERIENCE,WCAG_2_2_AA_INTENT,FROZEN
F372,Customer order history,Support / Customer Service,FULL_RESPONSIVE,FULL,OPT_IN_ONLY_WHERE_DOSSIER_REQUIRES,FULL_OPERATOR_EXPERIENCE,WCAG_2_2_AA_INTENT,FROZEN
F373,Product linkage,Support / Customer Service,FULL_RESPONSIVE,FULL,OPT_IN_ONLY_WHERE_DOSSIER_REQUIRES,FULL_OPERATOR_EXPERIENCE,WCAG_2_2_AA_INTENT,FROZEN
F374,Asset linkage,Support / Customer Service,FULL_RESPONSIVE,FULL,OPT_IN_ONLY_WHERE_DOSSIER_REQUIRES,FULL_OPERATOR_EXPERIENCE,WCAG_2_2_AA_INTENT,FROZEN
F375,Warranty and service entitlement,Support / Customer Service,FULL_RESPONSIVE,FULL,OPT_IN_ONLY_WHERE_DOSSIER_REQUIRES,FULL_OPERATOR_EXPERIENCE,WCAG_2_2_AA_INTENT,FROZEN
F376,CSAT / customer rating,Support / Customer Service,FULL_RESPONSIVE,FULL,OPT_IN_ONLY_WHERE_DOSSIER_REQUIRES,FULL_OPERATOR_EXPERIENCE,WCAG_2_2_AA_INTENT,FROZEN
F377,Agent performance,Support / Customer Service,FULL_RESPONSIVE,FULL,OPT_IN_ONLY_WHERE_DOSSIER_REQUIRES,FULL_OPERATOR_EXPERIENCE,WCAG_2_2_AA_INTENT,FROZEN
F378,SLA reporting,Support / Customer Service,FULL_RESPONSIVE,READ_ONLY,OPT_IN_ONLY_WHERE_DOSSIER_REQUIRES,FULL_OPERATOR_EXPERIENCE,WCAG_2_2_AA_INTENT,FROZEN
F379,Ticket dashboards,Support / Customer Service,FULL_RESPONSIVE,FIELD_OPTIMIZED,OPT_IN_ONLY_WHERE_DOSSIER_REQUIRES,FULL_OPERATOR_EXPERIENCE,WCAG_2_2_AA_INTENT,FROZEN
F380,Complete audit trail,Support / Customer Service,FULL_RESPONSIVE,FULL,OPT_IN_ONLY_WHERE_DOSSIER_REQUIRES,FULL_OPERATOR_EXPERIENCE,WCAG_2_2_AA_INTENT,FROZEN
F381,Employee master,HR & Payroll,FULL_RESPONSIVE,FULL,OPT_IN_ONLY_WHERE_DOSSIER_REQUIRES,FULL_OPERATOR_EXPERIENCE,WCAG_2_2_AA_INTENT,FROZEN
F382,Employee number,HR & Payroll,FULL_RESPONSIVE,FULL,OPT_IN_ONLY_WHERE_DOSSIER_REQUIRES,FULL_OPERATOR_EXPERIENCE,WCAG_2_2_AA_INTENT,FROZEN
F383,Departments,HR & Payroll,FULL_RESPONSIVE,FULL,OPT_IN_ONLY_WHERE_DOSSIER_REQUIRES,FULL_OPERATOR_EXPERIENCE,WCAG_2_2_AA_INTENT,FROZEN
F384,Designations,HR & Payroll,FULL_RESPONSIVE,FULL,OPT_IN_ONLY_WHERE_DOSSIER_REQUIRES,FULL_OPERATOR_EXPERIENCE,WCAG_2_2_AA_INTENT,FROZEN
F385,Reporting manager,HR & Payroll,FULL_RESPONSIVE,READ_ONLY,OPT_IN_ONLY_WHERE_DOSSIER_REQUIRES,FULL_OPERATOR_EXPERIENCE,WCAG_2_2_AA_INTENT,FROZEN
F386,Branch and location,HR & Payroll,FULL_RESPONSIVE,FULL,OPT_IN_ONLY_WHERE_DOSSIER_REQUIRES,FULL_OPERATOR_EXPERIENCE,WCAG_2_2_AA_INTENT,FROZEN
F387,Employment type,HR & Payroll,FULL_RESPONSIVE,FULL,OPT_IN_ONLY_WHERE_DOSSIER_REQUIRES,FULL_OPERATOR_EXPERIENCE,WCAG_2_2_AA_INTENT,FROZEN
F388,Employee documents,HR & Payroll,FULL_RESPONSIVE,FULL,OPT_IN_ONLY_WHERE_DOSSIER_REQUIRES,FULL_OPERATOR_EXPERIENCE,WCAG_2_2_AA_INTENT,FROZEN
F389,Joining,HR & Payroll,FULL_RESPONSIVE,FULL,OPT_IN_ONLY_WHERE_DOSSIER_REQUIRES,FULL_OPERATOR_EXPERIENCE,WCAG_2_2_AA_INTENT,FROZEN
F390,Probation,HR & Payroll,FULL_RESPONSIVE,FULL,OPT_IN_ONLY_WHERE_DOSSIER_REQUIRES,FULL_OPERATOR_EXPERIENCE,WCAG_2_2_AA_INTENT,FROZEN
F391,Confirmation,HR & Payroll,FULL_RESPONSIVE,APPROVAL_ONLY,OPT_IN_ONLY_WHERE_DOSSIER_REQUIRES,FULL_OPERATOR_EXPERIENCE,WCAG_2_2_AA_INTENT,FROZEN
F392,Transfers,HR & Payroll,FULL_RESPONSIVE,FIELD_OPTIMIZED,OPT_IN_ONLY_WHERE_DOSSIER_REQUIRES,FULL_OPERATOR_EXPERIENCE,WCAG_2_2_AA_INTENT,FROZEN
F393,Promotions,HR & Payroll,FULL_RESPONSIVE,FULL,OPT_IN_ONLY_WHERE_DOSSIER_REQUIRES,FULL_OPERATOR_EXPERIENCE,WCAG_2_2_AA_INTENT,FROZEN
F394,Separation,HR & Payroll,FULL_RESPONSIVE,FULL,OPT_IN_ONLY_WHERE_DOSSIER_REQUIRES,FULL_OPERATOR_EXPERIENCE,WCAG_2_2_AA_INTENT,FROZEN
F395,Offboarding,HR & Payroll,FULL_RESPONSIVE,FULL,OPT_IN_ONLY_WHERE_DOSSIER_REQUIRES,FULL_OPERATOR_EXPERIENCE,WCAG_2_2_AA_INTENT,FROZEN
F396,Employee self-service,HR & Payroll,FULL_RESPONSIVE,FULL,OPT_IN_ONLY_WHERE_DOSSIER_REQUIRES,FULL_OPERATOR_EXPERIENCE,WCAG_2_2_AA_INTENT,FROZEN
F397,Job openings,HR & Payroll,FULL_RESPONSIVE,FULL,OPT_IN_ONLY_WHERE_DOSSIER_REQUIRES,FULL_OPERATOR_EXPERIENCE,WCAG_2_2_AA_INTENT,FROZEN
F398,Candidates,HR & Payroll,FULL_RESPONSIVE,FULL,OPT_IN_ONLY_WHERE_DOSSIER_REQUIRES,FULL_OPERATOR_EXPERIENCE,WCAG_2_2_AA_INTENT,FROZEN
F399,Recruitment pipeline,HR & Payroll,FULL_RESPONSIVE,FULL,OPT_IN_ONLY_WHERE_DOSSIER_REQUIRES,FULL_OPERATOR_EXPERIENCE,WCAG_2_2_AA_INTENT,FROZEN
F400,Interviews,HR & Payroll,FULL_RESPONSIVE,FULL,OPT_IN_ONLY_WHERE_DOSSIER_REQUIRES,FULL_OPERATOR_EXPERIENCE,WCAG_2_2_AA_INTENT,FROZEN
F401,Offers,HR & Payroll,FULL_RESPONSIVE,FULL,OPT_IN_ONLY_WHERE_DOSSIER_REQUIRES,FULL_OPERATOR_EXPERIENCE,WCAG_2_2_AA_INTENT,FROZEN
F402,Candidate-to-employee conversion,HR & Payroll,FULL_RESPONSIVE,FULL,OPT_IN_ONLY_WHERE_DOSSIER_REQUIRES,FULL_OPERATOR_EXPERIENCE,WCAG_2_2_AA_INTENT,FROZEN
F403,Shifts,HR & Payroll,FULL_RESPONSIVE,FULL,OPT_IN_ONLY_WHERE_DOSSIER_REQUIRES,FULL_OPERATOR_EXPERIENCE,WCAG_2_2_AA_INTENT,FROZEN
F404,Attendance,HR & Payroll,FULL_RESPONSIVE,FIELD_OPTIMIZED,OPT_IN_ONLY_WHERE_DOSSIER_REQUIRES,FULL_OPERATOR_EXPERIENCE,WCAG_2_2_AA_INTENT,FROZEN
F405,Check-in and check-out,HR & Payroll,FULL_RESPONSIVE,FIELD_OPTIMIZED,OPT_IN_ONLY_WHERE_DOSSIER_REQUIRES,FULL_OPERATOR_EXPERIENCE,WCAG_2_2_AA_INTENT,FROZEN
F406,Late arrival,HR & Payroll,FULL_RESPONSIVE,FULL,OPT_IN_ONLY_WHERE_DOSSIER_REQUIRES,FULL_OPERATOR_EXPERIENCE,WCAG_2_2_AA_INTENT,FROZEN
F407,Early exit,HR & Payroll,FULL_RESPONSIVE,FULL,OPT_IN_ONLY_WHERE_DOSSIER_REQUIRES,FULL_OPERATOR_EXPERIENCE,WCAG_2_2_AA_INTENT,FROZEN
F408,Overtime,HR & Payroll,FULL_RESPONSIVE,FULL,OPT_IN_ONLY_WHERE_DOSSIER_REQUIRES,FULL_OPERATOR_EXPERIENCE,WCAG_2_2_AA_INTENT,FROZEN
F409,Attendance regularization,HR & Payroll,FULL_RESPONSIVE,FIELD_OPTIMIZED,OPT_IN_ONLY_WHERE_DOSSIER_REQUIRES,FULL_OPERATOR_EXPERIENCE,WCAG_2_2_AA_INTENT,FROZEN
F410,Leave types,HR & Payroll,FULL_RESPONSIVE,FULL,OPT_IN_ONLY_WHERE_DOSSIER_REQUIRES,FULL_OPERATOR_EXPERIENCE,WCAG_2_2_AA_INTENT,FROZEN
F411,Leave policies,HR & Payroll,FULL_RESPONSIVE,FULL,OPT_IN_ONLY_WHERE_DOSSIER_REQUIRES,FULL_OPERATOR_EXPERIENCE,WCAG_2_2_AA_INTENT,FROZEN
F412,Leave balances,HR & Payroll,FULL_RESPONSIVE,FULL,OPT_IN_ONLY_WHERE_DOSSIER_REQUIRES,FULL_OPERATOR_EXPERIENCE,WCAG_2_2_AA_INTENT,FROZEN
F413,Leave accrual,HR & Payroll,FULL_RESPONSIVE,FULL,OPT_IN_ONLY_WHERE_DOSSIER_REQUIRES,FULL_OPERATOR_EXPERIENCE,WCAG_2_2_AA_INTENT,FROZEN
F414,Carry-forward,HR & Payroll,FULL_RESPONSIVE,FULL,OPT_IN_ONLY_WHERE_DOSSIER_REQUIRES,FULL_OPERATOR_EXPERIENCE,WCAG_2_2_AA_INTENT,FROZEN
F415,Holiday calendars,HR & Payroll,FULL_RESPONSIVE,FULL,OPT_IN_ONLY_WHERE_DOSSIER_REQUIRES,FULL_OPERATOR_EXPERIENCE,WCAG_2_2_AA_INTENT,FROZEN
F416,Leave requests,HR & Payroll,FULL_RESPONSIVE,FULL,OPT_IN_ONLY_WHERE_DOSSIER_REQUIRES,FULL_OPERATOR_EXPERIENCE,WCAG_2_2_AA_INTENT,FROZEN
F417,Leave approval,HR & Payroll,FULL_RESPONSIVE,APPROVAL_ONLY,OPT_IN_ONLY_WHERE_DOSSIER_REQUIRES,FULL_OPERATOR_EXPERIENCE,WCAG_2_2_AA_INTENT,FROZEN
F418,Salary components,HR & Payroll,FULL_RESPONSIVE,FULL,OPT_IN_ONLY_WHERE_DOSSIER_REQUIRES,FULL_OPERATOR_EXPERIENCE,WCAG_2_2_AA_INTENT,FROZEN
F419,Earnings,HR & Payroll,FULL_RESPONSIVE,FULL,OPT_IN_ONLY_WHERE_DOSSIER_REQUIRES,FULL_OPERATOR_EXPERIENCE,WCAG_2_2_AA_INTENT,FROZEN
F420,Deductions,HR & Payroll,FULL_RESPONSIVE,FULL,OPT_IN_ONLY_WHERE_DOSSIER_REQUIRES,FULL_OPERATOR_EXPERIENCE,WCAG_2_2_AA_INTENT,FROZEN
F421,Salary structures,HR & Payroll,FULL_RESPONSIVE,READ_ONLY,OPT_IN_ONLY_WHERE_DOSSIER_REQUIRES,FULL_OPERATOR_EXPERIENCE,WCAG_2_2_AA_INTENT,FROZEN
F422,Employee compensation assignment,HR & Payroll,FULL_RESPONSIVE,FULL,OPT_IN_ONLY_WHERE_DOSSIER_REQUIRES,FULL_OPERATOR_EXPERIENCE,WCAG_2_2_AA_INTENT,FROZEN
F423,Payroll periods,HR & Payroll,FULL_RESPONSIVE,FULL,OPT_IN_ONLY_WHERE_DOSSIER_REQUIRES,FULL_OPERATOR_EXPERIENCE,WCAG_2_2_AA_INTENT,FROZEN
F424,Payroll calculation,HR & Payroll,FULL_RESPONSIVE,FULL,OPT_IN_ONLY_WHERE_DOSSIER_REQUIRES,FULL_OPERATOR_EXPERIENCE,WCAG_2_2_AA_INTENT,FROZEN
F425,Attendance-based payroll,HR & Payroll,FULL_RESPONSIVE,FIELD_OPTIMIZED,OPT_IN_ONLY_WHERE_DOSSIER_REQUIRES,FULL_OPERATOR_EXPERIENCE,WCAG_2_2_AA_INTENT,FROZEN
F426,Joining / separation proration,HR & Payroll,FULL_RESPONSIVE,FULL,OPT_IN_ONLY_WHERE_DOSSIER_REQUIRES,FULL_OPERATOR_EXPERIENCE,WCAG_2_2_AA_INTENT,FROZEN
F427,Overtime calculation,HR & Payroll,FULL_RESPONSIVE,FULL,OPT_IN_ONLY_WHERE_DOSSIER_REQUIRES,FULL_OPERATOR_EXPERIENCE,WCAG_2_2_AA_INTENT,FROZEN
F428,Bonus,HR & Payroll,FULL_RESPONSIVE,FULL,OPT_IN_ONLY_WHERE_DOSSIER_REQUIRES,FULL_OPERATOR_EXPERIENCE,WCAG_2_2_AA_INTENT,FROZEN
F429,Incentives,HR & Payroll,FULL_RESPONSIVE,FULL,OPT_IN_ONLY_WHERE_DOSSIER_REQUIRES,FULL_OPERATOR_EXPERIENCE,WCAG_2_2_AA_INTENT,FROZEN
F430,Reimbursements,HR & Payroll,FULL_RESPONSIVE,FULL,OPT_IN_ONLY_WHERE_DOSSIER_REQUIRES,FULL_OPERATOR_EXPERIENCE,WCAG_2_2_AA_INTENT,FROZEN
F431,Loans and salary advances,HR & Payroll,FULL_RESPONSIVE,FULL,OPT_IN_ONLY_WHERE_DOSSIER_REQUIRES,FULL_OPERATOR_EXPERIENCE,WCAG_2_2_AA_INTENT,FROZEN
F432,Arrears,HR & Payroll,FULL_RESPONSIVE,FULL,OPT_IN_ONLY_WHERE_DOSSIER_REQUIRES,FULL_OPERATOR_EXPERIENCE,WCAG_2_2_AA_INTENT,FROZEN
F433,Final settlement,HR & Payroll,FULL_RESPONSIVE,FULL,OPT_IN_ONLY_WHERE_DOSSIER_REQUIRES,FULL_OPERATOR_EXPERIENCE,WCAG_2_2_AA_INTENT,FROZEN
F434,Payroll approval,HR & Payroll,FULL_RESPONSIVE,APPROVAL_ONLY,OPT_IN_ONLY_WHERE_DOSSIER_REQUIRES,FULL_OPERATOR_EXPERIENCE,WCAG_2_2_AA_INTENT,FROZEN
F435,Payslips,HR & Payroll,FULL_RESPONSIVE,FULL,OPT_IN_ONLY_WHERE_DOSSIER_REQUIRES,FULL_OPERATOR_EXPERIENCE,WCAG_2_2_AA_INTENT,FROZEN
F436,Bank-transfer file,HR & Payroll,FULL_RESPONSIVE,FIELD_OPTIMIZED,OPT_IN_ONLY_WHERE_DOSSIER_REQUIRES,FULL_OPERATOR_EXPERIENCE,WCAG_2_2_AA_INTENT,FROZEN
F437,Payroll accounting posting,HR & Payroll,FULL_RESPONSIVE,FULL,OPT_IN_ONLY_WHERE_DOSSIER_REQUIRES,FULL_OPERATOR_EXPERIENCE,WCAG_2_2_AA_INTENT,FROZEN
F438,Payroll reconciliation,HR & Payroll,FULL_RESPONSIVE,FULL,OPT_IN_ONLY_WHERE_DOSSIER_REQUIRES,FULL_OPERATOR_EXPERIENCE,WCAG_2_2_AA_INTENT,FROZEN
F439,Provident Fund (PF),HR & Payroll,FULL_RESPONSIVE,FULL,OPT_IN_ONLY_WHERE_DOSSIER_REQUIRES,FULL_OPERATOR_EXPERIENCE,WCAG_2_2_AA_INTENT,FROZEN
F440,ESIC,HR & Payroll,FULL_RESPONSIVE,FULL,OPT_IN_ONLY_WHERE_DOSSIER_REQUIRES,FULL_OPERATOR_EXPERIENCE,WCAG_2_2_AA_INTENT,FROZEN
F441,Professional Tax,HR & Payroll,FULL_RESPONSIVE,FULL,OPT_IN_ONLY_WHERE_DOSSIER_REQUIRES,FULL_OPERATOR_EXPERIENCE,WCAG_2_2_AA_INTENT,FROZEN
F442,TDS,HR & Payroll,FULL_RESPONSIVE,FULL,OPT_IN_ONLY_WHERE_DOSSIER_REQUIRES,FULL_OPERATOR_EXPERIENCE,WCAG_2_2_AA_INTENT,FROZEN
F443,Labour Welfare Fund where applicable,HR & Payroll,FULL_RESPONSIVE,FULL,OPT_IN_ONLY_WHERE_DOSSIER_REQUIRES,FULL_OPERATOR_EXPERIENCE,WCAG_2_2_AA_INTENT,FROZEN
F444,Gratuity,HR & Payroll,FULL_RESPONSIVE,FULL,OPT_IN_ONLY_WHERE_DOSSIER_REQUIRES,FULL_OPERATOR_EXPERIENCE,WCAG_2_2_AA_INTENT,FROZEN
F445,Statutory reports,HR & Payroll,FULL_RESPONSIVE,READ_ONLY,OPT_IN_ONLY_WHERE_DOSSIER_REQUIRES,FULL_OPERATOR_EXPERIENCE,WCAG_2_2_AA_INTENT,FROZEN
F446,State-specific statutory configuration,HR & Payroll,FULL_RESPONSIVE,FULL,OPT_IN_ONLY_WHERE_DOSSIER_REQUIRES,FULL_OPERATOR_EXPERIENCE,WCAG_2_2_AA_INTENT,FROZEN
F447,Payroll compliance reports,HR & Payroll,FULL_RESPONSIVE,READ_ONLY,OPT_IN_ONLY_WHERE_DOSSIER_REQUIRES,FULL_OPERATOR_EXPERIENCE,WCAG_2_2_AA_INTENT,FROZEN
F448,Goals,HR & Payroll,FULL_RESPONSIVE,FULL,OPT_IN_ONLY_WHERE_DOSSIER_REQUIRES,FULL_OPERATOR_EXPERIENCE,WCAG_2_2_AA_INTENT,FROZEN
F449,Appraisals,HR & Payroll,FULL_RESPONSIVE,FULL,OPT_IN_ONLY_WHERE_DOSSIER_REQUIRES,FULL_OPERATOR_EXPERIENCE,WCAG_2_2_AA_INTENT,FROZEN
F450,Performance reviews,HR & Payroll,FULL_RESPONSIVE,FULL,OPT_IN_ONLY_WHERE_DOSSIER_REQUIRES,FULL_OPERATOR_EXPERIENCE,WCAG_2_2_AA_INTENT,FROZEN
F451,Skills,HR & Payroll,FULL_RESPONSIVE,FULL,OPT_IN_ONLY_WHERE_DOSSIER_REQUIRES,FULL_OPERATOR_EXPERIENCE,WCAG_2_2_AA_INTENT,FROZEN
F452,Training,HR & Payroll,FULL_RESPONSIVE,FULL,OPT_IN_ONLY_WHERE_DOSSIER_REQUIRES,FULL_OPERATOR_EXPERIENCE,WCAG_2_2_AA_INTENT,FROZEN
F453,Chart of Accounts,Accounting / Finance,FULL_RESPONSIVE,READ_ONLY,OPT_IN_ONLY_WHERE_DOSSIER_REQUIRES,FULL_OPERATOR_EXPERIENCE,WCAG_2_2_AA_INTENT,FROZEN
F454,General Ledger,Accounting / Finance,FULL_RESPONSIVE,READ_ONLY,OPT_IN_ONLY_WHERE_DOSSIER_REQUIRES,FULL_OPERATOR_EXPERIENCE,WCAG_2_2_AA_INTENT,FROZEN
F455,Journal entries,Accounting / Finance,FULL_RESPONSIVE,APPROVAL_ONLY,OPT_IN_ONLY_WHERE_DOSSIER_REQUIRES,FULL_OPERATOR_EXPERIENCE,WCAG_2_2_AA_INTENT,FROZEN
F456,Double-entry enforcement,Accounting / Finance,FULL_RESPONSIVE,READ_ONLY,OPT_IN_ONLY_WHERE_DOSSIER_REQUIRES,FULL_OPERATOR_EXPERIENCE,WCAG_2_2_AA_INTENT,FROZEN
F457,Fiscal years,Accounting / Finance,FULL_RESPONSIVE,READ_ONLY,OPT_IN_ONLY_WHERE_DOSSIER_REQUIRES,FULL_OPERATOR_EXPERIENCE,WCAG_2_2_AA_INTENT,FROZEN
F458,Accounting periods,Accounting / Finance,FULL_RESPONSIVE,READ_ONLY,OPT_IN_ONLY_WHERE_DOSSIER_REQUIRES,FULL_OPERATOR_EXPERIENCE,WCAG_2_2_AA_INTENT,FROZEN
F459,Period locks,Accounting / Finance,FULL_RESPONSIVE,APPROVAL_ONLY,OPT_IN_ONLY_WHERE_DOSSIER_REQUIRES,FULL_OPERATOR_EXPERIENCE,WCAG_2_2_AA_INTENT,FROZEN
F460,Cost centres,Accounting / Finance,FULL_RESPONSIVE,READ_ONLY,OPT_IN_ONLY_WHERE_DOSSIER_REQUIRES,FULL_OPERATOR_EXPERIENCE,WCAG_2_2_AA_INTENT,FROZEN
F461,Departments / financial dimensions,Accounting / Finance,FULL_RESPONSIVE,READ_ONLY,OPT_IN_ONLY_WHERE_DOSSIER_REQUIRES,FULL_OPERATOR_EXPERIENCE,WCAG_2_2_AA_INTENT,FROZEN
F462,Custom accounting dimensions,Accounting / Finance,FULL_RESPONSIVE,READ_ONLY,OPT_IN_ONLY_WHERE_DOSSIER_REQUIRES,FULL_OPERATOR_EXPERIENCE,WCAG_2_2_AA_INTENT,FROZEN
F463,Customer invoices,Accounting / Finance,FULL_RESPONSIVE,READ_ONLY,OPT_IN_ONLY_WHERE_DOSSIER_REQUIRES,FULL_OPERATOR_EXPERIENCE,WCAG_2_2_AA_INTENT,FROZEN
F464,Credit notes,Accounting / Finance,FULL_RESPONSIVE,APPROVAL_ONLY,OPT_IN_ONLY_WHERE_DOSSIER_REQUIRES,FULL_OPERATOR_EXPERIENCE,WCAG_2_2_AA_INTENT,FROZEN
F465,Customer receipts,Accounting / Finance,FULL_RESPONSIVE,FIELD_OPTIMIZED,OPT_IN_ONLY_WHERE_DOSSIER_REQUIRES,FULL_OPERATOR_EXPERIENCE,WCAG_2_2_AA_INTENT,FROZEN
F466,Payment allocation,Accounting / Finance,FULL_RESPONSIVE,APPROVAL_ONLY,OPT_IN_ONLY_WHERE_DOSSIER_REQUIRES,FULL_OPERATOR_EXPERIENCE,WCAG_2_2_AA_INTENT,FROZEN
F467,Outstanding balances,Accounting / Finance,FULL_RESPONSIVE,READ_ONLY,OPT_IN_ONLY_WHERE_DOSSIER_REQUIRES,FULL_OPERATOR_EXPERIENCE,WCAG_2_2_AA_INTENT,FROZEN
F468,AR aging,Accounting / Finance,FULL_RESPONSIVE,READ_ONLY,OPT_IN_ONLY_WHERE_DOSSIER_REQUIRES,FULL_OPERATOR_EXPERIENCE,WCAG_2_2_AA_INTENT,FROZEN
F469,Customer statements,Accounting / Finance,FULL_RESPONSIVE,READ_ONLY,OPT_IN_ONLY_WHERE_DOSSIER_REQUIRES,FULL_OPERATOR_EXPERIENCE,WCAG_2_2_AA_INTENT,FROZEN
F470,Credit control,Accounting / Finance,FULL_RESPONSIVE,APPROVAL_ONLY,OPT_IN_ONLY_WHERE_DOSSIER_REQUIRES,FULL_OPERATOR_EXPERIENCE,WCAG_2_2_AA_INTENT,FROZEN
F471,Supplier invoices,Accounting / Finance,FULL_RESPONSIVE,READ_ONLY,OPT_IN_ONLY_WHERE_DOSSIER_REQUIRES,FULL_OPERATOR_EXPERIENCE,WCAG_2_2_AA_INTENT,FROZEN
F472,Debit notes,Accounting / Finance,FULL_RESPONSIVE,APPROVAL_ONLY,OPT_IN_ONLY_WHERE_DOSSIER_REQUIRES,FULL_OPERATOR_EXPERIENCE,WCAG_2_2_AA_INTENT,FROZEN
F473,Supplier payments,Accounting / Finance,FULL_RESPONSIVE,APPROVAL_ONLY,OPT_IN_ONLY_WHERE_DOSSIER_REQUIRES,FULL_OPERATOR_EXPERIENCE,WCAG_2_2_AA_INTENT,FROZEN
F474,Supplier payment allocation,Accounting / Finance,FULL_RESPONSIVE,APPROVAL_ONLY,OPT_IN_ONLY_WHERE_DOSSIER_REQUIRES,FULL_OPERATOR_EXPERIENCE,WCAG_2_2_AA_INTENT,FROZEN
F475,AP aging,Accounting / Finance,FULL_RESPONSIVE,READ_ONLY,OPT_IN_ONLY_WHERE_DOSSIER_REQUIRES,FULL_OPERATOR_EXPERIENCE,WCAG_2_2_AA_INTENT,FROZEN
F476,Bank accounts,Accounting / Finance,FULL_RESPONSIVE,READ_ONLY,OPT_IN_ONLY_WHERE_DOSSIER_REQUIRES,FULL_OPERATOR_EXPERIENCE,WCAG_2_2_AA_INTENT,FROZEN
F477,Cash accounts,Accounting / Finance,FULL_RESPONSIVE,READ_ONLY,OPT_IN_ONLY_WHERE_DOSSIER_REQUIRES,FULL_OPERATOR_EXPERIENCE,WCAG_2_2_AA_INTENT,FROZEN
F478,Bank transactions,Accounting / Finance,FULL_RESPONSIVE,READ_ONLY,OPT_IN_ONLY_WHERE_DOSSIER_REQUIRES,FULL_OPERATOR_EXPERIENCE,WCAG_2_2_AA_INTENT,FROZEN
F479,Bank reconciliation,Accounting / Finance,FULL_RESPONSIVE,READ_ONLY,OPT_IN_ONLY_WHERE_DOSSIER_REQUIRES,FULL_OPERATOR_EXPERIENCE,WCAG_2_2_AA_INTENT,FROZEN
F480,Payment reconciliation,Accounting / Finance,FULL_RESPONSIVE,APPROVAL_ONLY,OPT_IN_ONLY_WHERE_DOSSIER_REQUIRES,FULL_OPERATOR_EXPERIENCE,WCAG_2_2_AA_INTENT,FROZEN
F481,Tax codes,Accounting / Finance,FULL_RESPONSIVE,READ_ONLY,OPT_IN_ONLY_WHERE_DOSSIER_REQUIRES,FULL_OPERATOR_EXPERIENCE,WCAG_2_2_AA_INTENT,FROZEN
F482,Tax calculation,Accounting / Finance,FULL_RESPONSIVE,READ_ONLY,OPT_IN_ONLY_WHERE_DOSSIER_REQUIRES,FULL_OPERATOR_EXPERIENCE,WCAG_2_2_AA_INTENT,FROZEN
F483,GST,Accounting / Finance,FULL_RESPONSIVE,READ_ONLY,OPT_IN_ONLY_WHERE_DOSSIER_REQUIRES,FULL_OPERATOR_EXPERIENCE,WCAG_2_2_AA_INTENT,FROZEN
F484,CGST / SGST / IGST,Accounting / Finance,FULL_RESPONSIVE,READ_ONLY,OPT_IN_ONLY_WHERE_DOSSIER_REQUIRES,FULL_OPERATOR_EXPERIENCE,WCAG_2_2_AA_INTENT,FROZEN
F485,TDS,Accounting / Finance,FULL_RESPONSIVE,READ_ONLY,OPT_IN_ONLY_WHERE_DOSSIER_REQUIRES,FULL_OPERATOR_EXPERIENCE,WCAG_2_2_AA_INTENT,FROZEN
F486,TCS,Accounting / Finance,FULL_RESPONSIVE,READ_ONLY,OPT_IN_ONLY_WHERE_DOSSIER_REQUIRES,FULL_OPERATOR_EXPERIENCE,WCAG_2_2_AA_INTENT,FROZEN
F487,Tax reports,Accounting / Finance,FULL_RESPONSIVE,READ_ONLY,OPT_IN_ONLY_WHERE_DOSSIER_REQUIRES,FULL_OPERATOR_EXPERIENCE,WCAG_2_2_AA_INTENT,FROZEN
F488,Budgets,Accounting / Finance,FULL_RESPONSIVE,READ_ONLY,OPT_IN_ONLY_WHERE_DOSSIER_REQUIRES,FULL_OPERATOR_EXPERIENCE,WCAG_2_2_AA_INTENT,FROZEN
F489,Budget vs actual,Accounting / Finance,FULL_RESPONSIVE,READ_ONLY,OPT_IN_ONLY_WHERE_DOSSIER_REQUIRES,FULL_OPERATOR_EXPERIENCE,WCAG_2_2_AA_INTENT,FROZEN
F490,Recurring journals,Accounting / Finance,FULL_RESPONSIVE,APPROVAL_ONLY,OPT_IN_ONLY_WHERE_DOSSIER_REQUIRES,FULL_OPERATOR_EXPERIENCE,WCAG_2_2_AA_INTENT,FROZEN
F491,Accruals,Accounting / Finance,FULL_RESPONSIVE,READ_ONLY,OPT_IN_ONLY_WHERE_DOSSIER_REQUIRES,FULL_OPERATOR_EXPERIENCE,WCAG_2_2_AA_INTENT,FROZEN
F492,Deferrals and prepayments,Accounting / Finance,FULL_RESPONSIVE,APPROVAL_ONLY,OPT_IN_ONLY_WHERE_DOSSIER_REQUIRES,FULL_OPERATOR_EXPERIENCE,WCAG_2_2_AA_INTENT,FROZEN
F493,Revenue recognition,Accounting / Finance,FULL_RESPONSIVE,READ_ONLY,OPT_IN_ONLY_WHERE_DOSSIER_REQUIRES,FULL_OPERATOR_EXPERIENCE,WCAG_2_2_AA_INTENT,FROZEN
F494,Multi-currency,Accounting / Finance,FULL_RESPONSIVE,READ_ONLY,OPT_IN_ONLY_WHERE_DOSSIER_REQUIRES,FULL_OPERATOR_EXPERIENCE,WCAG_2_2_AA_INTENT,FROZEN
F495,Exchange rates,Accounting / Finance,FULL_RESPONSIVE,READ_ONLY,OPT_IN_ONLY_WHERE_DOSSIER_REQUIRES,FULL_OPERATOR_EXPERIENCE,WCAG_2_2_AA_INTENT,FROZEN
F496,FX gains and losses,Accounting / Finance,FULL_RESPONSIVE,READ_ONLY,OPT_IN_ONLY_WHERE_DOSSIER_REQUIRES,FULL_OPERATOR_EXPERIENCE,WCAG_2_2_AA_INTENT,FROZEN
F497,Intercompany,Accounting / Finance,FULL_RESPONSIVE,READ_ONLY,OPT_IN_ONLY_WHERE_DOSSIER_REQUIRES,FULL_OPERATOR_EXPERIENCE,WCAG_2_2_AA_INTENT,FROZEN
F498,Multi-company,Accounting / Finance,FULL_RESPONSIVE,READ_ONLY,OPT_IN_ONLY_WHERE_DOSSIER_REQUIRES,FULL_OPERATOR_EXPERIENCE,WCAG_2_2_AA_INTENT,FROZEN
F499,Consolidation,Accounting / Finance,FULL_RESPONSIVE,READ_ONLY,OPT_IN_ONLY_WHERE_DOSSIER_REQUIRES,FULL_OPERATOR_EXPERIENCE,WCAG_2_2_AA_INTENT,FROZEN
F500,Financial close,Accounting / Finance,FULL_RESPONSIVE,APPROVAL_ONLY,OPT_IN_ONLY_WHERE_DOSSIER_REQUIRES,FULL_OPERATOR_EXPERIENCE,WCAG_2_2_AA_INTENT,FROZEN
F501,Trial balance,Accounting / Finance,FULL_RESPONSIVE,READ_ONLY,OPT_IN_ONLY_WHERE_DOSSIER_REQUIRES,FULL_OPERATOR_EXPERIENCE,WCAG_2_2_AA_INTENT,FROZEN
F502,Profit & Loss,Accounting / Finance,FULL_RESPONSIVE,READ_ONLY,OPT_IN_ONLY_WHERE_DOSSIER_REQUIRES,FULL_OPERATOR_EXPERIENCE,WCAG_2_2_AA_INTENT,FROZEN
F503,Balance Sheet,Accounting / Finance,FULL_RESPONSIVE,READ_ONLY,OPT_IN_ONLY_WHERE_DOSSIER_REQUIRES,FULL_OPERATOR_EXPERIENCE,WCAG_2_2_AA_INTENT,FROZEN
F504,Cash Flow Statement,Accounting / Finance,FULL_RESPONSIVE,READ_ONLY,OPT_IN_ONLY_WHERE_DOSSIER_REQUIRES,FULL_OPERATOR_EXPERIENCE,WCAG_2_2_AA_INTENT,FROZEN
F505,General Ledger report,Accounting / Finance,FULL_RESPONSIVE,READ_ONLY,OPT_IN_ONLY_WHERE_DOSSIER_REQUIRES,FULL_OPERATOR_EXPERIENCE,WCAG_2_2_AA_INTENT,FROZEN
F506,AR aging report,Accounting / Finance,FULL_RESPONSIVE,READ_ONLY,OPT_IN_ONLY_WHERE_DOSSIER_REQUIRES,FULL_OPERATOR_EXPERIENCE,WCAG_2_2_AA_INTENT,FROZEN
F507,AP aging report,Accounting / Finance,FULL_RESPONSIVE,READ_ONLY,OPT_IN_ONLY_WHERE_DOSSIER_REQUIRES,FULL_OPERATOR_EXPERIENCE,WCAG_2_2_AA_INTENT,FROZEN
F508,Cost-centre / dimension reports,Accounting / Finance,FULL_RESPONSIVE,READ_ONLY,OPT_IN_ONLY_WHERE_DOSSIER_REQUIRES,FULL_OPERATOR_EXPERIENCE,WCAG_2_2_AA_INTENT,FROZEN
F509,Financial dashboards,Accounting / Finance,FULL_RESPONSIVE,READ_ONLY,OPT_IN_ONLY_WHERE_DOSSIER_REQUIRES,FULL_OPERATOR_EXPERIENCE,WCAG_2_2_AA_INTENT,FROZEN
F510,Audit trail,Accounting / Finance,FULL_RESPONSIVE,READ_ONLY,OPT_IN_ONLY_WHERE_DOSSIER_REQUIRES,FULL_OPERATOR_EXPERIENCE,WCAG_2_2_AA_INTENT,FROZEN
